USE [db_campana_core]

SET IDENTITY_INSERT [dbo].[accion_restos_campana] ON 

INSERT [dbo].[accion_restos_campana] ([accion_restos_campana_id]) VALUES (1)
INSERT [dbo].[accion_restos_campana] ([accion_restos_campana_id]) VALUES (2)
INSERT [dbo].[accion_restos_campana] ([accion_restos_campana_id]) VALUES (3)
INSERT [dbo].[accion_restos_campana] ([accion_restos_campana_id]) VALUES (4)
INSERT [dbo].[accion_restos_campana] ([accion_restos_campana_id]) VALUES (5)
INSERT [dbo].[accion_restos_campana] ([accion_restos_campana_id]) VALUES (6)
INSERT [dbo].[accion_restos_campana] ([accion_restos_campana_id]) VALUES (7)
INSERT [dbo].[accion_restos_campana] ([accion_restos_campana_id]) VALUES (8)
INSERT [dbo].[accion_restos_campana] ([accion_restos_campana_id]) VALUES (9)
INSERT [dbo].[accion_restos_campana] ([accion_restos_campana_id]) VALUES (10)
INSERT [dbo].[accion_restos_campana] ([accion_restos_campana_id]) VALUES (11)
INSERT [dbo].[accion_restos_campana] ([accion_restos_campana_id]) VALUES (12)
INSERT [dbo].[accion_restos_campana] ([accion_restos_campana_id]) VALUES (13)
INSERT [dbo].[accion_restos_campana] ([accion_restos_campana_id]) VALUES (14)
INSERT [dbo].[accion_restos_campana] ([accion_restos_campana_id]) VALUES (15)
INSERT [dbo].[accion_restos_campana] ([accion_restos_campana_id]) VALUES (16)
INSERT [dbo].[accion_restos_campana] ([accion_restos_campana_id]) VALUES (17)
INSERT [dbo].[accion_restos_campana] ([accion_restos_campana_id]) VALUES (18)
SET IDENTITY_INSERT [dbo].[accion_restos_campana] OFF
SET IDENTITY_INSERT [dbo].[accion_restos_proveedor] ON 

INSERT [dbo].[accion_restos_proveedor] ([accion_restos_proveedor_id], [nombre]) VALUES (1, N'Que el proveedor los destruya')
INSERT [dbo].[accion_restos_proveedor] ([accion_restos_proveedor_id], [nombre]) VALUES (2, N'Devolver a almacén')
SET IDENTITY_INSERT [dbo].[accion_restos_proveedor] OFF
INSERT [dbo].[accion_restos_campana_proveedor] ([accion_restos_campana_id], [accion_restos_proveedor_id]) VALUES (3, 2)
INSERT [dbo].[accion_restos_campana_proveedor] ([accion_restos_campana_id], [accion_restos_proveedor_id]) VALUES (4, 1)
INSERT [dbo].[accion_restos_campana_proveedor] ([accion_restos_campana_id], [accion_restos_proveedor_id]) VALUES (6, 1)
INSERT [dbo].[accion_restos_campana_proveedor] ([accion_restos_campana_id], [accion_restos_proveedor_id]) VALUES (7, 1)
INSERT [dbo].[accion_restos_campana_proveedor] ([accion_restos_campana_id], [accion_restos_proveedor_id]) VALUES (8, 1)
INSERT [dbo].[accion_restos_campana_proveedor] ([accion_restos_campana_id], [accion_restos_proveedor_id]) VALUES (9, 1)
INSERT [dbo].[accion_restos_campana_proveedor] ([accion_restos_campana_id], [accion_restos_proveedor_id]) VALUES (10, 1)
INSERT [dbo].[accion_restos_campana_proveedor] ([accion_restos_campana_id], [accion_restos_proveedor_id]) VALUES (11, 2)
INSERT [dbo].[accion_restos_campana_proveedor] ([accion_restos_campana_id], [accion_restos_proveedor_id]) VALUES (12, 1)
INSERT [dbo].[accion_restos_campana_proveedor] ([accion_restos_campana_id], [accion_restos_proveedor_id]) VALUES (13, 1)
INSERT [dbo].[accion_restos_campana_proveedor] ([accion_restos_campana_id], [accion_restos_proveedor_id]) VALUES (14, 1)
INSERT [dbo].[accion_restos_campana_proveedor] ([accion_restos_campana_id], [accion_restos_proveedor_id]) VALUES (15, 1)
INSERT [dbo].[accion_restos_campana_proveedor] ([accion_restos_campana_id], [accion_restos_proveedor_id]) VALUES (16, 2)
INSERT [dbo].[accion_restos_campana_proveedor] ([accion_restos_campana_id], [accion_restos_proveedor_id]) VALUES (17, 1)
INSERT [dbo].[accion_restos_campana_proveedor] ([accion_restos_campana_id], [accion_restos_proveedor_id]) VALUES (18, 1)
SET IDENTITY_INSERT [dbo].[accion_restos_cargos_campana] ON 

INSERT [dbo].[accion_restos_cargos_campana] ([accion_restos_cargos_campana_id], [accion_restos_campana_id]) VALUES (1, 1)
INSERT [dbo].[accion_restos_cargos_campana] ([accion_restos_cargos_campana_id], [accion_restos_campana_id]) VALUES (2, 3)
INSERT [dbo].[accion_restos_cargos_campana] ([accion_restos_cargos_campana_id], [accion_restos_campana_id]) VALUES (3, 5)
INSERT [dbo].[accion_restos_cargos_campana] ([accion_restos_cargos_campana_id], [accion_restos_campana_id]) VALUES (4, 7)
INSERT [dbo].[accion_restos_cargos_campana] ([accion_restos_cargos_campana_id], [accion_restos_campana_id]) VALUES (5, 9)
INSERT [dbo].[accion_restos_cargos_campana] ([accion_restos_cargos_campana_id], [accion_restos_campana_id]) VALUES (6, 11)
INSERT [dbo].[accion_restos_cargos_campana] ([accion_restos_cargos_campana_id], [accion_restos_campana_id]) VALUES (7, 13)
INSERT [dbo].[accion_restos_cargos_campana] ([accion_restos_cargos_campana_id], [accion_restos_campana_id]) VALUES (8, 15)
INSERT [dbo].[accion_restos_cargos_campana] ([accion_restos_cargos_campana_id], [accion_restos_campana_id]) VALUES (9, 17)
SET IDENTITY_INSERT [dbo].[accion_restos_cargos_campana] OFF
SET IDENTITY_INSERT [dbo].[accion_restos_rezagos_campana] ON 

INSERT [dbo].[accion_restos_rezagos_campana] ([accion_restos_rezagos_campana_id], [accion_restos_campana_id]) VALUES (1, 2)
INSERT [dbo].[accion_restos_rezagos_campana] ([accion_restos_rezagos_campana_id], [accion_restos_campana_id]) VALUES (2, 4)
INSERT [dbo].[accion_restos_rezagos_campana] ([accion_restos_rezagos_campana_id], [accion_restos_campana_id]) VALUES (3, 6)
INSERT [dbo].[accion_restos_rezagos_campana] ([accion_restos_rezagos_campana_id], [accion_restos_campana_id]) VALUES (4, 8)
INSERT [dbo].[accion_restos_rezagos_campana] ([accion_restos_rezagos_campana_id], [accion_restos_campana_id]) VALUES (5, 10)
INSERT [dbo].[accion_restos_rezagos_campana] ([accion_restos_rezagos_campana_id], [accion_restos_campana_id]) VALUES (6, 12)
INSERT [dbo].[accion_restos_rezagos_campana] ([accion_restos_rezagos_campana_id], [accion_restos_campana_id]) VALUES (7, 14)
INSERT [dbo].[accion_restos_rezagos_campana] ([accion_restos_rezagos_campana_id], [accion_restos_campana_id]) VALUES (8, 16)
INSERT [dbo].[accion_restos_rezagos_campana] ([accion_restos_rezagos_campana_id], [accion_restos_campana_id]) VALUES (9, 18)
SET IDENTITY_INSERT [dbo].[accion_restos_rezagos_campana] OFF
INSERT [dbo].[informacion_devolucion_restos] ([contacto], [direccion], [observacion], [accion_restos_campana_id]) VALUES (N'ZXCZXC', N'ZXCZXCZXC', N'ZXCZXCZ', 1)
INSERT [dbo].[informacion_devolucion_restos] ([contacto], [direccion], [observacion], [accion_restos_campana_id]) VALUES (N'XCZXCZXC', N'ZXCZXCZX', N'CXZCZXC', 2)
INSERT [dbo].[informacion_devolucion_restos] ([contacto], [direccion], [observacion], [accion_restos_campana_id]) VALUES (N'dasdasd', N'asdas', N'dasdasd', 5)
SET IDENTITY_INSERT [dbo].[auspiciador] ON 

INSERT [dbo].[auspiciador] ([auspiciador_id]) VALUES (1)
INSERT [dbo].[auspiciador] ([auspiciador_id]) VALUES (2)
INSERT [dbo].[auspiciador] ([auspiciador_id]) VALUES (3)
INSERT [dbo].[auspiciador] ([auspiciador_id]) VALUES (4)
INSERT [dbo].[auspiciador] ([auspiciador_id]) VALUES (5)
INSERT [dbo].[auspiciador] ([auspiciador_id]) VALUES (6)
INSERT [dbo].[auspiciador] ([auspiciador_id]) VALUES (7)
INSERT [dbo].[auspiciador] ([auspiciador_id]) VALUES (8)
INSERT [dbo].[auspiciador] ([auspiciador_id]) VALUES (9)
SET IDENTITY_INSERT [dbo].[auspiciador] OFF
SET IDENTITY_INSERT [dbo].[proveedor_impresion] ON 

INSERT [dbo].[proveedor_impresion] ([proveedor_impresion_id], [contacto], [direccion], [fecha_recojo], [nombre]) VALUES (1, N'asdasdsdasd', N'asdasd', CAST(N'2018-12-30T15:50:00.0000000' AS DateTime2), N'asdsad')
SET IDENTITY_INSERT [dbo].[proveedor_impresion] OFF
SET IDENTITY_INSERT [dbo].[tipo_campana] ON 

INSERT [dbo].[tipo_campana] ([tipo_campana_id], [nombre]) VALUES (1, N'SENSIBLE')
INSERT [dbo].[tipo_campana] ([tipo_campana_id], [nombre]) VALUES (2, N'NO SENSIBLE')
SET IDENTITY_INSERT [dbo].[tipo_campana] OFF
SET IDENTITY_INSERT [dbo].[tipo_destino] ON 

INSERT [dbo].[tipo_destino] ([tipo_destino_id], [nombre]) VALUES (1, N'INTERNA')
INSERT [dbo].[tipo_destino] ([tipo_destino_id], [nombre]) VALUES (2, N'EXTERNA')
SET IDENTITY_INSERT [dbo].[tipo_destino] OFF

SET IDENTITY_INSERT [dbo].[region] ON 
INSERT [dbo].[region] ([region_id], [nombre], [plazo]) VALUES (1,'Lima',5)
INSERT [dbo].[region] ([region_id], [nombre], [plazo]) VALUES (2,'Provincia',10)
SET IDENTITY_INSERT [dbo].[region] OFF

SET IDENTITY_INSERT [dbo].[campana] ON 

INSERT [dbo].[campana] ([campana_id], [autorizado], [buzon_id], [costo_campana], [nombre], [observacion], [paquete_habilitado_id], [plazo_id], [proveedor_id], [regulatorio], [requiere_georreferencia], [requiere_gps], [ruta_autorizacion], [ruta_muestra], [tipo_documento_id], [accion_restos_cargos_campana_id], [accion_restos_rezagos_campana_id], [auspiciador_id], [proveedor_impresion_id], [tipo_campana], [tipo_destino_id]) VALUES (1, 0, 1, 540, N'CAMPAÑA 1', NULL, 5, 1, 2, 0, 1, 0, NULL, NULL, 1, 1, 1, 1, NULL, 2, 1)
INSERT [dbo].[campana] ([campana_id], [autorizado], [buzon_id], [costo_campana], [nombre], [observacion], [paquete_habilitado_id], [plazo_id], [proveedor_id], [regulatorio], [requiere_georreferencia], [requiere_gps], [ruta_autorizacion], [ruta_muestra], [tipo_documento_id], [accion_restos_cargos_campana_id], [accion_restos_rezagos_campana_id], [auspiciador_id], [proveedor_impresion_id], [tipo_campana], [tipo_destino_id]) VALUES (2, 0, 1, 4750, N'czvxcvcv', NULL, NULL, 1, 1, 0, 1, 0, NULL, NULL, 1, 2, 2, 2, NULL, 1, 1)
INSERT [dbo].[campana] ([campana_id], [autorizado], [buzon_id], [costo_campana], [nombre], [observacion], [paquete_habilitado_id], [plazo_id], [proveedor_id], [regulatorio], [requiere_georreferencia], [requiere_gps], [ruta_autorizacion], [ruta_muestra], [tipo_documento_id], [accion_restos_cargos_campana_id], [accion_restos_rezagos_campana_id], [auspiciador_id], [proveedor_impresion_id], [tipo_campana], [tipo_destino_id]) VALUES (3, 0, 1, NULL, N'asdasdasdas', NULL, 1, 4, NULL, 0, 1, 0, NULL, NULL, 1, 3, 3, 3, 1, NULL, 1)
INSERT [dbo].[campana] ([campana_id], [autorizado], [buzon_id], [costo_campana], [nombre], [observacion], [paquete_habilitado_id], [plazo_id], [proveedor_id], [regulatorio], [requiere_georreferencia], [requiere_gps], [ruta_autorizacion], [ruta_muestra], [tipo_documento_id], [accion_restos_cargos_campana_id], [accion_restos_rezagos_campana_id], [auspiciador_id], [proveedor_impresion_id], [tipo_campana], [tipo_destino_id]) VALUES (4, 0, 1, 1500, N'Campaña Regalos ', N'', 1, 1, 1, 1, 1, 1, NULL, NULL, 1, 4, 4, 4, NULL, 1, 2)
INSERT [dbo].[campana] ([campana_id], [autorizado], [buzon_id], [costo_campana], [nombre], [observacion], [paquete_habilitado_id], [plazo_id], [proveedor_id], [regulatorio], [requiere_georreferencia], [requiere_gps], [ruta_autorizacion], [ruta_muestra], [tipo_documento_id], [accion_restos_cargos_campana_id], [accion_restos_rezagos_campana_id], [auspiciador_id], [proveedor_impresion_id], [tipo_campana], [tipo_destino_id]) VALUES (5, 0, 1, 1500, N'Campaña Navidad', NULL, 5, 1, 1, 1, 1, 1, NULL, NULL, 1, 5, 5, 5, NULL, 1, 2)
INSERT [dbo].[campana] ([campana_id], [autorizado], [buzon_id], [costo_campana], [nombre], [observacion], [paquete_habilitado_id], [plazo_id], [proveedor_id], [regulatorio], [requiere_georreferencia], [requiere_gps], [ruta_autorizacion], [ruta_muestra], [tipo_documento_id], [accion_restos_cargos_campana_id], [accion_restos_rezagos_campana_id], [auspiciador_id], [proveedor_impresion_id], [tipo_campana], [tipo_destino_id]) VALUES (6, 0, 1, 1600, N'Campaña Deporte', N'', 1, 1, 1, 0, 1, 0, NULL, NULL, 2, 6, 6, 6, NULL, 1, 2)
INSERT [dbo].[campana] ([campana_id], [autorizado], [buzon_id], [costo_campana], [nombre], [observacion], [paquete_habilitado_id], [plazo_id], [proveedor_id], [regulatorio], [requiere_georreferencia], [requiere_gps], [ruta_autorizacion], [ruta_muestra], [tipo_documento_id], [accion_restos_cargos_campana_id], [accion_restos_rezagos_campana_id], [auspiciador_id], [proveedor_impresion_id], [tipo_campana], [tipo_destino_id]) VALUES (7, 0, 1, 2000, N'Campaña Polos ', N'', 7, 1, 2, 0, 1, 0, NULL, NULL, 1, 7, 7, 7, NULL, 1, 2)
INSERT [dbo].[campana] ([campana_id], [autorizado], [buzon_id], [costo_campana], [nombre], [observacion], [paquete_habilitado_id], [plazo_id], [proveedor_id], [regulatorio], [requiere_georreferencia], [requiere_gps], [ruta_autorizacion], [ruta_muestra], [tipo_documento_id], [accion_restos_cargos_campana_id], [accion_restos_rezagos_campana_id], [auspiciador_id], [proveedor_impresion_id], [tipo_campana], [tipo_destino_id]) VALUES (8, 0, 1, NULL, N'Campaña Repelentes 2019', N'', 3, 1, NULL, 0, 1, 1, NULL, NULL, 1, 8, 8, 8, NULL, NULL, 2)
INSERT [dbo].[campana] ([campana_id], [autorizado], [buzon_id], [costo_campana], [nombre], [observacion], [paquete_habilitado_id], [plazo_id], [proveedor_id], [regulatorio], [requiere_georreferencia], [requiere_gps], [ruta_autorizacion], [ruta_muestra], [tipo_documento_id], [accion_restos_cargos_campana_id], [accion_restos_rezagos_campana_id], [auspiciador_id], [proveedor_impresion_id], [tipo_campana], [tipo_destino_id]) VALUES (9, 0, 1, NULL, N'Campaña Relojes ', N'', 1, 1, NULL, 1, 1, 1, NULL, NULL, 2, 9, 9, 9, NULL, NULL, 2)
SET IDENTITY_INSERT [dbo].[campana] OFF
INSERT [dbo].[empresa_auspiciadora] ([contacto], [direccion], [razon_social], [ruc], [auspiciador_id]) VALUES (N'SDASDASD', N'DASDASDA', N'ASDASDASD', N'SADASDASDAS', 1)
INSERT [dbo].[empresa_auspiciadora] ([contacto], [direccion], [razon_social], [ruc], [auspiciador_id]) VALUES (N'xcvxcvxcv', N'xcvxcvcxv', N'xcvcxv', N'cxvcxv', 2)
INSERT [dbo].[grupo_centro_costos] ([auspiciador_id]) VALUES (3)
INSERT [dbo].[grupo_centro_costos] ([auspiciador_id]) VALUES (4)
INSERT [dbo].[grupo_centro_costos] ([auspiciador_id]) VALUES (5)
INSERT [dbo].[grupo_centro_costos] ([auspiciador_id]) VALUES (6)
INSERT [dbo].[grupo_centro_costos] ([auspiciador_id]) VALUES (7)
INSERT [dbo].[grupo_centro_costos] ([auspiciador_id]) VALUES (8)
INSERT [dbo].[grupo_centro_costos] ([auspiciador_id]) VALUES (9)

SET IDENTITY_INSERT [dbo].[estado_item_campana] ON 
INSERT [dbo].[estado_item_campana] ([estado_item_campana_id], [nombre]) VALUES (1, N'ENTREGADO')
INSERT [dbo].[estado_item_campana] ([estado_item_campana_id], [nombre]) VALUES (2, N'REZAGADO')
INSERT [dbo].[estado_item_campana] ([estado_item_campana_id], [nombre]) VALUES (3, N'NO DISTRIBUIBLE')
INSERT [dbo].[estado_item_campana] ([estado_item_campana_id], [nombre]) VALUES (4, N'FALTANTE')
SET IDENTITY_INSERT [dbo].[estado_item_campana] OFF 


SET IDENTITY_INSERT [dbo].[item_campana] ON 	

INSERT [dbo].[item_campana] ([item_campana_id], [apellido_materno], [apellido_paterno], [correlativo], [correlativo_base], [direccion], [distrito_id], [enviable], [nombres], [razon_social], [campana_id], [estado_item_campana_id], [detalle]) VALUES (1, N'ORLANDO MARIO', N'CARRASCO', 0, 1, N'Jr. Los Cafetales Los Olivos', 1275, 0, N'HEREDIA', N'', 1, NULL, NULL)
INSERT [dbo].[item_campana] ([item_campana_id], [apellido_materno], [apellido_paterno], [correlativo], [correlativo_base], [direccion], [distrito_id], [enviable], [nombres], [razon_social], [campana_id], [estado_item_campana_id], [detalle]) VALUES (2, N'ORLANDO MARIO', N'CARRASCO', 0, 1, N'Jr. Los Cafetales Los Olivos', 1275, 1, N'HEREDIA', N'', 2, NULL, NULL)
INSERT [dbo].[item_campana] ([item_campana_id], [apellido_materno], [apellido_paterno], [correlativo], [correlativo_base], [direccion], [distrito_id], [enviable], [nombres], [razon_social], [campana_id], [estado_item_campana_id], [detalle]) VALUES (3, N'ORLANDO MARIO', N'CARRASCO', 0, 1, N'Jr. Los Cafetales Los Olivos', 1275, 0, N'HEREDIA', N'', 3, NULL, NULL)
INSERT [dbo].[item_campana] ([item_campana_id], [apellido_materno], [apellido_paterno], [correlativo], [correlativo_base], [direccion], [distrito_id], [enviable], [nombres], [razon_social], [campana_id], [estado_item_campana_id], [detalle]) VALUES (4, N'TOLEDO', N'CAMPOS', 0, 15, N'Ate', 1277, 0, N'CHRISTIAN', N'', 4, NULL, NULL)
INSERT [dbo].[item_campana] ([item_campana_id], [apellido_materno], [apellido_paterno], [correlativo], [correlativo_base], [direccion], [distrito_id], [enviable], [nombres], [razon_social], [campana_id], [estado_item_campana_id], [detalle]) VALUES (5, N'SAAVEDRA', N'SANTOS', 0, 11, N'LIMA', 1275, 0, N'LEIDY', N'', 4, NULL, NULL)
INSERT [dbo].[item_campana] ([item_campana_id], [apellido_materno], [apellido_paterno], [correlativo], [correlativo_base], [direccion], [distrito_id], [enviable], [nombres], [razon_social], [campana_id], [estado_item_campana_id], [detalle]) VALUES (6, N'VILLEGAS', N'SANDOVAL', 0, 10, N'Lurin', 1293, 0, N'JUAN', N'', 4, NULL, NULL)
INSERT [dbo].[item_campana] ([item_campana_id], [apellido_materno], [apellido_paterno], [correlativo], [correlativo_base], [direccion], [distrito_id], [enviable], [nombres], [razon_social], [campana_id], [estado_item_campana_id], [detalle]) VALUES (7, N'NAVA', N'FIGUEROA', 0, 8, N'Rímac', 1302, 0, N'MELISSA', N'', 4, NULL, NULL)
INSERT [dbo].[item_campana] ([item_campana_id], [apellido_materno], [apellido_paterno], [correlativo], [correlativo_base], [direccion], [distrito_id], [enviable], [nombres], [razon_social], [campana_id], [estado_item_campana_id], [detalle]) VALUES (8, N'RODRIGUEZ', N'SANTOS', 0, 20, N'Ilabaya', 1828, 0, N'RONALD', N'', 4, NULL, NULL)
INSERT [dbo].[item_campana] ([item_campana_id], [apellido_materno], [apellido_paterno], [correlativo], [correlativo_base], [direccion], [distrito_id], [enviable], [nombres], [razon_social], [campana_id], [estado_item_campana_id], [detalle]) VALUES (9, N'TELLO', N'MEDINA', 0, 3, N'Shatoja', 1749, 0, N'TELLO', N'', 4, NULL, NULL)
INSERT [dbo].[item_campana] ([item_campana_id], [apellido_materno], [apellido_paterno], [correlativo], [correlativo_base], [direccion], [distrito_id], [enviable], [nombres], [razon_social], [campana_id], [estado_item_campana_id], [detalle]) VALUES (10, N'CARRASCO', N'HEREDIA', 0, 7, N'Bagua', 22, 0, N'ORLANDO MARIO', N'', 4, NULL, NULL)
INSERT [dbo].[item_campana] ([item_campana_id], [apellido_materno], [apellido_paterno], [correlativo], [correlativo_base], [direccion], [distrito_id], [enviable], [nombres], [razon_social], [campana_id], [estado_item_campana_id], [detalle]) VALUES (11, N'TELLO', N'MEDINA', 0, 16, N'Yarinacocha', 1855, 0, N'TELLO', N'', 4, NULL, NULL)
INSERT [dbo].[item_campana] ([item_campana_id], [apellido_materno], [apellido_paterno], [correlativo], [correlativo_base], [direccion], [distrito_id], [enviable], [nombres], [razon_social], [campana_id], [estado_item_campana_id], [detalle]) VALUES (12, N'TELLO', N'MEDINA', 0, 17, N'Manantay', 1857, 0, N'TELLO', N'', 4, NULL, NULL)
INSERT [dbo].[item_campana] ([item_campana_id], [apellido_materno], [apellido_paterno], [correlativo], [correlativo_base], [direccion], [distrito_id], [enviable], [nombres], [razon_social], [campana_id], [estado_item_campana_id], [detalle]) VALUES (13, N'TELLO', N'MEDINA', 0, 1, N'Curimana', 1864, 0, N'TELLO', N'', 4, NULL, NULL)
INSERT [dbo].[item_campana] ([item_campana_id], [apellido_materno], [apellido_paterno], [correlativo], [correlativo_base], [direccion], [distrito_id], [enviable], [nombres], [razon_social], [campana_id], [estado_item_campana_id], [detalle]) VALUES (14, N'TELLO', N'MEDINA', 0, 12, N'El Agustino', 1285, 0, N'TELLO', N'', 4, NULL, NULL)
INSERT [dbo].[item_campana] ([item_campana_id], [apellido_materno], [apellido_paterno], [correlativo], [correlativo_base], [direccion], [distrito_id], [enviable], [nombres], [razon_social], [campana_id], [estado_item_campana_id], [detalle]) VALUES (15, N'CARRASCO', N'ESPINOZA', 0, 14, N'Barranco', 1278, 0, N'TELLO', N'', 4, NULL, NULL)
INSERT [dbo].[item_campana] ([item_campana_id], [apellido_materno], [apellido_paterno], [correlativo], [correlativo_base], [direccion], [distrito_id], [enviable], [nombres], [razon_social], [campana_id], [estado_item_campana_id], [detalle]) VALUES (16, N'VILLEGAS', N'SANDOVAL', 0, 5, N'Llipata', 1018, 0, N'JUAN', N'', 4, NULL, NULL)
INSERT [dbo].[item_campana] ([item_campana_id], [apellido_materno], [apellido_paterno], [correlativo], [correlativo_base], [direccion], [distrito_id], [enviable], [nombres], [razon_social], [campana_id], [estado_item_campana_id], [detalle]) VALUES (17, N'TELLO', N'MEDINA', 0, 19, N'Caspisapa', 1774, 0, N'TELLO', N'', 4, NULL, NULL)
INSERT [dbo].[item_campana] ([item_campana_id], [apellido_materno], [apellido_paterno], [correlativo], [correlativo_base], [direccion], [distrito_id], [enviable], [nombres], [razon_social], [campana_id], [estado_item_campana_id], [detalle]) VALUES (18, N'CHAVEZ', N'BALTAZAR', 0, 13, N'Chorrillos', 1282, 0, N'CESAR', N'', 4, NULL, NULL)
INSERT [dbo].[item_campana] ([item_campana_id], [apellido_materno], [apellido_paterno], [correlativo], [correlativo_base], [direccion], [distrito_id], [enviable], [nombres], [razon_social], [campana_id], [estado_item_campana_id], [detalle]) VALUES (19, N'TELLO', N'MEDINA', 0, 18, N'Shamboyacu', 1779, 0, N'TELLO', N'', 4, NULL, NULL)
INSERT [dbo].[item_campana] ([item_campana_id], [apellido_materno], [apellido_paterno], [correlativo], [correlativo_base], [direccion], [distrito_id], [enviable], [nombres], [razon_social], [campana_id], [estado_item_campana_id], [detalle]) VALUES (20, N'TOLEDO', N'CAMPOS', 0, 4, N'El Algarrobal', 1528, 0, N'CHRISTIAN', N'', 4, NULL, NULL)
INSERT [dbo].[item_campana] ([item_campana_id], [apellido_materno], [apellido_paterno], [correlativo], [correlativo_base], [direccion], [distrito_id], [enviable], [nombres], [razon_social], [campana_id], [estado_item_campana_id], [detalle]) VALUES (21, N'RODRIGUEZ', N'SANTOS', 0, 6, N'Choros', 618, 0, N'RONALD', N'', 4, NULL, NULL)
INSERT [dbo].[item_campana] ([item_campana_id], [apellido_materno], [apellido_paterno], [correlativo], [correlativo_base], [direccion], [distrito_id], [enviable], [nombres], [razon_social], [campana_id], [estado_item_campana_id], [detalle]) VALUES (22, N'ISIDRO', N'PEREZ', 0, 9, N'Puente Piedra', 1299, 0, N'EUGENIA', N'', 4, NULL, NULL)
INSERT [dbo].[item_campana] ([item_campana_id], [apellido_materno], [apellido_paterno], [correlativo], [correlativo_base], [direccion], [distrito_id], [enviable], [nombres], [razon_social], [campana_id], [estado_item_campana_id], [detalle]) VALUES (23, N'RODRIGUEZ', N'SANTOS', 0, 2, N'Locumba', 1827, 0, N'RONALD', N'', 4, NULL, NULL)
INSERT [dbo].[item_campana] ([item_campana_id], [apellido_materno], [apellido_paterno], [correlativo], [correlativo_base], [direccion], [distrito_id], [enviable], [nombres], [razon_social], [campana_id], [estado_item_campana_id], [detalle]) VALUES (24, N'CARRASCO', N'ESPINOZA', 0, 14, N'Barranco', 1278, 1, N'TELLO', N'', 5, NULL, NULL)
INSERT [dbo].[item_campana] ([item_campana_id], [apellido_materno], [apellido_paterno], [correlativo], [correlativo_base], [direccion], [distrito_id], [enviable], [nombres], [razon_social], [campana_id], [estado_item_campana_id], [detalle]) VALUES (25, N'TELLO', N'MEDINA', 0, 19, N'Caspisapa', 1774, 1, N'TELLO', N'', 5, NULL, NULL)
INSERT [dbo].[item_campana] ([item_campana_id], [apellido_materno], [apellido_paterno], [correlativo], [correlativo_base], [direccion], [distrito_id], [enviable], [nombres], [razon_social], [campana_id], [estado_item_campana_id], [detalle]) VALUES (26, N'TELLO', N'MEDINA', 0, 18, N'Shamboyacu', 1779, 1, N'TELLO', N'', 5, NULL, NULL)
INSERT [dbo].[item_campana] ([item_campana_id], [apellido_materno], [apellido_paterno], [correlativo], [correlativo_base], [direccion], [distrito_id], [enviable], [nombres], [razon_social], [campana_id], [estado_item_campana_id], [detalle]) VALUES (27, N'TELLO', N'MEDINA', 0, 12, N'El Agustino', 1285, 1, N'TELLO', N'', 5, NULL, NULL)
INSERT [dbo].[item_campana] ([item_campana_id], [apellido_materno], [apellido_paterno], [correlativo], [correlativo_base], [direccion], [distrito_id], [enviable], [nombres], [razon_social], [campana_id], [estado_item_campana_id], [detalle]) VALUES (28, N'TELLO', N'MEDINA', 0, 17, N'Manantay', 1857, 1, N'TELLO', N'', 5, NULL, NULL)
INSERT [dbo].[item_campana] ([item_campana_id], [apellido_materno], [apellido_paterno], [correlativo], [correlativo_base], [direccion], [distrito_id], [enviable], [nombres], [razon_social], [campana_id], [estado_item_campana_id], [detalle]) VALUES (29, N'TELLO', N'MEDINA', 0, 3, N'Shatoja', 1749, 1, N'TELLO', N'', 5, NULL, NULL)
INSERT [dbo].[item_campana] ([item_campana_id], [apellido_materno], [apellido_paterno], [correlativo], [correlativo_base], [direccion], [distrito_id], [enviable], [nombres], [razon_social], [campana_id], [estado_item_campana_id], [detalle]) VALUES (30, N'RODRIGUEZ', N'SANTOS', 0, 2, N'Locumba', 1827, 1, N'RONALD', N'', 5, NULL, NULL)
INSERT [dbo].[item_campana] ([item_campana_id], [apellido_materno], [apellido_paterno], [correlativo], [correlativo_base], [direccion], [distrito_id], [enviable], [nombres], [razon_social], [campana_id], [estado_item_campana_id], [detalle]) VALUES (31, N'TELLO', N'MEDINA', 0, 1, N'Curimana', 1864, 1, N'TELLO', N'', 5, NULL, NULL)
INSERT [dbo].[item_campana] ([item_campana_id], [apellido_materno], [apellido_paterno], [correlativo], [correlativo_base], [direccion], [distrito_id], [enviable], [nombres], [razon_social], [campana_id], [estado_item_campana_id], [detalle]) VALUES (32, N'TOLEDO', N'CAMPOS', 0, 4, N'El Algarrobal', 1528, 1, N'CHRISTIAN', N'', 5, NULL, NULL)
INSERT [dbo].[item_campana] ([item_campana_id], [apellido_materno], [apellido_paterno], [correlativo], [correlativo_base], [direccion], [distrito_id], [enviable], [nombres], [razon_social], [campana_id], [estado_item_campana_id], [detalle]) VALUES (33, N'TOLEDO', N'CAMPOS', 0, 15, N'Ate', 1277, 1, N'CHRISTIAN', N'', 5, NULL, NULL)
INSERT [dbo].[item_campana] ([item_campana_id], [apellido_materno], [apellido_paterno], [correlativo], [correlativo_base], [direccion], [distrito_id], [enviable], [nombres], [razon_social], [campana_id], [estado_item_campana_id], [detalle]) VALUES (34, N'RODRIGUEZ', N'SANTOS', 0, 6, N'Choros', 618, 1, N'RONALD', N'', 5, NULL, NULL)
INSERT [dbo].[item_campana] ([item_campana_id], [apellido_materno], [apellido_paterno], [correlativo], [correlativo_base], [direccion], [distrito_id], [enviable], [nombres], [razon_social], [campana_id], [estado_item_campana_id], [detalle]) VALUES (35, N'CARRASCO', N'HEREDIA', 0, 7, N'Bagua', 22, 1, N'ORLANDO MARIO', N'', 5, NULL, NULL)
INSERT [dbo].[item_campana] ([item_campana_id], [apellido_materno], [apellido_paterno], [correlativo], [correlativo_base], [direccion], [distrito_id], [enviable], [nombres], [razon_social], [campana_id], [estado_item_campana_id], [detalle]) VALUES (36, N'VILLEGAS', N'SANDOVAL', 0, 10, N'Lurin', 1293, 1, N'JUAN', N'', 5, NULL, NULL)
INSERT [dbo].[item_campana] ([item_campana_id], [apellido_materno], [apellido_paterno], [correlativo], [correlativo_base], [direccion], [distrito_id], [enviable], [nombres], [razon_social], [campana_id], [estado_item_campana_id], [detalle]) VALUES (37, N'NAVA', N'FIGUEROA', 0, 8, N'Rímac', 1302, 1, N'MELISSA', N'', 5, NULL, NULL)
INSERT [dbo].[item_campana] ([item_campana_id], [apellido_materno], [apellido_paterno], [correlativo], [correlativo_base], [direccion], [distrito_id], [enviable], [nombres], [razon_social], [campana_id], [estado_item_campana_id], [detalle]) VALUES (38, N'CHAVEZ', N'BALTAZAR', 0, 13, N'Chorrillos', 1282, 1, N'CESAR', N'', 5, NULL, NULL)
INSERT [dbo].[item_campana] ([item_campana_id], [apellido_materno], [apellido_paterno], [correlativo], [correlativo_base], [direccion], [distrito_id], [enviable], [nombres], [razon_social], [campana_id], [estado_item_campana_id], [detalle]) VALUES (39, N'VILLEGAS', N'SANDOVAL', 0, 5, N'Llipata', 1018, 1, N'JUAN', N'', 5, NULL, NULL)
INSERT [dbo].[item_campana] ([item_campana_id], [apellido_materno], [apellido_paterno], [correlativo], [correlativo_base], [direccion], [distrito_id], [enviable], [nombres], [razon_social], [campana_id], [estado_item_campana_id], [detalle]) VALUES (40, N'ISIDRO', N'PEREZ', 0, 9, N'Puente Piedra', 1299, 1, N'EUGENIA', N'', 5, NULL, NULL)
INSERT [dbo].[item_campana] ([item_campana_id], [apellido_materno], [apellido_paterno], [correlativo], [correlativo_base], [direccion], [distrito_id], [enviable], [nombres], [razon_social], [campana_id], [estado_item_campana_id], [detalle]) VALUES (41, N'TELLO', N'MEDINA', 0, 16, N'Yarinacocha', 1855, 1, N'TELLO', N'', 5, NULL, NULL)
INSERT [dbo].[item_campana] ([item_campana_id], [apellido_materno], [apellido_paterno], [correlativo], [correlativo_base], [direccion], [distrito_id], [enviable], [nombres], [razon_social], [campana_id], [estado_item_campana_id], [detalle]) VALUES (42, N'RODRIGUEZ', N'SANTOS', 0, 20, N'Ilabaya', 1828, 1, N'RONALD', N'', 5, NULL, NULL)
INSERT [dbo].[item_campana] ([item_campana_id], [apellido_materno], [apellido_paterno], [correlativo], [correlativo_base], [direccion], [distrito_id], [enviable], [nombres], [razon_social], [campana_id], [estado_item_campana_id], [detalle]) VALUES (43, N'SAAVEDRA', N'SANTOS', 0, 11, N'LIMA', 1275, 1, N'LEIDY', N'', 5, NULL, NULL)
INSERT [dbo].[item_campana] ([item_campana_id], [apellido_materno], [apellido_paterno], [correlativo], [correlativo_base], [direccion], [distrito_id], [enviable], [nombres], [razon_social], [campana_id], [estado_item_campana_id], [detalle]) VALUES (44, N'RODRIGUEZ', N'SANTOS', 0, 20, N'Ilabaya', 1828, 1, N'RONALD', N'', 6, NULL, NULL)
INSERT [dbo].[item_campana] ([item_campana_id], [apellido_materno], [apellido_paterno], [correlativo], [correlativo_base], [direccion], [distrito_id], [enviable], [nombres], [razon_social], [campana_id], [estado_item_campana_id], [detalle]) VALUES (45, N'CARRASCO', N'ESPINOZA', 0, 14, N'Barranco', 1278, 1, N'TELLO', N'', 6, NULL, NULL)
INSERT [dbo].[item_campana] ([item_campana_id], [apellido_materno], [apellido_paterno], [correlativo], [correlativo_base], [direccion], [distrito_id], [enviable], [nombres], [razon_social], [campana_id], [estado_item_campana_id], [detalle]) VALUES (46, N'TELLO', N'MEDINA', 0, 18, N'Shamboyacu', 1779, 1, N'TELLO', N'', 6, NULL, NULL)
INSERT [dbo].[item_campana] ([item_campana_id], [apellido_materno], [apellido_paterno], [correlativo], [correlativo_base], [direccion], [distrito_id], [enviable], [nombres], [razon_social], [campana_id], [estado_item_campana_id], [detalle]) VALUES (47, N'ISIDRO', N'PEREZ', 0, 9, N'Puente Piedra', 1299, 1, N'EUGENIA', N'', 6, NULL, NULL)
INSERT [dbo].[item_campana] ([item_campana_id], [apellido_materno], [apellido_paterno], [correlativo], [correlativo_base], [direccion], [distrito_id], [enviable], [nombres], [razon_social], [campana_id], [estado_item_campana_id], [detalle]) VALUES (48, N'TELLO', N'MEDINA', 0, 12, N'El Agustino', 1285, 1, N'TELLO', N'', 6, NULL, NULL)
INSERT [dbo].[item_campana] ([item_campana_id], [apellido_materno], [apellido_paterno], [correlativo], [correlativo_base], [direccion], [distrito_id], [enviable], [nombres], [razon_social], [campana_id], [estado_item_campana_id], [detalle]) VALUES (49, N'TELLO', N'MEDINA', 0, 19, N'Caspisapa', 1774, 1, N'TELLO', N'', 6, NULL, NULL)
INSERT [dbo].[item_campana] ([item_campana_id], [apellido_materno], [apellido_paterno], [correlativo], [correlativo_base], [direccion], [distrito_id], [enviable], [nombres], [razon_social], [campana_id], [estado_item_campana_id], [detalle]) VALUES (50, N'TOLEDO', N'CAMPOS', 0, 15, N'Ate', 1277, 1, N'CHRISTIAN', N'', 6, NULL, NULL)
INSERT [dbo].[item_campana] ([item_campana_id], [apellido_materno], [apellido_paterno], [correlativo], [correlativo_base], [direccion], [distrito_id], [enviable], [nombres], [razon_social], [campana_id], [estado_item_campana_id], [detalle]) VALUES (51, N'SAAVEDRA', N'SANTOS', 0, 11, N'LIMA', 1275, 1, N'LEIDY', N'', 6, NULL, NULL)
INSERT [dbo].[item_campana] ([item_campana_id], [apellido_materno], [apellido_paterno], [correlativo], [correlativo_base], [direccion], [distrito_id], [enviable], [nombres], [razon_social], [campana_id], [estado_item_campana_id], [detalle]) VALUES (52, N'TELLO', N'MEDINA', 0, 3, N'Shatoja', 1749, 1, N'TELLO', N'', 6, NULL, NULL)
INSERT [dbo].[item_campana] ([item_campana_id], [apellido_materno], [apellido_paterno], [correlativo], [correlativo_base], [direccion], [distrito_id], [enviable], [nombres], [razon_social], [campana_id], [estado_item_campana_id], [detalle]) VALUES (53, N'TELLO', N'MEDINA', 0, 16, N'Yarinacocha', 1855, 1, N'TELLO', N'', 6, NULL, NULL)
INSERT [dbo].[item_campana] ([item_campana_id], [apellido_materno], [apellido_paterno], [correlativo], [correlativo_base], [direccion], [distrito_id], [enviable], [nombres], [razon_social], [campana_id], [estado_item_campana_id], [detalle]) VALUES (54, N'CHAVEZ', N'BALTAZAR', 0, 13, N'Chorrillos', 1282, 1, N'CESAR', N'', 6, NULL, NULL)
INSERT [dbo].[item_campana] ([item_campana_id], [apellido_materno], [apellido_paterno], [correlativo], [correlativo_base], [direccion], [distrito_id], [enviable], [nombres], [razon_social], [campana_id], [estado_item_campana_id], [detalle]) VALUES (55, N'RODRIGUEZ', N'SANTOS', 0, 2, N'Locumba', 1827, 1, N'RONALD', N'', 6, NULL, NULL)
INSERT [dbo].[item_campana] ([item_campana_id], [apellido_materno], [apellido_paterno], [correlativo], [correlativo_base], [direccion], [distrito_id], [enviable], [nombres], [razon_social], [campana_id], [estado_item_campana_id], [detalle]) VALUES (56, N'RODRIGUEZ', N'SANTOS', 0, 6, N'Choros', 618, 1, N'RONALD', N'', 6, NULL, NULL)
INSERT [dbo].[item_campana] ([item_campana_id], [apellido_materno], [apellido_paterno], [correlativo], [correlativo_base], [direccion], [distrito_id], [enviable], [nombres], [razon_social], [campana_id], [estado_item_campana_id], [detalle]) VALUES (57, N'VILLEGAS', N'SANDOVAL', 0, 10, N'Lurin', 1293, 1, N'JUAN', N'', 6, NULL, NULL)
INSERT [dbo].[item_campana] ([item_campana_id], [apellido_materno], [apellido_paterno], [correlativo], [correlativo_base], [direccion], [distrito_id], [enviable], [nombres], [razon_social], [campana_id], [estado_item_campana_id], [detalle]) VALUES (58, N'TELLO', N'MEDINA', 0, 1, N'Curimana', 1864, 1, N'TELLO', N'', 6, NULL, NULL)
INSERT [dbo].[item_campana] ([item_campana_id], [apellido_materno], [apellido_paterno], [correlativo], [correlativo_base], [direccion], [distrito_id], [enviable], [nombres], [razon_social], [campana_id], [estado_item_campana_id], [detalle]) VALUES (59, N'NAVA', N'FIGUEROA', 0, 8, N'Rímac', 1302, 1, N'MELISSA', N'', 6, NULL, NULL)
INSERT [dbo].[item_campana] ([item_campana_id], [apellido_materno], [apellido_paterno], [correlativo], [correlativo_base], [direccion], [distrito_id], [enviable], [nombres], [razon_social], [campana_id], [estado_item_campana_id], [detalle]) VALUES (60, N'VILLEGAS', N'SANDOVAL', 0, 5, N'Llipata', 1018, 1, N'JUAN', N'', 6, NULL, NULL)
INSERT [dbo].[item_campana] ([item_campana_id], [apellido_materno], [apellido_paterno], [correlativo], [correlativo_base], [direccion], [distrito_id], [enviable], [nombres], [razon_social], [campana_id], [estado_item_campana_id], [detalle]) VALUES (61, N'TOLEDO', N'CAMPOS', 0, 4, N'El Algarrobal', 1528, 1, N'CHRISTIAN', N'', 6, NULL, NULL)
INSERT [dbo].[item_campana] ([item_campana_id], [apellido_materno], [apellido_paterno], [correlativo], [correlativo_base], [direccion], [distrito_id], [enviable], [nombres], [razon_social], [campana_id], [estado_item_campana_id], [detalle]) VALUES (62, N'CARRASCO', N'HEREDIA', 0, 7, N'Bagua', 22, 1, N'ORLANDO MARIO', N'', 6, NULL, NULL)
INSERT [dbo].[item_campana] ([item_campana_id], [apellido_materno], [apellido_paterno], [correlativo], [correlativo_base], [direccion], [distrito_id], [enviable], [nombres], [razon_social], [campana_id], [estado_item_campana_id], [detalle]) VALUES (63, N'TELLO', N'MEDINA', 0, 17, N'Manantay', 1857, 1, N'TELLO', N'', 6, NULL, NULL)
INSERT [dbo].[item_campana] ([item_campana_id], [apellido_materno], [apellido_paterno], [correlativo], [correlativo_base], [direccion], [distrito_id], [enviable], [nombres], [razon_social], [campana_id], [estado_item_campana_id], [detalle]) VALUES (64, N'TELLO', N'MEDINA', 0, 19, N'Caspisapa', 1774, 1, N'TELLO', N'', 7, NULL, NULL)
INSERT [dbo].[item_campana] ([item_campana_id], [apellido_materno], [apellido_paterno], [correlativo], [correlativo_base], [direccion], [distrito_id], [enviable], [nombres], [razon_social], [campana_id], [estado_item_campana_id], [detalle]) VALUES (65, N'VILLEGAS', N'SANDOVAL', 0, 5, N'Llipata', 1018, 1, N'JUAN', N'', 7, NULL, NULL)
INSERT [dbo].[item_campana] ([item_campana_id], [apellido_materno], [apellido_paterno], [correlativo], [correlativo_base], [direccion], [distrito_id], [enviable], [nombres], [razon_social], [campana_id], [estado_item_campana_id], [detalle]) VALUES (66, N'RODRIGUEZ', N'SANTOS', 0, 6, N'Choros', 618, 1, N'RONALD', N'', 7, NULL, NULL)
INSERT [dbo].[item_campana] ([item_campana_id], [apellido_materno], [apellido_paterno], [correlativo], [correlativo_base], [direccion], [distrito_id], [enviable], [nombres], [razon_social], [campana_id], [estado_item_campana_id], [detalle]) VALUES (67, N'TELLO', N'MEDINA', 0, 18, N'Shamboyacu', 1779, 1, N'TELLO', N'', 7, NULL, NULL)
INSERT [dbo].[item_campana] ([item_campana_id], [apellido_materno], [apellido_paterno], [correlativo], [correlativo_base], [direccion], [distrito_id], [enviable], [nombres], [razon_social], [campana_id], [estado_item_campana_id], [detalle]) VALUES (68, N'TELLO', N'MEDINA', 0, 3, N'Shatoja', 1749, 1, N'TELLO', N'', 7, NULL, NULL)
INSERT [dbo].[item_campana] ([item_campana_id], [apellido_materno], [apellido_paterno], [correlativo], [correlativo_base], [direccion], [distrito_id], [enviable], [nombres], [razon_social], [campana_id], [estado_item_campana_id], [detalle]) VALUES (69, N'VILLEGAS', N'SANDOVAL', 0, 10, N'Lurin', 1293, 1, N'JUAN', N'', 7, NULL, NULL)
INSERT [dbo].[item_campana] ([item_campana_id], [apellido_materno], [apellido_paterno], [correlativo], [correlativo_base], [direccion], [distrito_id], [enviable], [nombres], [razon_social], [campana_id], [estado_item_campana_id], [detalle]) VALUES (70, N'SAAVEDRA', N'SANTOS', 0, 11, N'LIMA', 1275, 1, N'LEIDY', N'', 7, NULL, NULL)
INSERT [dbo].[item_campana] ([item_campana_id], [apellido_materno], [apellido_paterno], [correlativo], [correlativo_base], [direccion], [distrito_id], [enviable], [nombres], [razon_social], [campana_id], [estado_item_campana_id], [detalle]) VALUES (71, N'RODRIGUEZ', N'SANTOS', 0, 20, N'Ilabaya', 1828, 1, N'RONALD', N'', 7, NULL, NULL)
INSERT [dbo].[item_campana] ([item_campana_id], [apellido_materno], [apellido_paterno], [correlativo], [correlativo_base], [direccion], [distrito_id], [enviable], [nombres], [razon_social], [campana_id], [estado_item_campana_id], [detalle]) VALUES (72, N'TOLEDO', N'CAMPOS', 0, 15, N'Ate', 1277, 1, N'CHRISTIAN', N'', 7, NULL, NULL)
INSERT [dbo].[item_campana] ([item_campana_id], [apellido_materno], [apellido_paterno], [correlativo], [correlativo_base], [direccion], [distrito_id], [enviable], [nombres], [razon_social], [campana_id], [estado_item_campana_id], [detalle]) VALUES (73, N'CHAVEZ', N'BALTAZAR', 0, 13, N'Chorrillos', 1282, 1, N'CESAR', N'', 7, NULL, NULL)
INSERT [dbo].[item_campana] ([item_campana_id], [apellido_materno], [apellido_paterno], [correlativo], [correlativo_base], [direccion], [distrito_id], [enviable], [nombres], [razon_social], [campana_id], [estado_item_campana_id], [detalle]) VALUES (74, N'TELLO', N'MEDINA', 0, 17, N'Manantay', 1857, 1, N'TELLO', N'', 7, NULL, NULL)
INSERT [dbo].[item_campana] ([item_campana_id], [apellido_materno], [apellido_paterno], [correlativo], [correlativo_base], [direccion], [distrito_id], [enviable], [nombres], [razon_social], [campana_id], [estado_item_campana_id], [detalle]) VALUES (75, N'TOLEDO', N'CAMPOS', 0, 4, N'El Algarrobal', 1528, 1, N'CHRISTIAN', N'', 7, NULL, NULL)
INSERT [dbo].[item_campana] ([item_campana_id], [apellido_materno], [apellido_paterno], [correlativo], [correlativo_base], [direccion], [distrito_id], [enviable], [nombres], [razon_social], [campana_id], [estado_item_campana_id], [detalle]) VALUES (76, N'CARRASCO', N'ESPINOZA', 0, 14, N'Barranco', 1278, 1, N'TELLO', N'', 7, NULL, NULL)
INSERT [dbo].[item_campana] ([item_campana_id], [apellido_materno], [apellido_paterno], [correlativo], [correlativo_base], [direccion], [distrito_id], [enviable], [nombres], [razon_social], [campana_id], [estado_item_campana_id], [detalle]) VALUES (77, N'NAVA', N'FIGUEROA', 0, 8, N'Rímac', 1302, 1, N'MELISSA', N'', 7, NULL, NULL)
INSERT [dbo].[item_campana] ([item_campana_id], [apellido_materno], [apellido_paterno], [correlativo], [correlativo_base], [direccion], [distrito_id], [enviable], [nombres], [razon_social], [campana_id], [estado_item_campana_id], [detalle]) VALUES (78, N'TELLO', N'MEDINA', 0, 1, N'Curimana', 1864, 1, N'TELLO', N'', 7, NULL, NULL)
INSERT [dbo].[item_campana] ([item_campana_id], [apellido_materno], [apellido_paterno], [correlativo], [correlativo_base], [direccion], [distrito_id], [enviable], [nombres], [razon_social], [campana_id], [estado_item_campana_id], [detalle]) VALUES (79, N'RODRIGUEZ', N'SANTOS', 0, 2, N'Locumba', 1827, 1, N'RONALD', N'', 7, NULL, NULL)
INSERT [dbo].[item_campana] ([item_campana_id], [apellido_materno], [apellido_paterno], [correlativo], [correlativo_base], [direccion], [distrito_id], [enviable], [nombres], [razon_social], [campana_id], [estado_item_campana_id], [detalle]) VALUES (80, N'ISIDRO', N'PEREZ', 0, 9, N'Puente Piedra', 1299, 0, N'EUGENIA', N'', 7, NULL, NULL)
INSERT [dbo].[item_campana] ([item_campana_id], [apellido_materno], [apellido_paterno], [correlativo], [correlativo_base], [direccion], [distrito_id], [enviable], [nombres], [razon_social], [campana_id], [estado_item_campana_id], [detalle]) VALUES (81, N'TELLO', N'MEDINA', 0, 16, N'Yarinacocha', 1855, 0, N'TELLO', N'', 7, NULL, NULL)
INSERT [dbo].[item_campana] ([item_campana_id], [apellido_materno], [apellido_paterno], [correlativo], [correlativo_base], [direccion], [distrito_id], [enviable], [nombres], [razon_social], [campana_id], [estado_item_campana_id], [detalle]) VALUES (82, N'CARRASCO', N'HEREDIA', 0, 7, N'Bagua', 22, 1, N'ORLANDO MARIO', N'', 7, NULL, NULL)
INSERT [dbo].[item_campana] ([item_campana_id], [apellido_materno], [apellido_paterno], [correlativo], [correlativo_base], [direccion], [distrito_id], [enviable], [nombres], [razon_social], [campana_id], [estado_item_campana_id], [detalle]) VALUES (83, N'TELLO', N'MEDINA', 0, 12, N'El Agustino', 1285, 1, N'TELLO', N'', 7, NULL, NULL)
INSERT [dbo].[item_campana] ([item_campana_id], [apellido_materno], [apellido_paterno], [correlativo], [correlativo_base], [direccion], [distrito_id], [enviable], [nombres], [razon_social], [campana_id], [estado_item_campana_id], [detalle]) VALUES (84, N'TELLO', N'MEDINA', 0, 16, N'Yarinacocha', 1855, 0, N'TELLO', N'', 8, NULL, NULL)
INSERT [dbo].[item_campana] ([item_campana_id], [apellido_materno], [apellido_paterno], [correlativo], [correlativo_base], [direccion], [distrito_id], [enviable], [nombres], [razon_social], [campana_id], [estado_item_campana_id], [detalle]) VALUES (85, N'TELLO', N'MEDINA', 0, 3, N'Shatoja', 1749, 0, N'TELLO', N'', 8, NULL, NULL)
INSERT [dbo].[item_campana] ([item_campana_id], [apellido_materno], [apellido_paterno], [correlativo], [correlativo_base], [direccion], [distrito_id], [enviable], [nombres], [razon_social], [campana_id], [estado_item_campana_id], [detalle]) VALUES (86, N'NAVA', N'FIGUEROA', 0, 8, N'Rímac', 1302, 0, N'MELISSA', N'', 8, NULL, NULL)
INSERT [dbo].[item_campana] ([item_campana_id], [apellido_materno], [apellido_paterno], [correlativo], [correlativo_base], [direccion], [distrito_id], [enviable], [nombres], [razon_social], [campana_id], [estado_item_campana_id], [detalle]) VALUES (87, N'TOLEDO', N'CAMPOS', 0, 4, N'El Algarrobal', 1528, 0, N'CHRISTIAN', N'', 8, NULL, NULL)
INSERT [dbo].[item_campana] ([item_campana_id], [apellido_materno], [apellido_paterno], [correlativo], [correlativo_base], [direccion], [distrito_id], [enviable], [nombres], [razon_social], [campana_id], [estado_item_campana_id], [detalle]) VALUES (88, N'TELLO', N'MEDINA', 0, 19, N'Caspisapa', 1774, 0, N'TELLO', N'', 8, NULL, NULL)
INSERT [dbo].[item_campana] ([item_campana_id], [apellido_materno], [apellido_paterno], [correlativo], [correlativo_base], [direccion], [distrito_id], [enviable], [nombres], [razon_social], [campana_id], [estado_item_campana_id], [detalle]) VALUES (89, N'ISIDRO', N'PEREZ', 0, 9, N'Puente Piedra', 1299, 0, N'EUGENIA', N'', 8, NULL, NULL)
INSERT [dbo].[item_campana] ([item_campana_id], [apellido_materno], [apellido_paterno], [correlativo], [correlativo_base], [direccion], [distrito_id], [enviable], [nombres], [razon_social], [campana_id], [estado_item_campana_id], [detalle]) VALUES (90, N'CARRASCO', N'HEREDIA', 0, 7, N'Bagua', 22, 0, N'ORLANDO MARIO', N'', 8, NULL, NULL)
INSERT [dbo].[item_campana] ([item_campana_id], [apellido_materno], [apellido_paterno], [correlativo], [correlativo_base], [direccion], [distrito_id], [enviable], [nombres], [razon_social], [campana_id], [estado_item_campana_id], [detalle]) VALUES (91, N'TELLO', N'MEDINA', 0, 12, N'El Agustino', 1285, 0, N'TELLO', N'', 8, NULL, NULL)
INSERT [dbo].[item_campana] ([item_campana_id], [apellido_materno], [apellido_paterno], [correlativo], [correlativo_base], [direccion], [distrito_id], [enviable], [nombres], [razon_social], [campana_id], [estado_item_campana_id], [detalle]) VALUES (92, N'VILLEGAS', N'SANDOVAL', 0, 10, N'Lurin', 1293, 0, N'JUAN', N'', 8, NULL, NULL)
INSERT [dbo].[item_campana] ([item_campana_id], [apellido_materno], [apellido_paterno], [correlativo], [correlativo_base], [direccion], [distrito_id], [enviable], [nombres], [razon_social], [campana_id], [estado_item_campana_id], [detalle]) VALUES (93, N'TELLO', N'MEDINA', 0, 18, N'Shamboyacu', 1779, 0, N'TELLO', N'', 8, NULL, NULL)
INSERT [dbo].[item_campana] ([item_campana_id], [apellido_materno], [apellido_paterno], [correlativo], [correlativo_base], [direccion], [distrito_id], [enviable], [nombres], [razon_social], [campana_id], [estado_item_campana_id], [detalle]) VALUES (94, N'RODRIGUEZ', N'SANTOS', 0, 20, N'Ilabaya', 1828, 0, N'RONALD', N'', 8, NULL, NULL)
INSERT [dbo].[item_campana] ([item_campana_id], [apellido_materno], [apellido_paterno], [correlativo], [correlativo_base], [direccion], [distrito_id], [enviable], [nombres], [razon_social], [campana_id], [estado_item_campana_id], [detalle]) VALUES (95, N'TELLO', N'MEDINA', 0, 1, N'Curimana', 1864, 0, N'TELLO', N'', 8, NULL, NULL)
INSERT [dbo].[item_campana] ([item_campana_id], [apellido_materno], [apellido_paterno], [correlativo], [correlativo_base], [direccion], [distrito_id], [enviable], [nombres], [razon_social], [campana_id], [estado_item_campana_id], [detalle]) VALUES (96, N'CARRASCO', N'ESPINOZA', 0, 14, N'Barranco', 1278, 0, N'TELLO', N'', 8, NULL, NULL)
INSERT [dbo].[item_campana] ([item_campana_id], [apellido_materno], [apellido_paterno], [correlativo], [correlativo_base], [direccion], [distrito_id], [enviable], [nombres], [razon_social], [campana_id], [estado_item_campana_id], [detalle]) VALUES (97, N'RODRIGUEZ', N'SANTOS', 0, 6, N'Choros', 618, 0, N'RONALD', N'', 8, NULL, NULL)
INSERT [dbo].[item_campana] ([item_campana_id], [apellido_materno], [apellido_paterno], [correlativo], [correlativo_base], [direccion], [distrito_id], [enviable], [nombres], [razon_social], [campana_id], [estado_item_campana_id], [detalle]) VALUES (98, N'RODRIGUEZ', N'SANTOS', 0, 2, N'Locumba', 1827, 0, N'RONALD', N'', 8, NULL, NULL)
INSERT [dbo].[item_campana] ([item_campana_id], [apellido_materno], [apellido_paterno], [correlativo], [correlativo_base], [direccion], [distrito_id], [enviable], [nombres], [razon_social], [campana_id], [estado_item_campana_id], [detalle]) VALUES (99, N'SAAVEDRA', N'SANTOS', 0, 11, N'LIMA', 1275, 0, N'LEIDY', N'', 8, NULL, NULL)

INSERT [dbo].[item_campana] ([item_campana_id], [apellido_materno], [apellido_paterno], [correlativo], [correlativo_base], [direccion], [distrito_id], [enviable], [nombres], [razon_social], [campana_id], [estado_item_campana_id], [detalle]) VALUES (100, N'CHAVEZ', N'BALTAZAR', 0, 13, N'Chorrillos', 1282, 0, N'CESAR', N'', 8, NULL, NULL)
INSERT [dbo].[item_campana] ([item_campana_id], [apellido_materno], [apellido_paterno], [correlativo], [correlativo_base], [direccion], [distrito_id], [enviable], [nombres], [razon_social], [campana_id], [estado_item_campana_id], [detalle]) VALUES (101, N'TOLEDO', N'CAMPOS', 0, 15, N'Ate', 1277, 0, N'CHRISTIAN', N'', 8, NULL, NULL)
INSERT [dbo].[item_campana] ([item_campana_id], [apellido_materno], [apellido_paterno], [correlativo], [correlativo_base], [direccion], [distrito_id], [enviable], [nombres], [razon_social], [campana_id], [estado_item_campana_id], [detalle]) VALUES (102, N'TELLO', N'MEDINA', 0, 17, N'Manantay', 1857, 0, N'TELLO', N'', 8, NULL, NULL)
INSERT [dbo].[item_campana] ([item_campana_id], [apellido_materno], [apellido_paterno], [correlativo], [correlativo_base], [direccion], [distrito_id], [enviable], [nombres], [razon_social], [campana_id], [estado_item_campana_id], [detalle]) VALUES (103, N'VILLEGAS', N'SANDOVAL', 0, 5, N'Llipata', 1018, 0, N'JUAN', N'', 8, NULL, NULL)
INSERT [dbo].[item_campana] ([item_campana_id], [apellido_materno], [apellido_paterno], [correlativo], [correlativo_base], [direccion], [distrito_id], [enviable], [nombres], [razon_social], [campana_id], [estado_item_campana_id], [detalle]) VALUES (104, N'TELLO', N'MEDINA', 0, 3, N'Shatoja', 1749, 0, N'TELLO', N'', 9, NULL, NULL)
INSERT [dbo].[item_campana] ([item_campana_id], [apellido_materno], [apellido_paterno], [correlativo], [correlativo_base], [direccion], [distrito_id], [enviable], [nombres], [razon_social], [campana_id], [estado_item_campana_id], [detalle]) VALUES (105, N'TELLO', N'MEDINA', 0, 16, N'Yarinacocha', 1855, 0, N'TELLO', N'', 9, NULL, NULL)
INSERT [dbo].[item_campana] ([item_campana_id], [apellido_materno], [apellido_paterno], [correlativo], [correlativo_base], [direccion], [distrito_id], [enviable], [nombres], [razon_social], [campana_id], [estado_item_campana_id], [detalle]) VALUES (106, N'TELLO', N'MEDINA', 0, 18, N'Shamboyacu', 1779, 0, N'TELLO', N'', 9, NULL, NULL)
INSERT [dbo].[item_campana] ([item_campana_id], [apellido_materno], [apellido_paterno], [correlativo], [correlativo_base], [direccion], [distrito_id], [enviable], [nombres], [razon_social], [campana_id], [estado_item_campana_id], [detalle]) VALUES (107, N'SAAVEDRA', N'SANTOS', 0, 11, N'LIMA', 1275, 0, N'LEIDY', N'', 9, NULL, NULL)
INSERT [dbo].[item_campana] ([item_campana_id], [apellido_materno], [apellido_paterno], [correlativo], [correlativo_base], [direccion], [distrito_id], [enviable], [nombres], [razon_social], [campana_id], [estado_item_campana_id], [detalle]) VALUES (108, N'TELLO', N'MEDINA', 0, 1, N'Curimana', 1864, 0, N'TELLO', N'', 9, NULL, NULL)
INSERT [dbo].[item_campana] ([item_campana_id], [apellido_materno], [apellido_paterno], [correlativo], [correlativo_base], [direccion], [distrito_id], [enviable], [nombres], [razon_social], [campana_id], [estado_item_campana_id], [detalle]) VALUES (109, N'VILLEGAS', N'SANDOVAL', 0, 10, N'Lurin', 1293, 0, N'JUAN', N'', 9, NULL, NULL)
INSERT [dbo].[item_campana] ([item_campana_id], [apellido_materno], [apellido_paterno], [correlativo], [correlativo_base], [direccion], [distrito_id], [enviable], [nombres], [razon_social], [campana_id], [estado_item_campana_id], [detalle]) VALUES (110, N'TOLEDO', N'CAMPOS', 0, 15, N'Ate', 1277, 0, N'CHRISTIAN', N'', 9, NULL, NULL)
INSERT [dbo].[item_campana] ([item_campana_id], [apellido_materno], [apellido_paterno], [correlativo], [correlativo_base], [direccion], [distrito_id], [enviable], [nombres], [razon_social], [campana_id], [estado_item_campana_id], [detalle]) VALUES (111, N'RODRIGUEZ', N'SANTOS', 0, 6, N'Choros', 618, 0, N'RONALD', N'', 9, NULL, NULL)
INSERT [dbo].[item_campana] ([item_campana_id], [apellido_materno], [apellido_paterno], [correlativo], [correlativo_base], [direccion], [distrito_id], [enviable], [nombres], [razon_social], [campana_id], [estado_item_campana_id], [detalle]) VALUES (112, N'CARRASCO', N'HEREDIA', 0, 7, N'Bagua', 22, 0, N'ORLANDO MARIO', N'', 9, NULL, NULL)
INSERT [dbo].[item_campana] ([item_campana_id], [apellido_materno], [apellido_paterno], [correlativo], [correlativo_base], [direccion], [distrito_id], [enviable], [nombres], [razon_social], [campana_id], [estado_item_campana_id], [detalle]) VALUES (113, N'TELLO', N'MEDINA', 0, 12, N'El Agustino', 1285, 0, N'TELLO', N'', 9, NULL, NULL)
INSERT [dbo].[item_campana] ([item_campana_id], [apellido_materno], [apellido_paterno], [correlativo], [correlativo_base], [direccion], [distrito_id], [enviable], [nombres], [razon_social], [campana_id], [estado_item_campana_id], [detalle]) VALUES (114, N'CARRASCO', N'ESPINOZA', 0, 14, N'Barranco', 1278, 0, N'TELLO', N'', 9, NULL, NULL)
INSERT [dbo].[item_campana] ([item_campana_id], [apellido_materno], [apellido_paterno], [correlativo], [correlativo_base], [direccion], [distrito_id], [enviable], [nombres], [razon_social], [campana_id], [estado_item_campana_id], [detalle]) VALUES (115, N'VILLEGAS', N'SANDOVAL', 0, 5, N'Llipata', 1018, 0, N'JUAN', N'', 9, NULL, NULL)
INSERT [dbo].[item_campana] ([item_campana_id], [apellido_materno], [apellido_paterno], [correlativo], [correlativo_base], [direccion], [distrito_id], [enviable], [nombres], [razon_social], [campana_id], [estado_item_campana_id], [detalle]) VALUES (116, N'TELLO', N'MEDINA', 0, 19, N'Caspisapa', 1774, 0, N'TELLO', N'', 9, NULL, NULL)
INSERT [dbo].[item_campana] ([item_campana_id], [apellido_materno], [apellido_paterno], [correlativo], [correlativo_base], [direccion], [distrito_id], [enviable], [nombres], [razon_social], [campana_id], [estado_item_campana_id], [detalle]) VALUES (117, N'NAVA', N'FIGUEROA', 0, 8, N'Rímac', 1302, 0, N'MELISSA', N'', 9, NULL, NULL)
INSERT [dbo].[item_campana] ([item_campana_id], [apellido_materno], [apellido_paterno], [correlativo], [correlativo_base], [direccion], [distrito_id], [enviable], [nombres], [razon_social], [campana_id], [estado_item_campana_id], [detalle]) VALUES (118, N'ISIDRO', N'PEREZ', 0, 9, N'Puente Piedra', 1299, 0, N'EUGENIA', N'', 9, NULL, NULL)
INSERT [dbo].[item_campana] ([item_campana_id], [apellido_materno], [apellido_paterno], [correlativo], [correlativo_base], [direccion], [distrito_id], [enviable], [nombres], [razon_social], [campana_id], [estado_item_campana_id], [detalle]) VALUES (119, N'RODRIGUEZ', N'SANTOS', 0, 20, N'Ilabaya', 1828, 0, N'RONALD', N'', 9, NULL, NULL)
INSERT [dbo].[item_campana] ([item_campana_id], [apellido_materno], [apellido_paterno], [correlativo], [correlativo_base], [direccion], [distrito_id], [enviable], [nombres], [razon_social], [campana_id], [estado_item_campana_id], [detalle]) VALUES (120, N'TOLEDO', N'CAMPOS', 0, 4, N'El Algarrobal', 1528, 0, N'CHRISTIAN', N'', 9, NULL, NULL)
INSERT [dbo].[item_campana] ([item_campana_id], [apellido_materno], [apellido_paterno], [correlativo], [correlativo_base], [direccion], [distrito_id], [enviable], [nombres], [razon_social], [campana_id], [estado_item_campana_id], [detalle]) VALUES (121, N'RODRIGUEZ', N'SANTOS', 0, 2, N'Locumba', 1827, 0, N'RONALD', N'', 9, NULL, NULL)
INSERT [dbo].[item_campana] ([item_campana_id], [apellido_materno], [apellido_paterno], [correlativo], [correlativo_base], [direccion], [distrito_id], [enviable], [nombres], [razon_social], [campana_id], [estado_item_campana_id], [detalle]) VALUES (122, N'CHAVEZ', N'BALTAZAR', 0, 13, N'Chorrillos', 1282, 0, N'CESAR', N'', 9, NULL, NULL)
INSERT [dbo].[item_campana] ([item_campana_id], [apellido_materno], [apellido_paterno], [correlativo], [correlativo_base], [direccion], [distrito_id], [enviable], [nombres], [razon_social], [campana_id], [estado_item_campana_id], [detalle]) VALUES (123, N'TELLO', N'MEDINA', 0, 17, N'Manantay', 1857, 0, N'TELLO', N'', 9, NULL, NULL)
SET IDENTITY_INSERT [dbo].[item_campana] OFF
SET IDENTITY_INSERT [dbo].[estado_campana] ON 

INSERT [dbo].[estado_campana] ([estado_campana_id], [nombre]) VALUES (1, N'CREADO')
INSERT [dbo].[estado_campana] ([estado_campana_id], [nombre]) VALUES (2, N'ASIGNADA')
INSERT [dbo].[estado_campana] ([estado_campana_id], [nombre]) VALUES (3, N'GEOREFERENCIADA')
INSERT [dbo].[estado_campana] ([estado_campana_id], [nombre]) VALUES (4, N'GEOREFERENCIADA Y MODIFICADA')
INSERT [dbo].[estado_campana] ([estado_campana_id], [nombre]) VALUES (5, N'GEOREFERENCIADA Y CONFIRMADA')
INSERT [dbo].[estado_campana] ([estado_campana_id], [nombre]) VALUES (6, N'COTIZADA')
INSERT [dbo].[estado_campana] ([estado_campana_id], [nombre]) VALUES (7, N'CONFORMIDAD ADJUNTADA')
INSERT [dbo].[estado_campana] ([estado_campana_id], [nombre]) VALUES (8, N'CONFORMIDAD ACEPTADA')
INSERT [dbo].[estado_campana] ([estado_campana_id], [nombre]) VALUES (9, N'CONFORMIDAD DENEGADA')
INSERT [dbo].[estado_campana] ([estado_campana_id], [nombre]) VALUES (10, N'MUESTRA SOLICITADA')
INSERT [dbo].[estado_campana] ([estado_campana_id], [nombre]) VALUES (11, N'MUESTRA ADJUNTADA')
INSERT [dbo].[estado_campana] ([estado_campana_id], [nombre]) VALUES (12, N'MUESTRA ACEPTADA')
INSERT [dbo].[estado_campana] ([estado_campana_id], [nombre]) VALUES (13, N'MUESTRA DENEGADA')
INSERT [dbo].[estado_campana] ([estado_campana_id], [nombre]) VALUES (14, N'IMPRESION INICIADA')
INSERT [dbo].[estado_campana] ([estado_campana_id], [nombre]) VALUES (15, N'IMPRESION POR RECOGER')
INSERT [dbo].[estado_campana] ([estado_campana_id], [nombre]) VALUES (16, N'GUIA ADJUNTADA')
INSERT [dbo].[estado_campana] ([estado_campana_id], [nombre]) VALUES (17, N'GUIA VERIFICADA')
INSERT [dbo].[estado_campana] ([estado_campana_id], [nombre]) VALUES (18, N'GUIA DENEGADA')
INSERT [dbo].[estado_campana] ([estado_campana_id], [nombre]) VALUES (19, N'INICIADA')
SET IDENTITY_INSERT [dbo].[estado_campana] OFF
SET IDENTITY_INSERT [dbo].[seguimiento_campana] ON 

INSERT [dbo].[seguimiento_campana] ([seguimiento_campana_id], [fecha], [matricula], [observacion], [usuario_id], [campana_id], [estado_campana_id]) VALUES (1, CAST(N'2018-12-12T10:48:53.4790000' AS DateTime2), N'OHEREDIA', N'', 1, 1, 1)
INSERT [dbo].[seguimiento_campana] ([seguimiento_campana_id], [fecha], [matricula], [observacion], [usuario_id], [campana_id], [estado_campana_id]) VALUES (2, CAST(N'2018-12-12T10:53:27.2770000' AS DateTime2), N'OHEREDIA', N'', 1, 2, 1)
INSERT [dbo].[seguimiento_campana] ([seguimiento_campana_id], [fecha], [matricula], [observacion], [usuario_id], [campana_id], [estado_campana_id]) VALUES (3, CAST(N'2018-12-12T10:56:32.0570000' AS DateTime2), N'OHEREDIA', N'', 1, 3, 1)
INSERT [dbo].[seguimiento_campana] ([seguimiento_campana_id], [fecha], [matricula], [observacion], [usuario_id], [campana_id], [estado_campana_id]) VALUES (4, CAST(N'2018-12-12T10:54:19.5450000' AS DateTime2), N'OHEREDIA', N'Proveedor: URBANO. Costo: 540.0', 1, 1, 2)
INSERT [dbo].[seguimiento_campana] ([seguimiento_campana_id], [fecha], [matricula], [observacion], [usuario_id], [campana_id], [estado_campana_id]) VALUES (5, CAST(N'2018-12-12T10:57:19.5450000' AS DateTime2), N'OHEREDIA', N'', 1, 1, 3)
INSERT [dbo].[seguimiento_campana] ([seguimiento_campana_id], [fecha], [matricula], [observacion], [usuario_id], [campana_id], [estado_campana_id]) VALUES (6, CAST(N'2018-12-12T10:54:19.5450000' AS DateTime2), N'OHEREDIA', N'Proveedor: URBANO. Costo: 540.0', 1, 2, 2)
INSERT [dbo].[seguimiento_campana] ([seguimiento_campana_id], [fecha], [matricula], [observacion], [usuario_id], [campana_id], [estado_campana_id]) VALUES (7, CAST(N'2018-12-12T10:56:19.5450000' AS DateTime2), N'OHEREDIA', N'', 1, 2, 3)
INSERT [dbo].[seguimiento_campana] ([seguimiento_campana_id], [fecha], [matricula], [observacion], [usuario_id], [campana_id], [estado_campana_id]) VALUES (8, CAST(N'2018-12-12T10:58:19.5450000' AS DateTime2), N'OHEREDIA', N'', 1, 2, 5)
INSERT [dbo].[seguimiento_campana] ([seguimiento_campana_id], [fecha], [matricula], [observacion], [usuario_id], [campana_id], [estado_campana_id]) VALUES (9, CAST(N'2019-01-18T10:44:11.9590000' AS DateTime2), N'OHEREDIA', N'', 1, 4, 1)
INSERT [dbo].[seguimiento_campana] ([seguimiento_campana_id], [fecha], [matricula], [observacion], [usuario_id], [campana_id], [estado_campana_id]) VALUES (10, CAST(N'2019-01-18T10:45:55.0100000' AS DateTime2), N'OHEREDIA', N'', 1, 5, 1)
INSERT [dbo].[seguimiento_campana] ([seguimiento_campana_id], [fecha], [matricula], [observacion], [usuario_id], [campana_id], [estado_campana_id]) VALUES (11, CAST(N'2019-01-18T10:49:08.8590000' AS DateTime2), N'OHEREDIA', N'', 1, 6, 1)
INSERT [dbo].[seguimiento_campana] ([seguimiento_campana_id], [fecha], [matricula], [observacion], [usuario_id], [campana_id], [estado_campana_id]) VALUES (12, CAST(N'2019-01-18T10:50:28.3140000' AS DateTime2), N'OHEREDIA', N'Proveedor: DOCFLOW. Costo: S/ 1500.0', 1, 4, 2)
INSERT [dbo].[seguimiento_campana] ([seguimiento_campana_id], [fecha], [matricula], [observacion], [usuario_id], [campana_id], [estado_campana_id]) VALUES (13, CAST(N'2019-01-18T10:53:56.6350000' AS DateTime2), N'OHEREDIA', N'', 1, 7, 1)
INSERT [dbo].[seguimiento_campana] ([seguimiento_campana_id], [fecha], [matricula], [observacion], [usuario_id], [campana_id], [estado_campana_id]) VALUES (14, CAST(N'2019-01-18T10:55:10.3750000' AS DateTime2), N'OHEREDIA', N'Proveedor: URBANO. Costo: S/ 2000.0', 1, 7, 2)
INSERT [dbo].[seguimiento_campana] ([seguimiento_campana_id], [fecha], [matricula], [observacion], [usuario_id], [campana_id], [estado_campana_id]) VALUES (15, CAST(N'2019-01-18T10:56:42.3700000' AS DateTime2), N'OHEREDIA', NULL, 1, 7, 3)
INSERT [dbo].[seguimiento_campana] ([seguimiento_campana_id], [fecha], [matricula], [observacion], [usuario_id], [campana_id], [estado_campana_id]) VALUES (16, CAST(N'2019-01-18T10:58:00.3190000' AS DateTime2), N'OHEREDIA', N'Proveedor: DOCFLOW. Costo: S/ 1600.0', 1, 6, 2)
INSERT [dbo].[seguimiento_campana] ([seguimiento_campana_id], [fecha], [matricula], [observacion], [usuario_id], [campana_id], [estado_campana_id]) VALUES (17, CAST(N'2019-01-18T11:02:52.4260000' AS DateTime2), N'OHEREDIA', NULL, 1, 6, 3)
INSERT [dbo].[seguimiento_campana] ([seguimiento_campana_id], [fecha], [matricula], [observacion], [usuario_id], [campana_id], [estado_campana_id]) VALUES (18, CAST(N'2019-01-18T11:03:06.8320000' AS DateTime2), N'OHEREDIA', NULL, 1, 6, 6)
INSERT [dbo].[seguimiento_campana] ([seguimiento_campana_id], [fecha], [matricula], [observacion], [usuario_id], [campana_id], [estado_campana_id]) VALUES (19, CAST(N'2019-01-18T11:07:14.3300000' AS DateTime2), N'OHEREDIA', N'', 1, 8, 1)
INSERT [dbo].[seguimiento_campana] ([seguimiento_campana_id], [fecha], [matricula], [observacion], [usuario_id], [campana_id], [estado_campana_id]) VALUES (20, CAST(N'2019-01-18T11:07:39.3410000' AS DateTime2), N'OHEREDIA', NULL, 1, 7, 5)
INSERT [dbo].[seguimiento_campana] ([seguimiento_campana_id], [fecha], [matricula], [observacion], [usuario_id], [campana_id], [estado_campana_id]) VALUES (21, CAST(N'2019-01-18T11:09:10.8750000' AS DateTime2), N'OHEREDIA', N'', 1, 9, 1)
INSERT [dbo].[seguimiento_campana] ([seguimiento_campana_id], [fecha], [matricula], [observacion], [usuario_id], [campana_id], [estado_campana_id]) VALUES (22, CAST(N'2019-01-18T11:09:29.2810000' AS DateTime2), N'OHEREDIA', N'Proveedor: DOCFLOW. Costo: S/ 1500.0', 1, 5, 2)
INSERT [dbo].[seguimiento_campana] ([seguimiento_campana_id], [fecha], [matricula], [observacion], [usuario_id], [campana_id], [estado_campana_id]) VALUES (23, CAST(N'2019-01-18T11:10:17.9600000' AS DateTime2), N'OHEREDIA', NULL, 1, 5, 3)
INSERT [dbo].[seguimiento_campana] ([seguimiento_campana_id], [fecha], [matricula], [observacion], [usuario_id], [campana_id], [estado_campana_id]) VALUES (24, CAST(N'2019-01-18T11:10:35.8200000' AS DateTime2), N'OHEREDIA', NULL, 1, 5, 6)
SET IDENTITY_INSERT [dbo].[seguimiento_campana] OFF
SET IDENTITY_INSERT [dbo].[tipo_agrupado] ON 

INSERT [dbo].[tipo_agrupado] ([tipo_agrupado_id], [nombre]) VALUES (1, N'POR AGENCIA')
INSERT [dbo].[tipo_agrupado] ([tipo_agrupado_id], [nombre]) VALUES (2, N'POR UNIDAD ORGANIZATIVA')
INSERT [dbo].[tipo_agrupado] ([tipo_agrupado_id], [nombre]) VALUES (3, N'POR SUCURSAL - SEDE')
SET IDENTITY_INSERT [dbo].[tipo_agrupado] OFF
SET IDENTITY_INSERT [dbo].[centro_costos] ON 

INSERT [dbo].[centro_costos] ([centro_costos_id], [centro_costos_codigo], [cuenta_contable_codigo], [grupo_articulo], [orden_estadistica], [porcentaje], [auspiciador_id]) VALUES (1, N'asdas', N'sdasd', N'dasdas', N'dasdas', 100, 3)
INSERT [dbo].[centro_costos] ([centro_costos_id], [centro_costos_codigo], [cuenta_contable_codigo], [grupo_articulo], [orden_estadistica], [porcentaje], [auspiciador_id]) VALUES (2, N'010-010', N'011-0100', N'05', N'101', 100, 4)
INSERT [dbo].[centro_costos] ([centro_costos_id], [centro_costos_codigo], [cuenta_contable_codigo], [grupo_articulo], [orden_estadistica], [porcentaje], [auspiciador_id]) VALUES (3, N'010', N'0100-010', N'06', N'1002', 100, 5)
INSERT [dbo].[centro_costos] ([centro_costos_id], [centro_costos_codigo], [cuenta_contable_codigo], [grupo_articulo], [orden_estadistica], [porcentaje], [auspiciador_id]) VALUES (4, N'0159', N'0100-0200', N'09', N'150', 100, 6)
INSERT [dbo].[centro_costos] ([centro_costos_id], [centro_costos_codigo], [cuenta_contable_codigo], [grupo_articulo], [orden_estadistica], [porcentaje], [auspiciador_id]) VALUES (5, N'0165', N'0100-0502', N'05', N'158', 100, 7)
INSERT [dbo].[centro_costos] ([centro_costos_id], [centro_costos_codigo], [cuenta_contable_codigo], [grupo_articulo], [orden_estadistica], [porcentaje], [auspiciador_id]) VALUES (6, N'0100-52', N'0100-05500', N'05', N'0100-5', 100, 8)
INSERT [dbo].[centro_costos] ([centro_costos_id], [centro_costos_codigo], [cuenta_contable_codigo], [grupo_articulo], [orden_estadistica], [porcentaje], [auspiciador_id]) VALUES (7, N'0110', N'0100-0500-5', N'05', N'02063', 100, 9)
SET IDENTITY_INSERT [dbo].[centro_costos] OFF
