USE [db_campana_core]

SET IDENTITY_INSERT [dbo].[accion_restos_campana] ON 

INSERT [dbo].[accion_restos_campana] ([accion_restos_campana_id]) VALUES (1)
INSERT [dbo].[accion_restos_campana] ([accion_restos_campana_id]) VALUES (2)
INSERT [dbo].[accion_restos_campana] ([accion_restos_campana_id]) VALUES (3)
INSERT [dbo].[accion_restos_campana] ([accion_restos_campana_id]) VALUES (4)
INSERT [dbo].[accion_restos_campana] ([accion_restos_campana_id]) VALUES (5)
INSERT [dbo].[accion_restos_campana] ([accion_restos_campana_id]) VALUES (6)
INSERT [dbo].[accion_restos_campana] ([accion_restos_campana_id]) VALUES (7)
INSERT [dbo].[accion_restos_campana] ([accion_restos_campana_id]) VALUES (8)
INSERT [dbo].[accion_restos_campana] ([accion_restos_campana_id]) VALUES (9)
INSERT [dbo].[accion_restos_campana] ([accion_restos_campana_id]) VALUES (10)
INSERT [dbo].[accion_restos_campana] ([accion_restos_campana_id]) VALUES (11)
INSERT [dbo].[accion_restos_campana] ([accion_restos_campana_id]) VALUES (12)
INSERT [dbo].[accion_restos_campana] ([accion_restos_campana_id]) VALUES (13)
INSERT [dbo].[accion_restos_campana] ([accion_restos_campana_id]) VALUES (14)
INSERT [dbo].[accion_restos_campana] ([accion_restos_campana_id]) VALUES (15)
INSERT [dbo].[accion_restos_campana] ([accion_restos_campana_id]) VALUES (16)
INSERT [dbo].[accion_restos_campana] ([accion_restos_campana_id]) VALUES (17)
INSERT [dbo].[accion_restos_campana] ([accion_restos_campana_id]) VALUES (18)
INSERT [dbo].[accion_restos_campana] ([accion_restos_campana_id]) VALUES (19)
INSERT [dbo].[accion_restos_campana] ([accion_restos_campana_id]) VALUES (20)
INSERT [dbo].[accion_restos_campana] ([accion_restos_campana_id]) VALUES (21)
INSERT [dbo].[accion_restos_campana] ([accion_restos_campana_id]) VALUES (22)
INSERT [dbo].[accion_restos_campana] ([accion_restos_campana_id]) VALUES (23)
INSERT [dbo].[accion_restos_campana] ([accion_restos_campana_id]) VALUES (24)
INSERT [dbo].[accion_restos_campana] ([accion_restos_campana_id]) VALUES (25)
INSERT [dbo].[accion_restos_campana] ([accion_restos_campana_id]) VALUES (26)
INSERT [dbo].[accion_restos_campana] ([accion_restos_campana_id]) VALUES (27)
INSERT [dbo].[accion_restos_campana] ([accion_restos_campana_id]) VALUES (28)
INSERT [dbo].[accion_restos_campana] ([accion_restos_campana_id]) VALUES (29)
INSERT [dbo].[accion_restos_campana] ([accion_restos_campana_id]) VALUES (30)
INSERT [dbo].[accion_restos_campana] ([accion_restos_campana_id]) VALUES (31)
INSERT [dbo].[accion_restos_campana] ([accion_restos_campana_id]) VALUES (32)
INSERT [dbo].[accion_restos_campana] ([accion_restos_campana_id]) VALUES (33)
INSERT [dbo].[accion_restos_campana] ([accion_restos_campana_id]) VALUES (34)
INSERT [dbo].[accion_restos_campana] ([accion_restos_campana_id]) VALUES (35)
INSERT [dbo].[accion_restos_campana] ([accion_restos_campana_id]) VALUES (36)
INSERT [dbo].[accion_restos_campana] ([accion_restos_campana_id]) VALUES (37)
INSERT [dbo].[accion_restos_campana] ([accion_restos_campana_id]) VALUES (38)
INSERT [dbo].[accion_restos_campana] ([accion_restos_campana_id]) VALUES (39)
INSERT [dbo].[accion_restos_campana] ([accion_restos_campana_id]) VALUES (40)
INSERT [dbo].[accion_restos_campana] ([accion_restos_campana_id]) VALUES (41)
INSERT [dbo].[accion_restos_campana] ([accion_restos_campana_id]) VALUES (42)
INSERT [dbo].[accion_restos_campana] ([accion_restos_campana_id]) VALUES (43)
INSERT [dbo].[accion_restos_campana] ([accion_restos_campana_id]) VALUES (44)
INSERT [dbo].[accion_restos_campana] ([accion_restos_campana_id]) VALUES (45)
INSERT [dbo].[accion_restos_campana] ([accion_restos_campana_id]) VALUES (46)
INSERT [dbo].[accion_restos_campana] ([accion_restos_campana_id]) VALUES (47)
INSERT [dbo].[accion_restos_campana] ([accion_restos_campana_id]) VALUES (48)
SET IDENTITY_INSERT [dbo].[accion_restos_campana] OFF
SET IDENTITY_INSERT [dbo].[accion_restos_proveedor] ON 

INSERT [dbo].[accion_restos_proveedor] ([accion_restos_proveedor_id], [nombre]) VALUES (1, N'Que el proveedor los destruya')
INSERT [dbo].[accion_restos_proveedor] ([accion_restos_proveedor_id], [nombre]) VALUES (2, N'Devolver a almacén')
SET IDENTITY_INSERT [dbo].[accion_restos_proveedor] OFF
INSERT [dbo].[accion_restos_campana_proveedor] ([accion_restos_campana_id], [accion_restos_proveedor_id]) VALUES (3, 2)
INSERT [dbo].[accion_restos_campana_proveedor] ([accion_restos_campana_id], [accion_restos_proveedor_id]) VALUES (4, 1)
INSERT [dbo].[accion_restos_campana_proveedor] ([accion_restos_campana_id], [accion_restos_proveedor_id]) VALUES (6, 1)
INSERT [dbo].[accion_restos_campana_proveedor] ([accion_restos_campana_id], [accion_restos_proveedor_id]) VALUES (7, 1)
INSERT [dbo].[accion_restos_campana_proveedor] ([accion_restos_campana_id], [accion_restos_proveedor_id]) VALUES (8, 1)
INSERT [dbo].[accion_restos_campana_proveedor] ([accion_restos_campana_id], [accion_restos_proveedor_id]) VALUES (9, 1)
INSERT [dbo].[accion_restos_campana_proveedor] ([accion_restos_campana_id], [accion_restos_proveedor_id]) VALUES (10, 1)
INSERT [dbo].[accion_restos_campana_proveedor] ([accion_restos_campana_id], [accion_restos_proveedor_id]) VALUES (11, 2)
INSERT [dbo].[accion_restos_campana_proveedor] ([accion_restos_campana_id], [accion_restos_proveedor_id]) VALUES (12, 1)
INSERT [dbo].[accion_restos_campana_proveedor] ([accion_restos_campana_id], [accion_restos_proveedor_id]) VALUES (13, 1)
INSERT [dbo].[accion_restos_campana_proveedor] ([accion_restos_campana_id], [accion_restos_proveedor_id]) VALUES (14, 1)
INSERT [dbo].[accion_restos_campana_proveedor] ([accion_restos_campana_id], [accion_restos_proveedor_id]) VALUES (15, 1)
INSERT [dbo].[accion_restos_campana_proveedor] ([accion_restos_campana_id], [accion_restos_proveedor_id]) VALUES (16, 2)
INSERT [dbo].[accion_restos_campana_proveedor] ([accion_restos_campana_id], [accion_restos_proveedor_id]) VALUES (17, 1)
INSERT [dbo].[accion_restos_campana_proveedor] ([accion_restos_campana_id], [accion_restos_proveedor_id]) VALUES (18, 1)
INSERT [dbo].[accion_restos_campana_proveedor] ([accion_restos_campana_id], [accion_restos_proveedor_id]) VALUES (19, 1)
INSERT [dbo].[accion_restos_campana_proveedor] ([accion_restos_campana_id], [accion_restos_proveedor_id]) VALUES (20, 1)
INSERT [dbo].[accion_restos_campana_proveedor] ([accion_restos_campana_id], [accion_restos_proveedor_id]) VALUES (21, 1)
INSERT [dbo].[accion_restos_campana_proveedor] ([accion_restos_campana_id], [accion_restos_proveedor_id]) VALUES (22, 1)
INSERT [dbo].[accion_restos_campana_proveedor] ([accion_restos_campana_id], [accion_restos_proveedor_id]) VALUES (23, 1)
INSERT [dbo].[accion_restos_campana_proveedor] ([accion_restos_campana_id], [accion_restos_proveedor_id]) VALUES (24, 1)
INSERT [dbo].[accion_restos_campana_proveedor] ([accion_restos_campana_id], [accion_restos_proveedor_id]) VALUES (25, 1)
INSERT [dbo].[accion_restos_campana_proveedor] ([accion_restos_campana_id], [accion_restos_proveedor_id]) VALUES (26, 2)
INSERT [dbo].[accion_restos_campana_proveedor] ([accion_restos_campana_id], [accion_restos_proveedor_id]) VALUES (27, 1)
INSERT [dbo].[accion_restos_campana_proveedor] ([accion_restos_campana_id], [accion_restos_proveedor_id]) VALUES (28, 2)
INSERT [dbo].[accion_restos_campana_proveedor] ([accion_restos_campana_id], [accion_restos_proveedor_id]) VALUES (29, 1)
INSERT [dbo].[accion_restos_campana_proveedor] ([accion_restos_campana_id], [accion_restos_proveedor_id]) VALUES (30, 1)
INSERT [dbo].[accion_restos_campana_proveedor] ([accion_restos_campana_id], [accion_restos_proveedor_id]) VALUES (31, 1)
INSERT [dbo].[accion_restos_campana_proveedor] ([accion_restos_campana_id], [accion_restos_proveedor_id]) VALUES (32, 1)
INSERT [dbo].[accion_restos_campana_proveedor] ([accion_restos_campana_id], [accion_restos_proveedor_id]) VALUES (33, 2)
INSERT [dbo].[accion_restos_campana_proveedor] ([accion_restos_campana_id], [accion_restos_proveedor_id]) VALUES (34, 1)
INSERT [dbo].[accion_restos_campana_proveedor] ([accion_restos_campana_id], [accion_restos_proveedor_id]) VALUES (35, 2)
INSERT [dbo].[accion_restos_campana_proveedor] ([accion_restos_campana_id], [accion_restos_proveedor_id]) VALUES (36, 1)
INSERT [dbo].[accion_restos_campana_proveedor] ([accion_restos_campana_id], [accion_restos_proveedor_id]) VALUES (37, 1)
INSERT [dbo].[accion_restos_campana_proveedor] ([accion_restos_campana_id], [accion_restos_proveedor_id]) VALUES (38, 1)
INSERT [dbo].[accion_restos_campana_proveedor] ([accion_restos_campana_id], [accion_restos_proveedor_id]) VALUES (39, 2)
INSERT [dbo].[accion_restos_campana_proveedor] ([accion_restos_campana_id], [accion_restos_proveedor_id]) VALUES (40, 1)
INSERT [dbo].[accion_restos_campana_proveedor] ([accion_restos_campana_id], [accion_restos_proveedor_id]) VALUES (41, 2)
INSERT [dbo].[accion_restos_campana_proveedor] ([accion_restos_campana_id], [accion_restos_proveedor_id]) VALUES (42, 2)
INSERT [dbo].[accion_restos_campana_proveedor] ([accion_restos_campana_id], [accion_restos_proveedor_id]) VALUES (43, 1)
INSERT [dbo].[accion_restos_campana_proveedor] ([accion_restos_campana_id], [accion_restos_proveedor_id]) VALUES (44, 2)
INSERT [dbo].[accion_restos_campana_proveedor] ([accion_restos_campana_id], [accion_restos_proveedor_id]) VALUES (45, 2)
INSERT [dbo].[accion_restos_campana_proveedor] ([accion_restos_campana_id], [accion_restos_proveedor_id]) VALUES (46, 2)
INSERT [dbo].[accion_restos_campana_proveedor] ([accion_restos_campana_id], [accion_restos_proveedor_id]) VALUES (47, 1)
INSERT [dbo].[accion_restos_campana_proveedor] ([accion_restos_campana_id], [accion_restos_proveedor_id]) VALUES (48, 2)
SET IDENTITY_INSERT [dbo].[accion_restos_cargos_campana] ON 

INSERT [dbo].[accion_restos_cargos_campana] ([accion_restos_cargos_campana_id], [accion_restos_campana_id]) VALUES (1, 1)
INSERT [dbo].[accion_restos_cargos_campana] ([accion_restos_cargos_campana_id], [accion_restos_campana_id]) VALUES (2, 3)
INSERT [dbo].[accion_restos_cargos_campana] ([accion_restos_cargos_campana_id], [accion_restos_campana_id]) VALUES (3, 5)
INSERT [dbo].[accion_restos_cargos_campana] ([accion_restos_cargos_campana_id], [accion_restos_campana_id]) VALUES (4, 7)
INSERT [dbo].[accion_restos_cargos_campana] ([accion_restos_cargos_campana_id], [accion_restos_campana_id]) VALUES (5, 9)
INSERT [dbo].[accion_restos_cargos_campana] ([accion_restos_cargos_campana_id], [accion_restos_campana_id]) VALUES (6, 11)
INSERT [dbo].[accion_restos_cargos_campana] ([accion_restos_cargos_campana_id], [accion_restos_campana_id]) VALUES (7, 13)
INSERT [dbo].[accion_restos_cargos_campana] ([accion_restos_cargos_campana_id], [accion_restos_campana_id]) VALUES (8, 15)
INSERT [dbo].[accion_restos_cargos_campana] ([accion_restos_cargos_campana_id], [accion_restos_campana_id]) VALUES (9, 17)
INSERT [dbo].[accion_restos_cargos_campana] ([accion_restos_cargos_campana_id], [accion_restos_campana_id]) VALUES (10, 19)
INSERT [dbo].[accion_restos_cargos_campana] ([accion_restos_cargos_campana_id], [accion_restos_campana_id]) VALUES (11, 21)
INSERT [dbo].[accion_restos_cargos_campana] ([accion_restos_cargos_campana_id], [accion_restos_campana_id]) VALUES (12, 23)
INSERT [dbo].[accion_restos_cargos_campana] ([accion_restos_cargos_campana_id], [accion_restos_campana_id]) VALUES (13, 25)
INSERT [dbo].[accion_restos_cargos_campana] ([accion_restos_cargos_campana_id], [accion_restos_campana_id]) VALUES (14, 27)
INSERT [dbo].[accion_restos_cargos_campana] ([accion_restos_cargos_campana_id], [accion_restos_campana_id]) VALUES (15, 29)
INSERT [dbo].[accion_restos_cargos_campana] ([accion_restos_cargos_campana_id], [accion_restos_campana_id]) VALUES (16, 31)
INSERT [dbo].[accion_restos_cargos_campana] ([accion_restos_cargos_campana_id], [accion_restos_campana_id]) VALUES (17, 33)
INSERT [dbo].[accion_restos_cargos_campana] ([accion_restos_cargos_campana_id], [accion_restos_campana_id]) VALUES (18, 35)
INSERT [dbo].[accion_restos_cargos_campana] ([accion_restos_cargos_campana_id], [accion_restos_campana_id]) VALUES (19, 37)
INSERT [dbo].[accion_restos_cargos_campana] ([accion_restos_cargos_campana_id], [accion_restos_campana_id]) VALUES (20, 39)
INSERT [dbo].[accion_restos_cargos_campana] ([accion_restos_cargos_campana_id], [accion_restos_campana_id]) VALUES (21, 41)
INSERT [dbo].[accion_restos_cargos_campana] ([accion_restos_cargos_campana_id], [accion_restos_campana_id]) VALUES (22, 43)
INSERT [dbo].[accion_restos_cargos_campana] ([accion_restos_cargos_campana_id], [accion_restos_campana_id]) VALUES (23, 45)
INSERT [dbo].[accion_restos_cargos_campana] ([accion_restos_cargos_campana_id], [accion_restos_campana_id]) VALUES (24, 47)
SET IDENTITY_INSERT [dbo].[accion_restos_cargos_campana] OFF
SET IDENTITY_INSERT [dbo].[accion_restos_rezagos_campana] ON 

INSERT [dbo].[accion_restos_rezagos_campana] ([accion_restos_rezagos_campana_id], [accion_restos_campana_id]) VALUES (1, 2)
INSERT [dbo].[accion_restos_rezagos_campana] ([accion_restos_rezagos_campana_id], [accion_restos_campana_id]) VALUES (2, 4)
INSERT [dbo].[accion_restos_rezagos_campana] ([accion_restos_rezagos_campana_id], [accion_restos_campana_id]) VALUES (3, 6)
INSERT [dbo].[accion_restos_rezagos_campana] ([accion_restos_rezagos_campana_id], [accion_restos_campana_id]) VALUES (4, 8)
INSERT [dbo].[accion_restos_rezagos_campana] ([accion_restos_rezagos_campana_id], [accion_restos_campana_id]) VALUES (5, 10)
INSERT [dbo].[accion_restos_rezagos_campana] ([accion_restos_rezagos_campana_id], [accion_restos_campana_id]) VALUES (6, 12)
INSERT [dbo].[accion_restos_rezagos_campana] ([accion_restos_rezagos_campana_id], [accion_restos_campana_id]) VALUES (7, 14)
INSERT [dbo].[accion_restos_rezagos_campana] ([accion_restos_rezagos_campana_id], [accion_restos_campana_id]) VALUES (8, 16)
INSERT [dbo].[accion_restos_rezagos_campana] ([accion_restos_rezagos_campana_id], [accion_restos_campana_id]) VALUES (9, 18)
INSERT [dbo].[accion_restos_rezagos_campana] ([accion_restos_rezagos_campana_id], [accion_restos_campana_id]) VALUES (10, 20)
INSERT [dbo].[accion_restos_rezagos_campana] ([accion_restos_rezagos_campana_id], [accion_restos_campana_id]) VALUES (11, 22)
INSERT [dbo].[accion_restos_rezagos_campana] ([accion_restos_rezagos_campana_id], [accion_restos_campana_id]) VALUES (12, 24)
INSERT [dbo].[accion_restos_rezagos_campana] ([accion_restos_rezagos_campana_id], [accion_restos_campana_id]) VALUES (13, 26)
INSERT [dbo].[accion_restos_rezagos_campana] ([accion_restos_rezagos_campana_id], [accion_restos_campana_id]) VALUES (14, 28)
INSERT [dbo].[accion_restos_rezagos_campana] ([accion_restos_rezagos_campana_id], [accion_restos_campana_id]) VALUES (15, 30)
INSERT [dbo].[accion_restos_rezagos_campana] ([accion_restos_rezagos_campana_id], [accion_restos_campana_id]) VALUES (16, 32)
INSERT [dbo].[accion_restos_rezagos_campana] ([accion_restos_rezagos_campana_id], [accion_restos_campana_id]) VALUES (17, 34)
INSERT [dbo].[accion_restos_rezagos_campana] ([accion_restos_rezagos_campana_id], [accion_restos_campana_id]) VALUES (18, 36)
INSERT [dbo].[accion_restos_rezagos_campana] ([accion_restos_rezagos_campana_id], [accion_restos_campana_id]) VALUES (19, 38)
INSERT [dbo].[accion_restos_rezagos_campana] ([accion_restos_rezagos_campana_id], [accion_restos_campana_id]) VALUES (20, 40)
INSERT [dbo].[accion_restos_rezagos_campana] ([accion_restos_rezagos_campana_id], [accion_restos_campana_id]) VALUES (21, 42)
INSERT [dbo].[accion_restos_rezagos_campana] ([accion_restos_rezagos_campana_id], [accion_restos_campana_id]) VALUES (22, 44)
INSERT [dbo].[accion_restos_rezagos_campana] ([accion_restos_rezagos_campana_id], [accion_restos_campana_id]) VALUES (23, 46)
INSERT [dbo].[accion_restos_rezagos_campana] ([accion_restos_rezagos_campana_id], [accion_restos_campana_id]) VALUES (24, 48)
SET IDENTITY_INSERT [dbo].[accion_restos_rezagos_campana] OFF
INSERT [dbo].[informacion_devolucion_restos] ([contacto], [direccion], [observacion], [accion_restos_campana_id]) VALUES (N'ZXCZXC', N'ZXCZXCZXC', N'ZXCZXCZ', 1)
INSERT [dbo].[informacion_devolucion_restos] ([contacto], [direccion], [observacion], [accion_restos_campana_id]) VALUES (N'XCZXCZXC', N'ZXCZXCZX', N'CXZCZXC', 2)
INSERT [dbo].[informacion_devolucion_restos] ([contacto], [direccion], [observacion], [accion_restos_campana_id]) VALUES (N'dasdasd', N'asdas', N'dasdasd', 5)
SET IDENTITY_INSERT [dbo].[auspiciador] ON 

INSERT [dbo].[auspiciador] ([auspiciador_id]) VALUES (1)
INSERT [dbo].[auspiciador] ([auspiciador_id]) VALUES (2)
INSERT [dbo].[auspiciador] ([auspiciador_id]) VALUES (3)
INSERT [dbo].[auspiciador] ([auspiciador_id]) VALUES (4)
INSERT [dbo].[auspiciador] ([auspiciador_id]) VALUES (5)
INSERT [dbo].[auspiciador] ([auspiciador_id]) VALUES (6)
INSERT [dbo].[auspiciador] ([auspiciador_id]) VALUES (7)
INSERT [dbo].[auspiciador] ([auspiciador_id]) VALUES (8)
INSERT [dbo].[auspiciador] ([auspiciador_id]) VALUES (9)
INSERT [dbo].[auspiciador] ([auspiciador_id]) VALUES (10)
INSERT [dbo].[auspiciador] ([auspiciador_id]) VALUES (11)
INSERT [dbo].[auspiciador] ([auspiciador_id]) VALUES (12)
INSERT [dbo].[auspiciador] ([auspiciador_id]) VALUES (13)
INSERT [dbo].[auspiciador] ([auspiciador_id]) VALUES (14)
INSERT [dbo].[auspiciador] ([auspiciador_id]) VALUES (15)
INSERT [dbo].[auspiciador] ([auspiciador_id]) VALUES (16)
INSERT [dbo].[auspiciador] ([auspiciador_id]) VALUES (17)
INSERT [dbo].[auspiciador] ([auspiciador_id]) VALUES (18)
INSERT [dbo].[auspiciador] ([auspiciador_id]) VALUES (19)
INSERT [dbo].[auspiciador] ([auspiciador_id]) VALUES (20)
INSERT [dbo].[auspiciador] ([auspiciador_id]) VALUES (21)
INSERT [dbo].[auspiciador] ([auspiciador_id]) VALUES (22)
INSERT [dbo].[auspiciador] ([auspiciador_id]) VALUES (23)
INSERT [dbo].[auspiciador] ([auspiciador_id]) VALUES (24)
SET IDENTITY_INSERT [dbo].[auspiciador] OFF
SET IDENTITY_INSERT [dbo].[proveedor_impresion] ON 

INSERT [dbo].[proveedor_impresion] ([proveedor_impresion_id], [contacto], [direccion], [fecha_recojo], [nombre]) VALUES (1, N'asdasdsdasd', N'asdasd', CAST(N'2018-12-30T15:50:00.0000000' AS DateTime2), N'asdsad')
INSERT [dbo].[proveedor_impresion] ([proveedor_impresion_id], [contacto], [direccion], [fecha_recojo], [nombre]) VALUES (2, N'sdfsdfdsfsdfdsf', N'dsadsd', CAST(N'2019-01-23T18:58:00.0000000' AS DateTime2), N'dfadsfsdf')
INSERT [dbo].[proveedor_impresion] ([proveedor_impresion_id], [contacto], [direccion], [fecha_recojo], [nombre]) VALUES (3, N'abc', N'abc', CAST(N'2019-02-20T22:10:00.0000000' AS DateTime2), N'abc')
INSERT [dbo].[proveedor_impresion] ([proveedor_impresion_id], [contacto], [direccion], [fecha_recojo], [nombre]) VALUES (4, N'abc', N'abc', CAST(N'2019-02-07T03:15:00.0000000' AS DateTime2), N'abc')
INSERT [dbo].[proveedor_impresion] ([proveedor_impresion_id], [contacto], [direccion], [fecha_recojo], [nombre]) VALUES (5, N'abc', N'abc', CAST(N'2019-02-20T16:16:00.0000000' AS DateTime2), N'abc')
INSERT [dbo].[proveedor_impresion] ([proveedor_impresion_id], [contacto], [direccion], [fecha_recojo], [nombre]) VALUES (6, N'abc', N'abc', CAST(N'2019-02-12T12:12:00.0000000' AS DateTime2), N'abc')
INSERT [dbo].[proveedor_impresion] ([proveedor_impresion_id], [contacto], [direccion], [fecha_recojo], [nombre]) VALUES (7, N'abc', N'abc', CAST(N'2019-02-12T19:19:00.0000000' AS DateTime2), N'abc')
SET IDENTITY_INSERT [dbo].[proveedor_impresion] OFF
SET IDENTITY_INSERT [dbo].[tipo_campana] ON 

INSERT [dbo].[tipo_campana] ([tipo_campana_id], [nombre]) VALUES (1, N'SENSIBLE')
INSERT [dbo].[tipo_campana] ([tipo_campana_id], [nombre]) VALUES (2, N'NO SENSIBLE')
SET IDENTITY_INSERT [dbo].[tipo_campana] OFF
SET IDENTITY_INSERT [dbo].[tipo_destino] ON 

INSERT [dbo].[tipo_destino] ([tipo_destino_id], [nombre]) VALUES (1, N'INTERNA')
INSERT [dbo].[tipo_destino] ([tipo_destino_id], [nombre]) VALUES (2, N'EXTERNA')
SET IDENTITY_INSERT [dbo].[tipo_destino] OFF
SET IDENTITY_INSERT [dbo].[campana] ON 

INSERT [dbo].[campana] ([campana_id], [autorizado], [buzon_id], [costo_campana], [fecha_distribucion], [nombre], [observacion], [paquete_habilitado_id], [plazo_id], [proveedor_id], [regulatorio], [requiere_georreferencia], [requiere_gps], [ruta_autorizacion], [ruta_guia], [ruta_muestra], [tipo_documento_id], [accion_restos_cargos_campana_id], [accion_restos_rezagos_campana_id], [auspiciador_id], [proveedor_impresion_id], [tipo_campana], [tipo_destino_id]) VALUES (1, 0, 1, 1100, CAST(N'2019-02-13T00:00:00.0000000' AS DateTime2), N'CAMPAÑA REGALOS', N'', 1, 1, 1, 0, 1, 0, N'1.jpeg', N'1.png', N'1.jpg', 2, 10, 10, 10, 3, 1, 2)
INSERT [dbo].[campana] ([campana_id], [autorizado], [buzon_id], [costo_campana], [fecha_distribucion], [nombre], [observacion], [paquete_habilitado_id], [plazo_id], [proveedor_id], [regulatorio], [requiere_georreferencia], [requiere_gps], [ruta_autorizacion], [ruta_guia], [ruta_muestra], [tipo_documento_id], [accion_restos_cargos_campana_id], [accion_restos_rezagos_campana_id], [auspiciador_id], [proveedor_impresion_id], [tipo_campana], [tipo_destino_id]) VALUES (2, 0, 1, 1000, CAST(N'2019-02-12T00:00:00.0000000' AS DateTime2), N'CAMPAÑA POLOS VERANO', N'', 4, 1, 1, 0, 1, 0, N'2.jpg', N'2.png', N'2.jpg', 1, 11, 11, 11, 4, 2, 2)
INSERT [dbo].[campana] ([campana_id], [autorizado], [buzon_id], [costo_campana], [fecha_distribucion], [nombre], [observacion], [paquete_habilitado_id], [plazo_id], [proveedor_id], [regulatorio], [requiere_georreferencia], [requiere_gps], [ruta_autorizacion], [ruta_guia], [ruta_muestra], [tipo_documento_id], [accion_restos_cargos_campana_id], [accion_restos_rezagos_campana_id], [auspiciador_id], [proveedor_impresion_id], [tipo_campana], [tipo_destino_id]) VALUES (3, 0, 1, 1600, CAST(N'2019-02-12T00:00:00.0000000' AS DateTime2), N'CAMPAÑA REPELENTES 2019', NULL, 5, 2, 1, 0, 1, 0, N'3.jpg', N'3.png', N'3.jpg', 2, 12, 12, 12, 5, 1, 2)
INSERT [dbo].[campana] ([campana_id], [autorizado], [buzon_id], [costo_campana], [fecha_distribucion], [nombre], [observacion], [paquete_habilitado_id], [plazo_id], [proveedor_id], [regulatorio], [requiere_georreferencia], [requiere_gps], [ruta_autorizacion], [ruta_guia], [ruta_muestra], [tipo_documento_id], [accion_restos_cargos_campana_id], [accion_restos_rezagos_campana_id], [auspiciador_id], [proveedor_impresion_id], [tipo_campana], [tipo_destino_id]) VALUES (4, 0, 1, 1110, CAST(N'2019-02-13T00:00:00.0000000' AS DateTime2), N'CAMPAÑA RELOJES', NULL, 4, 1, 1, 1, 1, 1, N'4.jpg', N'4.png', N'4.png', 2, 13, 13, 13, 6, 1, 2)
INSERT [dbo].[campana] ([campana_id], [autorizado], [buzon_id], [costo_campana], [fecha_distribucion], [nombre], [observacion], [paquete_habilitado_id], [plazo_id], [proveedor_id], [regulatorio], [requiere_georreferencia], [requiere_gps], [ruta_autorizacion], [ruta_guia], [ruta_muestra], [tipo_documento_id], [accion_restos_cargos_campana_id], [accion_restos_rezagos_campana_id], [auspiciador_id], [proveedor_impresion_id], [tipo_campana], [tipo_destino_id]) VALUES (5, 0, 1, 5500, NULL, N'CAMPAÑA NAVIDAD 2019', NULL, 5, 1, 1, 0, 1, 1, N'5.jpg', N'5.png', N'5.jpg', 1, 14, 14, 14, 7, 2, 2)
INSERT [dbo].[campana] ([campana_id], [autorizado], [buzon_id], [costo_campana], [fecha_distribucion], [nombre], [observacion], [paquete_habilitado_id], [plazo_id], [proveedor_id], [regulatorio], [requiere_georreferencia], [requiere_gps], [ruta_autorizacion], [ruta_guia], [ruta_muestra], [tipo_documento_id], [accion_restos_cargos_campana_id], [accion_restos_rezagos_campana_id], [auspiciador_id], [proveedor_impresion_id], [tipo_campana], [tipo_destino_id]) VALUES (6, 0, 1, 1600, NULL, N'CAMPAÑA REVISTAS', N'', 6, 1, 1, 0, 1, 0, N'6.png', NULL, N'6.jpg', 1, 15, 15, 15, NULL, 2, 2)
INSERT [dbo].[campana] ([campana_id], [autorizado], [buzon_id], [costo_campana], [fecha_distribucion], [nombre], [observacion], [paquete_habilitado_id], [plazo_id], [proveedor_id], [regulatorio], [requiere_georreferencia], [requiere_gps], [ruta_autorizacion], [ruta_guia], [ruta_muestra], [tipo_documento_id], [accion_restos_cargos_campana_id], [accion_restos_rezagos_campana_id], [auspiciador_id], [proveedor_impresion_id], [tipo_campana], [tipo_destino_id]) VALUES (7, 0, 1, 1450, NULL, N'CAMPAÑA HELADOS 2019', NULL, 2, 1, 1, 0, 1, 0, N'7.jpg', NULL, NULL, 1, 16, 16, 16, NULL, 1, 2)
INSERT [dbo].[campana] ([campana_id], [autorizado], [buzon_id], [costo_campana], [fecha_distribucion], [nombre], [observacion], [paquete_habilitado_id], [plazo_id], [proveedor_id], [regulatorio], [requiere_georreferencia], [requiere_gps], [ruta_autorizacion], [ruta_guia], [ruta_muestra], [tipo_documento_id], [accion_restos_cargos_campana_id], [accion_restos_rezagos_campana_id], [auspiciador_id], [proveedor_impresion_id], [tipo_campana], [tipo_destino_id]) VALUES (8, 0, 1, 1100, NULL, N'CAMPAÑA TOKEN 2019', NULL, 5, 1, 2, 1, 1, 1, N'8.jpg', NULL, NULL, 2, 17, 17, 17, NULL, 2, 2)
INSERT [dbo].[campana] ([campana_id], [autorizado], [buzon_id], [costo_campana], [fecha_distribucion], [nombre], [observacion], [paquete_habilitado_id], [plazo_id], [proveedor_id], [regulatorio], [requiere_georreferencia], [requiere_gps], [ruta_autorizacion], [ruta_guia], [ruta_muestra], [tipo_documento_id], [accion_restos_cargos_campana_id], [accion_restos_rezagos_campana_id], [auspiciador_id], [proveedor_impresion_id], [tipo_campana], [tipo_destino_id]) VALUES (9, 0, 1, 1200, NULL, N'CAMPAÑA FAMILIAR', N'', 2, 1, 1, 0, 1, 0, NULL, NULL, NULL, 1, 18, 18, 18, NULL, 2, 2)
INSERT [dbo].[campana] ([campana_id], [autorizado], [buzon_id], [costo_campana], [fecha_distribucion], [nombre], [observacion], [paquete_habilitado_id], [plazo_id], [proveedor_id], [regulatorio], [requiere_georreferencia], [requiere_gps], [ruta_autorizacion], [ruta_guia], [ruta_muestra], [tipo_documento_id], [accion_restos_cargos_campana_id], [accion_restos_rezagos_campana_id], [auspiciador_id], [proveedor_impresion_id], [tipo_campana], [tipo_destino_id]) VALUES (10, 0, 1, 4500, NULL, N'CAMPAÑA REGALOS 2', N'', 3, 1, 1, 0, 1, 0, NULL, NULL, NULL, 1, 19, 19, 19, NULL, 2, 2)
INSERT [dbo].[campana] ([campana_id], [autorizado], [buzon_id], [costo_campana], [fecha_distribucion], [nombre], [observacion], [paquete_habilitado_id], [plazo_id], [proveedor_id], [regulatorio], [requiere_georreferencia], [requiere_gps], [ruta_autorizacion], [ruta_guia], [ruta_muestra], [tipo_documento_id], [accion_restos_cargos_campana_id], [accion_restos_rezagos_campana_id], [auspiciador_id], [proveedor_impresion_id], [tipo_campana], [tipo_destino_id]) VALUES (11, 0, 1, 1500, NULL, N'CAMPAÑA POLOS VERANO 2', N'', 5, 1, 2, 1, 1, 1, NULL, NULL, NULL, 1, 20, 20, 20, NULL, 1, 2)
INSERT [dbo].[campana] ([campana_id], [autorizado], [buzon_id], [costo_campana], [fecha_distribucion], [nombre], [observacion], [paquete_habilitado_id], [plazo_id], [proveedor_id], [regulatorio], [requiere_georreferencia], [requiere_gps], [ruta_autorizacion], [ruta_guia], [ruta_muestra], [tipo_documento_id], [accion_restos_cargos_campana_id], [accion_restos_rezagos_campana_id], [auspiciador_id], [proveedor_impresion_id], [tipo_campana], [tipo_destino_id]) VALUES (12, 0, 1, 1600, NULL, N'CAMPAÑA RELOJES 2', N'', 2, 1, 2, 0, 1, 0, NULL, NULL, NULL, 1, 21, 21, 21, NULL, 1, 2)
INSERT [dbo].[campana] ([campana_id], [autorizado], [buzon_id], [costo_campana], [fecha_distribucion], [nombre], [observacion], [paquete_habilitado_id], [plazo_id], [proveedor_id], [regulatorio], [requiere_georreferencia], [requiere_gps], [ruta_autorizacion], [ruta_guia], [ruta_muestra], [tipo_documento_id], [accion_restos_cargos_campana_id], [accion_restos_rezagos_campana_id], [auspiciador_id], [proveedor_impresion_id], [tipo_campana], [tipo_destino_id]) VALUES (13, 0, 1, 4500, NULL, N'CAMPAÑA VALES VERANO', N'', 2, 1, 2, 0, 1, 0, NULL, NULL, NULL, 1, 22, 22, 22, NULL, 2, 2)
INSERT [dbo].[campana] ([campana_id], [autorizado], [buzon_id], [costo_campana], [fecha_distribucion], [nombre], [observacion], [paquete_habilitado_id], [plazo_id], [proveedor_id], [regulatorio], [requiere_georreferencia], [requiere_gps], [ruta_autorizacion], [ruta_guia], [ruta_muestra], [tipo_documento_id], [accion_restos_cargos_campana_id], [accion_restos_rezagos_campana_id], [auspiciador_id], [proveedor_impresion_id], [tipo_campana], [tipo_destino_id]) VALUES (14, 0, 1, 1060, NULL, N'CAMPAÑA FAMILIAR 2', N'', 1, 1, 1, 0, 1, 0, NULL, NULL, NULL, 1, 23, 23, 23, NULL, 2, 2)
INSERT [dbo].[campana] ([campana_id], [autorizado], [buzon_id], [costo_campana], [fecha_distribucion], [nombre], [observacion], [paquete_habilitado_id], [plazo_id], [proveedor_id], [regulatorio], [requiere_georreferencia], [requiere_gps], [ruta_autorizacion], [ruta_guia], [ruta_muestra], [tipo_documento_id], [accion_restos_cargos_campana_id], [accion_restos_rezagos_campana_id], [auspiciador_id], [proveedor_impresion_id], [tipo_campana], [tipo_destino_id]) VALUES (15, 0, 1, NULL, NULL, N'CAMPAÑA REVISTAS 2', N'', 7, 2, NULL, 0, 1, 1, NULL, NULL, NULL, 1, 24, 24, 24, NULL, NULL, 2)
SET IDENTITY_INSERT [dbo].[campana] OFF
INSERT [dbo].[empresa_auspiciadora] ([contacto], [direccion], [razon_social], [ruc], [auspiciador_id]) VALUES (N'SDASDASD', N'DASDASDA', N'ASDASDASD', N'SADASDASDAS', 1)
INSERT [dbo].[empresa_auspiciadora] ([contacto], [direccion], [razon_social], [ruc], [auspiciador_id]) VALUES (N'xcvxcvxcv', N'xcvxcvcxv', N'xcvcxv', N'cxvcxv', 2)
INSERT [dbo].[grupo_centro_costos] ([auspiciador_id]) VALUES (3)
INSERT [dbo].[grupo_centro_costos] ([auspiciador_id]) VALUES (4)
INSERT [dbo].[grupo_centro_costos] ([auspiciador_id]) VALUES (5)
INSERT [dbo].[grupo_centro_costos] ([auspiciador_id]) VALUES (6)
INSERT [dbo].[grupo_centro_costos] ([auspiciador_id]) VALUES (7)
INSERT [dbo].[grupo_centro_costos] ([auspiciador_id]) VALUES (8)
INSERT [dbo].[grupo_centro_costos] ([auspiciador_id]) VALUES (9)
INSERT [dbo].[grupo_centro_costos] ([auspiciador_id]) VALUES (10)
INSERT [dbo].[grupo_centro_costos] ([auspiciador_id]) VALUES (11)
INSERT [dbo].[grupo_centro_costos] ([auspiciador_id]) VALUES (12)
INSERT [dbo].[grupo_centro_costos] ([auspiciador_id]) VALUES (13)
INSERT [dbo].[grupo_centro_costos] ([auspiciador_id]) VALUES (14)
INSERT [dbo].[grupo_centro_costos] ([auspiciador_id]) VALUES (15)
INSERT [dbo].[grupo_centro_costos] ([auspiciador_id]) VALUES (16)
INSERT [dbo].[grupo_centro_costos] ([auspiciador_id]) VALUES (17)
INSERT [dbo].[grupo_centro_costos] ([auspiciador_id]) VALUES (18)
INSERT [dbo].[grupo_centro_costos] ([auspiciador_id]) VALUES (19)
INSERT [dbo].[grupo_centro_costos] ([auspiciador_id]) VALUES (20)
INSERT [dbo].[grupo_centro_costos] ([auspiciador_id]) VALUES (21)
INSERT [dbo].[grupo_centro_costos] ([auspiciador_id]) VALUES (22)
INSERT [dbo].[grupo_centro_costos] ([auspiciador_id]) VALUES (23)
INSERT [dbo].[grupo_centro_costos] ([auspiciador_id]) VALUES (24)
SET IDENTITY_INSERT [dbo].[estado_item_campana] ON 

INSERT [dbo].[estado_item_campana] ([estado_item_campana_id], [nombre]) VALUES (1, N'ENTREGADO')
INSERT [dbo].[estado_item_campana] ([estado_item_campana_id], [nombre]) VALUES (2, N'REZAGADO')
INSERT [dbo].[estado_item_campana] ([estado_item_campana_id], [nombre]) VALUES (3, N'NO DISTRIBUIBLE')
INSERT [dbo].[estado_item_campana] ([estado_item_campana_id], [nombre]) VALUES (4, N'FALTANTE')
SET IDENTITY_INSERT [dbo].[estado_item_campana] OFF
SET IDENTITY_INSERT [dbo].[item_campana] ON 

INSERT [dbo].[item_campana] ([item_campana_id], [apellido_materno], [apellido_paterno], [correlativo], [correlativo_base], [detalle], [direccion], [distrito_id], [enviable], [idc], [nombres], [razon_social], [estado_item_campana_id], [campana_id]) VALUES (1, N'TELLO', N'MEDINA', 13, 3, NULL, N'Shatoja', 1749, 1, N'12345610', N'TELLO', N'', NULL, 1)
INSERT [dbo].[item_campana] ([item_campana_id], [apellido_materno], [apellido_paterno], [correlativo], [correlativo_base], [detalle], [direccion], [distrito_id], [enviable], [idc], [nombres], [razon_social], [estado_item_campana_id], [campana_id]) VALUES (2, N'TELLO', N'MEDINA', 3, 16, NULL, N'Yarinacocha', 1855, 1, N'12345623', N'TELLO', N'', NULL, 1)
INSERT [dbo].[item_campana] ([item_campana_id], [apellido_materno], [apellido_paterno], [correlativo], [correlativo_base], [detalle], [direccion], [distrito_id], [enviable], [idc], [nombres], [razon_social], [estado_item_campana_id], [campana_id]) VALUES (3, N'TELLO', N'MEDINA', 1, 21, NULL, N'Curimana', 1864, 1, N'12345628', N'TELLO', N'', NULL, 1)
INSERT [dbo].[item_campana] ([item_campana_id], [apellido_materno], [apellido_paterno], [correlativo], [correlativo_base], [detalle], [direccion], [distrito_id], [enviable], [idc], [nombres], [razon_social], [estado_item_campana_id], [campana_id]) VALUES (4, N'TELLO', N'MEDINA', 5, 17, NULL, N'Manantay', 1857, 1, N'12345624', N'TELLO', N'', NULL, 1)
INSERT [dbo].[item_campana] ([item_campana_id], [apellido_materno], [apellido_paterno], [correlativo], [correlativo_base], [detalle], [direccion], [distrito_id], [enviable], [idc], [nombres], [razon_social], [estado_item_campana_id], [campana_id]) VALUES (5, N'CARRASCO', N'ESPINOZA', 32, 14, NULL, N'Barranco', 1278, 1, N'12345621', N'TELLO', N'', NULL, 1)
INSERT [dbo].[item_campana] ([item_campana_id], [apellido_materno], [apellido_paterno], [correlativo], [correlativo_base], [detalle], [direccion], [distrito_id], [enviable], [idc], [nombres], [razon_social], [estado_item_campana_id], [campana_id]) VALUES (6, N'SAAVEDRA', N'SANTOS', 27, 31, NULL, N'LIMA', 1275, 1, N'12345638', N'LEIDY', N'', NULL, 1)
INSERT [dbo].[item_campana] ([item_campana_id], [apellido_materno], [apellido_paterno], [correlativo], [correlativo_base], [detalle], [direccion], [distrito_id], [enviable], [idc], [nombres], [razon_social], [estado_item_campana_id], [campana_id]) VALUES (7, N'RODRIGUEZ', N'SANTOS', 19, 26, NULL, N'Choros', 618, 1, N'12345633', N'RONALD', N'', NULL, 1)
INSERT [dbo].[item_campana] ([item_campana_id], [apellido_materno], [apellido_paterno], [correlativo], [correlativo_base], [detalle], [direccion], [distrito_id], [enviable], [idc], [nombres], [razon_social], [estado_item_campana_id], [campana_id]) VALUES (8, N'CHAVEZ', N'BALTAZAR', 31, 33, NULL, N'Chorrillos', 1282, 1, N'12345640', N'CESAR', N'', NULL, 1)
INSERT [dbo].[item_campana] ([item_campana_id], [apellido_materno], [apellido_paterno], [correlativo], [correlativo_base], [detalle], [direccion], [distrito_id], [enviable], [idc], [nombres], [razon_social], [estado_item_campana_id], [campana_id]) VALUES (9, N'TOLEDO', N'CAMPOS', 14, 24, NULL, N'El Algarrobal', 1528, 1, N'12345631', N'CHRISTIAN', N'', NULL, 1)
INSERT [dbo].[item_campana] ([item_campana_id], [apellido_materno], [apellido_paterno], [correlativo], [correlativo_base], [detalle], [direccion], [distrito_id], [enviable], [idc], [nombres], [razon_social], [estado_item_campana_id], [campana_id]) VALUES (10, N'RODRIGUEZ', N'SANTOS', 9, 40, NULL, N'Ilabaya', 1828, 1, N'12345645', N'RONALD', N'', NULL, 1)
INSERT [dbo].[item_campana] ([item_campana_id], [apellido_materno], [apellido_paterno], [correlativo], [correlativo_base], [detalle], [direccion], [distrito_id], [enviable], [idc], [nombres], [razon_social], [estado_item_campana_id], [campana_id]) VALUES (11, N'RODRIGUEZ', N'SANTOS', 7, 2, NULL, N'Locumba', 1827, 1, N'12345609', N'RONALD', N'', NULL, 1)
INSERT [dbo].[item_campana] ([item_campana_id], [apellido_materno], [apellido_paterno], [correlativo], [correlativo_base], [detalle], [direccion], [distrito_id], [enviable], [idc], [nombres], [razon_social], [estado_item_campana_id], [campana_id]) VALUES (12, N'RODRIGUEZ', N'SANTOS', 18, 6, NULL, N'Choros', 618, 1, N'12345613', N'RONALD', N'', NULL, 1)
INSERT [dbo].[item_campana] ([item_campana_id], [apellido_materno], [apellido_paterno], [correlativo], [correlativo_base], [detalle], [direccion], [distrito_id], [enviable], [idc], [nombres], [razon_social], [estado_item_campana_id], [campana_id]) VALUES (13, N'NAVA', N'FIGUEROA', 0, 28, NULL, N'Rímac', 1302, 0, N'12345635', N'MELISSA', N'', NULL, 1)
INSERT [dbo].[item_campana] ([item_campana_id], [apellido_materno], [apellido_paterno], [correlativo], [correlativo_base], [detalle], [direccion], [distrito_id], [enviable], [idc], [nombres], [razon_social], [estado_item_campana_id], [campana_id]) VALUES (14, N'TOLEDO', N'CAMPOS', 15, 4, NULL, N'El Algarrobal', 1528, 1, N'12345611', N'CHRISTIAN', N'', NULL, 1)
INSERT [dbo].[item_campana] ([item_campana_id], [apellido_materno], [apellido_paterno], [correlativo], [correlativo_base], [detalle], [direccion], [distrito_id], [enviable], [idc], [nombres], [razon_social], [estado_item_campana_id], [campana_id]) VALUES (15, N'ISIDRO', N'PEREZ', 23, 29, NULL, N'Puente Piedra', 1299, 1, N'12345636', N'EUGENIA', N'', NULL, 1)
INSERT [dbo].[item_campana] ([item_campana_id], [apellido_materno], [apellido_paterno], [correlativo], [correlativo_base], [detalle], [direccion], [distrito_id], [enviable], [idc], [nombres], [razon_social], [estado_item_campana_id], [campana_id]) VALUES (16, N'VILLEGAS', N'SANDOVAL', 26, 30, NULL, N'Lurin', 1293, 1, N'12345637', N'JUAN', N'', NULL, 1)
INSERT [dbo].[item_campana] ([item_campana_id], [apellido_materno], [apellido_paterno], [correlativo], [correlativo_base], [detalle], [direccion], [distrito_id], [enviable], [idc], [nombres], [razon_social], [estado_item_campana_id], [campana_id]) VALUES (17, N'TELLO', N'MEDINA', 0, 39, NULL, N'Caspisapa', 1774, 0, N'12345646', N'TELLO', N'', NULL, 1)
INSERT [dbo].[item_campana] ([item_campana_id], [apellido_materno], [apellido_paterno], [correlativo], [correlativo_base], [detalle], [direccion], [distrito_id], [enviable], [idc], [nombres], [razon_social], [estado_item_campana_id], [campana_id]) VALUES (18, N'TOLEDO', N'CAMPOS', 33, 15, NULL, N'Ate', 1277, 1, N'12345622', N'CHRISTIAN', N'', NULL, 1)
INSERT [dbo].[item_campana] ([item_campana_id], [apellido_materno], [apellido_paterno], [correlativo], [correlativo_base], [detalle], [direccion], [distrito_id], [enviable], [idc], [nombres], [razon_social], [estado_item_campana_id], [campana_id]) VALUES (19, N'NAVA', N'FIGUEROA', 22, 8, NULL, N'Rímac', 1302, 1, N'12345615', N'MELISSA', N'', NULL, 1)
INSERT [dbo].[item_campana] ([item_campana_id], [apellido_materno], [apellido_paterno], [correlativo], [correlativo_base], [detalle], [direccion], [distrito_id], [enviable], [idc], [nombres], [razon_social], [estado_item_campana_id], [campana_id]) VALUES (20, N'RODRIGUEZ', N'SANTOS', 10, 20, NULL, N'Ilabaya', 1828, 1, N'12345627', N'RONALD', N'', NULL, 1)
INSERT [dbo].[item_campana] ([item_campana_id], [apellido_materno], [apellido_paterno], [correlativo], [correlativo_base], [detalle], [direccion], [distrito_id], [enviable], [idc], [nombres], [razon_social], [estado_item_campana_id], [campana_id]) VALUES (21, N'ISIDRO', N'PEREZ', 24, 9, NULL, N'Puente Piedra', 1299, 1, N'12345616', N'EUGENIA', N'', NULL, 1)
INSERT [dbo].[item_campana] ([item_campana_id], [apellido_materno], [apellido_paterno], [correlativo], [correlativo_base], [detalle], [direccion], [distrito_id], [enviable], [idc], [nombres], [razon_social], [estado_item_campana_id], [campana_id]) VALUES (22, N'CHAVEZ', N'BALTAZAR', 30, 13, NULL, N'Chorrillos', 1282, 1, N'12345620', N'CESAR', N'', NULL, 1)
INSERT [dbo].[item_campana] ([item_campana_id], [apellido_materno], [apellido_paterno], [correlativo], [correlativo_base], [detalle], [direccion], [distrito_id], [enviable], [idc], [nombres], [razon_social], [estado_item_campana_id], [campana_id]) VALUES (23, N'TELLO', N'MEDINA', 4, 36, NULL, N'Yarinacocha', 1855, 1, N'12345643', N'TELLO', N'', NULL, 1)
INSERT [dbo].[item_campana] ([item_campana_id], [apellido_materno], [apellido_paterno], [correlativo], [correlativo_base], [detalle], [direccion], [distrito_id], [enviable], [idc], [nombres], [razon_social], [estado_item_campana_id], [campana_id]) VALUES (24, N'SAAVEDRA', N'SANTOS', 0, 11, NULL, N'LIMA', 1275, 0, N'12345618', N'LEIDY', N'', NULL, 1)
INSERT [dbo].[item_campana] ([item_campana_id], [apellido_materno], [apellido_paterno], [correlativo], [correlativo_base], [detalle], [direccion], [distrito_id], [enviable], [idc], [nombres], [razon_social], [estado_item_campana_id], [campana_id]) VALUES (25, N'TELLO', N'MEDINA', 6, 37, NULL, N'Manantay', 1857, 1, N'12345644', N'TELLO', N'', NULL, 1)
INSERT [dbo].[item_campana] ([item_campana_id], [apellido_materno], [apellido_paterno], [correlativo], [correlativo_base], [detalle], [direccion], [distrito_id], [enviable], [idc], [nombres], [razon_social], [estado_item_campana_id], [campana_id]) VALUES (26, N'CARRASCO', N'ESPINOZA', 0, 34, NULL, N'Barranco', 1278, 0, N'12345641', N'TELLO', N'', NULL, 1)
INSERT [dbo].[item_campana] ([item_campana_id], [apellido_materno], [apellido_paterno], [correlativo], [correlativo_base], [detalle], [direccion], [distrito_id], [enviable], [idc], [nombres], [razon_social], [estado_item_campana_id], [campana_id]) VALUES (27, N'TELLO', N'MEDINA', 2, 1, NULL, N'Curimana', 1864, 1, N'12345608', N'TELLO', N'', NULL, 1)
INSERT [dbo].[item_campana] ([item_campana_id], [apellido_materno], [apellido_paterno], [correlativo], [correlativo_base], [detalle], [direccion], [distrito_id], [enviable], [idc], [nombres], [razon_social], [estado_item_campana_id], [campana_id]) VALUES (28, N'TELLO', N'MEDINA', 28, 32, NULL, N'El Agustino', 1285, 1, N'12345639', N'TELLO', N'', NULL, 1)
INSERT [dbo].[item_campana] ([item_campana_id], [apellido_materno], [apellido_paterno], [correlativo], [correlativo_base], [detalle], [direccion], [distrito_id], [enviable], [idc], [nombres], [razon_social], [estado_item_campana_id], [campana_id]) VALUES (29, N'TOLEDO', N'CAMPOS', 34, 35, NULL, N'Ate', 1277, 1, N'12345642', N'CHRISTIAN', N'', NULL, 1)
INSERT [dbo].[item_campana] ([item_campana_id], [apellido_materno], [apellido_paterno], [correlativo], [correlativo_base], [detalle], [direccion], [distrito_id], [enviable], [idc], [nombres], [razon_social], [estado_item_campana_id], [campana_id]) VALUES (30, N'TELLO', N'MEDINA', 0, 23, NULL, N'Shatoja', 1749, 0, N'12345630', N'TELLO', N'', NULL, 1)
INSERT [dbo].[item_campana] ([item_campana_id], [apellido_materno], [apellido_paterno], [correlativo], [correlativo_base], [detalle], [direccion], [distrito_id], [enviable], [idc], [nombres], [razon_social], [estado_item_campana_id], [campana_id]) VALUES (31, N'RODRIGUEZ', N'SANTOS', 8, 22, NULL, N'Locumba', 1827, 1, N'12345629', N'RONALD', N'', NULL, 1)
INSERT [dbo].[item_campana] ([item_campana_id], [apellido_materno], [apellido_paterno], [correlativo], [correlativo_base], [detalle], [direccion], [distrito_id], [enviable], [idc], [nombres], [razon_social], [estado_item_campana_id], [campana_id]) VALUES (32, N'CARRASCO', N'HEREDIA', 20, 7, NULL, N'Bagua', 22, 1, N'12345614', N'ORLANDO MARIO', N'', NULL, 1)
INSERT [dbo].[item_campana] ([item_campana_id], [apellido_materno], [apellido_paterno], [correlativo], [correlativo_base], [detalle], [direccion], [distrito_id], [enviable], [idc], [nombres], [razon_social], [estado_item_campana_id], [campana_id]) VALUES (33, N'TELLO', N'MEDINA', 11, 18, NULL, N'Shamboyacu', 1779, 1, N'12345625', N'TELLO', N'', NULL, 1)
INSERT [dbo].[item_campana] ([item_campana_id], [apellido_materno], [apellido_paterno], [correlativo], [correlativo_base], [detalle], [direccion], [distrito_id], [enviable], [idc], [nombres], [razon_social], [estado_item_campana_id], [campana_id]) VALUES (34, N'TELLO', N'MEDINA', 0, 19, NULL, N'Caspisapa', 1774, 0, N'12345626', N'TELLO', N'', NULL, 1)
INSERT [dbo].[item_campana] ([item_campana_id], [apellido_materno], [apellido_paterno], [correlativo], [correlativo_base], [detalle], [direccion], [distrito_id], [enviable], [idc], [nombres], [razon_social], [estado_item_campana_id], [campana_id]) VALUES (35, N'VILLEGAS', N'SANDOVAL', 25, 10, NULL, N'Lurin', 1293, 1, N'12345617', N'JUAN', N'', NULL, 1)
INSERT [dbo].[item_campana] ([item_campana_id], [apellido_materno], [apellido_paterno], [correlativo], [correlativo_base], [detalle], [direccion], [distrito_id], [enviable], [idc], [nombres], [razon_social], [estado_item_campana_id], [campana_id]) VALUES (36, N'TELLO', N'MEDINA', 29, 12, NULL, N'El Agustino', 1285, 1, N'12345619', N'TELLO', N'', NULL, 1)
INSERT [dbo].[item_campana] ([item_campana_id], [apellido_materno], [apellido_paterno], [correlativo], [correlativo_base], [detalle], [direccion], [distrito_id], [enviable], [idc], [nombres], [razon_social], [estado_item_campana_id], [campana_id]) VALUES (37, N'TELLO', N'MEDINA', 12, 38, NULL, N'Shamboyacu', 1779, 1, N'12345645', N'TELLO', N'', NULL, 1)
INSERT [dbo].[item_campana] ([item_campana_id], [apellido_materno], [apellido_paterno], [correlativo], [correlativo_base], [detalle], [direccion], [distrito_id], [enviable], [idc], [nombres], [razon_social], [estado_item_campana_id], [campana_id]) VALUES (38, N'VILLEGAS', N'SANDOVAL', 17, 5, NULL, N'Llipata', 1018, 1, N'12345612', N'JUAN', N'', NULL, 1)
INSERT [dbo].[item_campana] ([item_campana_id], [apellido_materno], [apellido_paterno], [correlativo], [correlativo_base], [detalle], [direccion], [distrito_id], [enviable], [idc], [nombres], [razon_social], [estado_item_campana_id], [campana_id]) VALUES (39, N'VILLEGAS', N'SANDOVAL', 16, 25, NULL, N'Llipata', 1018, 1, N'12345632', N'JUAN', N'', NULL, 1)
INSERT [dbo].[item_campana] ([item_campana_id], [apellido_materno], [apellido_paterno], [correlativo], [correlativo_base], [detalle], [direccion], [distrito_id], [enviable], [idc], [nombres], [razon_social], [estado_item_campana_id], [campana_id]) VALUES (40, N'CARRASCO', N'HEREDIA', 21, 27, NULL, N'Bagua', 22, 1, N'12345634', N'ORLANDO MARIO', N'', NULL, 1)
INSERT [dbo].[item_campana] ([item_campana_id], [apellido_materno], [apellido_paterno], [correlativo], [correlativo_base], [detalle], [direccion], [distrito_id], [enviable], [idc], [nombres], [razon_social], [estado_item_campana_id], [campana_id]) VALUES (41, N'TELLO', N'MEDINA', 0, 19, NULL, N'Caspisapa', 1774, 0, N'12345626', N'TELLO', N'', NULL, 2)
INSERT [dbo].[item_campana] ([item_campana_id], [apellido_materno], [apellido_paterno], [correlativo], [correlativo_base], [detalle], [direccion], [distrito_id], [enviable], [idc], [nombres], [razon_social], [estado_item_campana_id], [campana_id]) VALUES (42, N'TELLO', N'MEDINA', 26, 12, NULL, N'El Agustino', 1285, 1, N'12345619', N'TELLO', N'', NULL, 2)
INSERT [dbo].[item_campana] ([item_campana_id], [apellido_materno], [apellido_paterno], [correlativo], [correlativo_base], [detalle], [direccion], [distrito_id], [enviable], [idc], [nombres], [razon_social], [estado_item_campana_id], [campana_id]) VALUES (43, N'TELLO', N'MEDINA', 13, 23, NULL, N'Shatoja', 1749, 1, N'12345630', N'TELLO', N'', NULL, 2)
INSERT [dbo].[item_campana] ([item_campana_id], [apellido_materno], [apellido_paterno], [correlativo], [correlativo_base], [detalle], [direccion], [distrito_id], [enviable], [idc], [nombres], [razon_social], [estado_item_campana_id], [campana_id]) VALUES (44, N'CHAVEZ', N'BALTAZAR', 28, 13, NULL, N'Chorrillos', 1282, 1, N'12345620', N'CESAR', N'', NULL, 2)
INSERT [dbo].[item_campana] ([item_campana_id], [apellido_materno], [apellido_paterno], [correlativo], [correlativo_base], [detalle], [direccion], [distrito_id], [enviable], [idc], [nombres], [razon_social], [estado_item_campana_id], [campana_id]) VALUES (45, N'TOLEDO', N'CAMPOS', 31, 15, NULL, N'Ate', 1277, 1, N'12345622', N'CHRISTIAN', N'', NULL, 2)
INSERT [dbo].[item_campana] ([item_campana_id], [apellido_materno], [apellido_paterno], [correlativo], [correlativo_base], [detalle], [direccion], [distrito_id], [enviable], [idc], [nombres], [razon_social], [estado_item_campana_id], [campana_id]) VALUES (46, N'TELLO', N'MEDINA', 0, 16, NULL, N'Yarinacocha', 1855, 0, N'12345623', N'TELLO', N'', NULL, 2)
INSERT [dbo].[item_campana] ([item_campana_id], [apellido_materno], [apellido_paterno], [correlativo], [correlativo_base], [detalle], [direccion], [distrito_id], [enviable], [idc], [nombres], [razon_social], [estado_item_campana_id], [campana_id]) VALUES (47, N'RODRIGUEZ', N'SANTOS', 7, 22, NULL, N'Locumba', 1827, 1, N'12345629', N'RONALD', N'', NULL, 2)
INSERT [dbo].[item_campana] ([item_campana_id], [apellido_materno], [apellido_paterno], [correlativo], [correlativo_base], [detalle], [direccion], [distrito_id], [enviable], [idc], [nombres], [razon_social], [estado_item_campana_id], [campana_id]) VALUES (48, N'CARRASCO', N'ESPINOZA', 0, 14, NULL, N'Barranco', 1278, 0, N'12345621', N'TELLO', N'', NULL, 2)
INSERT [dbo].[item_campana] ([item_campana_id], [apellido_materno], [apellido_paterno], [correlativo], [correlativo_base], [detalle], [direccion], [distrito_id], [enviable], [idc], [nombres], [razon_social], [estado_item_campana_id], [campana_id]) VALUES (49, N'RODRIGUEZ', N'SANTOS', 9, 20, NULL, N'Ilabaya', 1828, 1, N'12345627', N'RONALD', N'', NULL, 2)
INSERT [dbo].[item_campana] ([item_campana_id], [apellido_materno], [apellido_paterno], [correlativo], [correlativo_base], [detalle], [direccion], [distrito_id], [enviable], [idc], [nombres], [razon_social], [estado_item_campana_id], [campana_id]) VALUES (50, N'CHAVEZ', N'BALTAZAR', 0, 33, NULL, N'Chorrillos', 1282, 0, N'12345640', N'CESAR', N'', NULL, 2)
INSERT [dbo].[item_campana] ([item_campana_id], [apellido_materno], [apellido_paterno], [correlativo], [correlativo_base], [detalle], [direccion], [distrito_id], [enviable], [idc], [nombres], [razon_social], [estado_item_campana_id], [campana_id]) VALUES (51, N'TELLO', N'MEDINA', 12, 3, NULL, N'Shatoja', 1749, 1, N'12345610', N'TELLO', N'', NULL, 2)
INSERT [dbo].[item_campana] ([item_campana_id], [apellido_materno], [apellido_paterno], [correlativo], [correlativo_base], [detalle], [direccion], [distrito_id], [enviable], [idc], [nombres], [razon_social], [estado_item_campana_id], [campana_id]) VALUES (52, N'TELLO', N'MEDINA', 0, 39, NULL, N'Caspisapa', 1774, 0, N'12345646', N'TELLO', N'', NULL, 2)
INSERT [dbo].[item_campana] ([item_campana_id], [apellido_materno], [apellido_paterno], [correlativo], [correlativo_base], [detalle], [direccion], [distrito_id], [enviable], [idc], [nombres], [razon_social], [estado_item_campana_id], [campana_id]) VALUES (53, N'TOLEDO', N'CAMPOS', 0, 24, NULL, N'El Algarrobal', 1528, 0, N'12345631', N'CHRISTIAN', N'', NULL, 2)
INSERT [dbo].[item_campana] ([item_campana_id], [apellido_materno], [apellido_paterno], [correlativo], [correlativo_base], [detalle], [direccion], [distrito_id], [enviable], [idc], [nombres], [razon_social], [estado_item_campana_id], [campana_id]) VALUES (54, N'VILLEGAS', N'SANDOVAL', 15, 5, NULL, N'Llipata', 1018, 1, N'12345612', N'JUAN', N'', NULL, 2)
INSERT [dbo].[item_campana] ([item_campana_id], [apellido_materno], [apellido_paterno], [correlativo], [correlativo_base], [detalle], [direccion], [distrito_id], [enviable], [idc], [nombres], [razon_social], [estado_item_campana_id], [campana_id]) VALUES (55, N'SAAVEDRA', N'SANTOS', 24, 31, NULL, N'LIMA', 1275, 1, N'12345638', N'LEIDY', N'', NULL, 2)
INSERT [dbo].[item_campana] ([item_campana_id], [apellido_materno], [apellido_paterno], [correlativo], [correlativo_base], [detalle], [direccion], [distrito_id], [enviable], [idc], [nombres], [razon_social], [estado_item_campana_id], [campana_id]) VALUES (56, N'ISIDRO', N'PEREZ', 0, 9, NULL, N'Puente Piedra', 1299, 0, N'12345616', N'EUGENIA', N'', NULL, 2)
INSERT [dbo].[item_campana] ([item_campana_id], [apellido_materno], [apellido_paterno], [correlativo], [correlativo_base], [detalle], [direccion], [distrito_id], [enviable], [idc], [nombres], [razon_social], [estado_item_campana_id], [campana_id]) VALUES (57, N'TOLEDO', N'CAMPOS', 14, 4, NULL, N'El Algarrobal', 1528, 1, N'12345611', N'CHRISTIAN', N'', NULL, 2)
INSERT [dbo].[item_campana] ([item_campana_id], [apellido_materno], [apellido_paterno], [correlativo], [correlativo_base], [detalle], [direccion], [distrito_id], [enviable], [idc], [nombres], [razon_social], [estado_item_campana_id], [campana_id]) VALUES (58, N'TELLO', N'MEDINA', 4, 17, NULL, N'Manantay', 1857, 1, N'12345624', N'TELLO', N'', NULL, 2)
INSERT [dbo].[item_campana] ([item_campana_id], [apellido_materno], [apellido_paterno], [correlativo], [correlativo_base], [detalle], [direccion], [distrito_id], [enviable], [idc], [nombres], [razon_social], [estado_item_campana_id], [campana_id]) VALUES (59, N'RODRIGUEZ', N'SANTOS', 17, 26, NULL, N'Choros', 618, 1, N'12345633', N'RONALD', N'', NULL, 2)
INSERT [dbo].[item_campana] ([item_campana_id], [apellido_materno], [apellido_paterno], [correlativo], [correlativo_base], [detalle], [direccion], [distrito_id], [enviable], [idc], [nombres], [razon_social], [estado_item_campana_id], [campana_id]) VALUES (60, N'ISIDRO', N'PEREZ', 21, 29, NULL, N'Puente Piedra', 1299, 1, N'12345636', N'EUGENIA', N'', NULL, 2)
INSERT [dbo].[item_campana] ([item_campana_id], [apellido_materno], [apellido_paterno], [correlativo], [correlativo_base], [detalle], [direccion], [distrito_id], [enviable], [idc], [nombres], [razon_social], [estado_item_campana_id], [campana_id]) VALUES (61, N'CARRASCO', N'HEREDIA', 0, 27, NULL, N'Bagua', 22, 0, N'12345634', N'ORLANDO MARIO', N'', NULL, 2)
INSERT [dbo].[item_campana] ([item_campana_id], [apellido_materno], [apellido_paterno], [correlativo], [correlativo_base], [detalle], [direccion], [distrito_id], [enviable], [idc], [nombres], [razon_social], [estado_item_campana_id], [campana_id]) VALUES (62, N'TELLO', N'MEDINA', 11, 18, NULL, N'Shamboyacu', 1779, 1, N'12345625', N'TELLO', N'', NULL, 2)
INSERT [dbo].[item_campana] ([item_campana_id], [apellido_materno], [apellido_paterno], [correlativo], [correlativo_base], [detalle], [direccion], [distrito_id], [enviable], [idc], [nombres], [razon_social], [estado_item_campana_id], [campana_id]) VALUES (63, N'TOLEDO', N'CAMPOS', 30, 35, NULL, N'Ate', 1277, 1, N'12345642', N'CHRISTIAN', N'', NULL, 2)
INSERT [dbo].[item_campana] ([item_campana_id], [apellido_materno], [apellido_paterno], [correlativo], [correlativo_base], [detalle], [direccion], [distrito_id], [enviable], [idc], [nombres], [razon_social], [estado_item_campana_id], [campana_id]) VALUES (64, N'CARRASCO', N'HEREDIA', 18, 7, NULL, N'Bagua', 22, 1, N'12345614', N'ORLANDO MARIO', N'', NULL, 2)
INSERT [dbo].[item_campana] ([item_campana_id], [apellido_materno], [apellido_paterno], [correlativo], [correlativo_base], [detalle], [direccion], [distrito_id], [enviable], [idc], [nombres], [razon_social], [estado_item_campana_id], [campana_id]) VALUES (65, N'NAVA', N'FIGUEROA', 19, 8, NULL, N'Rímac', 1302, 1, N'12345615', N'MELISSA', N'', NULL, 2)
INSERT [dbo].[item_campana] ([item_campana_id], [apellido_materno], [apellido_paterno], [correlativo], [correlativo_base], [detalle], [direccion], [distrito_id], [enviable], [idc], [nombres], [razon_social], [estado_item_campana_id], [campana_id]) VALUES (66, N'RODRIGUEZ', N'SANTOS', 6, 2, NULL, N'Locumba', 1827, 1, N'12345609', N'RONALD', N'', NULL, 2)
INSERT [dbo].[item_campana] ([item_campana_id], [apellido_materno], [apellido_paterno], [correlativo], [correlativo_base], [detalle], [direccion], [distrito_id], [enviable], [idc], [nombres], [razon_social], [estado_item_campana_id], [campana_id]) VALUES (67, N'VILLEGAS', N'SANDOVAL', 23, 10, NULL, N'Lurin', 1293, 1, N'12345617', N'JUAN', N'', NULL, 2)
INSERT [dbo].[item_campana] ([item_campana_id], [apellido_materno], [apellido_paterno], [correlativo], [correlativo_base], [detalle], [direccion], [distrito_id], [enviable], [idc], [nombres], [razon_social], [estado_item_campana_id], [campana_id]) VALUES (68, N'TELLO', N'MEDINA', 2, 21, NULL, N'Curimana', 1864, 1, N'12345628', N'TELLO', N'', NULL, 2)
INSERT [dbo].[item_campana] ([item_campana_id], [apellido_materno], [apellido_paterno], [correlativo], [correlativo_base], [detalle], [direccion], [distrito_id], [enviable], [idc], [nombres], [razon_social], [estado_item_campana_id], [campana_id]) VALUES (69, N'TELLO', N'MEDINA', 27, 32, NULL, N'El Agustino', 1285, 1, N'12345639', N'TELLO', N'', NULL, 2)
INSERT [dbo].[item_campana] ([item_campana_id], [apellido_materno], [apellido_paterno], [correlativo], [correlativo_base], [detalle], [direccion], [distrito_id], [enviable], [idc], [nombres], [razon_social], [estado_item_campana_id], [campana_id]) VALUES (70, N'CARRASCO', N'ESPINOZA', 29, 34, NULL, N'Barranco', 1278, 1, N'12345641', N'TELLO', N'', NULL, 2)
INSERT [dbo].[item_campana] ([item_campana_id], [apellido_materno], [apellido_paterno], [correlativo], [correlativo_base], [detalle], [direccion], [distrito_id], [enviable], [idc], [nombres], [razon_social], [estado_item_campana_id], [campana_id]) VALUES (71, N'TELLO', N'MEDINA', 10, 38, NULL, N'Shamboyacu', 1779, 1, N'12345645', N'TELLO', N'', NULL, 2)
INSERT [dbo].[item_campana] ([item_campana_id], [apellido_materno], [apellido_paterno], [correlativo], [correlativo_base], [detalle], [direccion], [distrito_id], [enviable], [idc], [nombres], [razon_social], [estado_item_campana_id], [campana_id]) VALUES (72, N'VILLEGAS', N'SANDOVAL', 0, 25, NULL, N'Llipata', 1018, 0, N'12345632', N'JUAN', N'', NULL, 2)
INSERT [dbo].[item_campana] ([item_campana_id], [apellido_materno], [apellido_paterno], [correlativo], [correlativo_base], [detalle], [direccion], [distrito_id], [enviable], [idc], [nombres], [razon_social], [estado_item_campana_id], [campana_id]) VALUES (73, N'TELLO', N'MEDINA', 1, 1, NULL, N'Curimana', 1864, 1, N'12345608', N'TELLO', N'', NULL, 2)
INSERT [dbo].[item_campana] ([item_campana_id], [apellido_materno], [apellido_paterno], [correlativo], [correlativo_base], [detalle], [direccion], [distrito_id], [enviable], [idc], [nombres], [razon_social], [estado_item_campana_id], [campana_id]) VALUES (74, N'NAVA', N'FIGUEROA', 20, 28, NULL, N'Rímac', 1302, 1, N'12345635', N'MELISSA', N'', NULL, 2)
INSERT [dbo].[item_campana] ([item_campana_id], [apellido_materno], [apellido_paterno], [correlativo], [correlativo_base], [detalle], [direccion], [distrito_id], [enviable], [idc], [nombres], [razon_social], [estado_item_campana_id], [campana_id]) VALUES (75, N'TELLO', N'MEDINA', 5, 37, NULL, N'Manantay', 1857, 1, N'12345644', N'TELLO', N'', NULL, 2)
INSERT [dbo].[item_campana] ([item_campana_id], [apellido_materno], [apellido_paterno], [correlativo], [correlativo_base], [detalle], [direccion], [distrito_id], [enviable], [idc], [nombres], [razon_social], [estado_item_campana_id], [campana_id]) VALUES (76, N'VILLEGAS', N'SANDOVAL', 22, 30, NULL, N'Lurin', 1293, 1, N'12345637', N'JUAN', N'', NULL, 2)
INSERT [dbo].[item_campana] ([item_campana_id], [apellido_materno], [apellido_paterno], [correlativo], [correlativo_base], [detalle], [direccion], [distrito_id], [enviable], [idc], [nombres], [razon_social], [estado_item_campana_id], [campana_id]) VALUES (77, N'RODRIGUEZ', N'SANTOS', 8, 40, NULL, N'Ilabaya', 1828, 1, N'12345645', N'RONALD', N'', NULL, 2)
INSERT [dbo].[item_campana] ([item_campana_id], [apellido_materno], [apellido_paterno], [correlativo], [correlativo_base], [detalle], [direccion], [distrito_id], [enviable], [idc], [nombres], [razon_social], [estado_item_campana_id], [campana_id]) VALUES (78, N'RODRIGUEZ', N'SANTOS', 16, 6, NULL, N'Choros', 618, 1, N'12345613', N'RONALD', N'', NULL, 2)
INSERT [dbo].[item_campana] ([item_campana_id], [apellido_materno], [apellido_paterno], [correlativo], [correlativo_base], [detalle], [direccion], [distrito_id], [enviable], [idc], [nombres], [razon_social], [estado_item_campana_id], [campana_id]) VALUES (79, N'SAAVEDRA', N'SANTOS', 25, 11, NULL, N'LIMA', 1275, 1, N'12345618', N'LEIDY', N'', NULL, 2)
INSERT [dbo].[item_campana] ([item_campana_id], [apellido_materno], [apellido_paterno], [correlativo], [correlativo_base], [detalle], [direccion], [distrito_id], [enviable], [idc], [nombres], [razon_social], [estado_item_campana_id], [campana_id]) VALUES (80, N'TELLO', N'MEDINA', 3, 36, NULL, N'Yarinacocha', 1855, 1, N'12345643', N'TELLO', N'', NULL, 2)
INSERT [dbo].[item_campana] ([item_campana_id], [apellido_materno], [apellido_paterno], [correlativo], [correlativo_base], [detalle], [direccion], [distrito_id], [enviable], [idc], [nombres], [razon_social], [estado_item_campana_id], [campana_id]) VALUES (81, N'RODRIGUEZ', N'SANTOS', 21, 6, NULL, N'Choros', 618, 1, N'12345613', N'RONALD', N'', NULL, 3)
INSERT [dbo].[item_campana] ([item_campana_id], [apellido_materno], [apellido_paterno], [correlativo], [correlativo_base], [detalle], [direccion], [distrito_id], [enviable], [idc], [nombres], [razon_social], [estado_item_campana_id], [campana_id]) VALUES (82, N'SAAVEDRA', N'SANTOS', 31, 11, NULL, N'LIMA', 1275, 1, N'12345618', N'LEIDY', N'', NULL, 3)
INSERT [dbo].[item_campana] ([item_campana_id], [apellido_materno], [apellido_paterno], [correlativo], [correlativo_base], [detalle], [direccion], [distrito_id], [enviable], [idc], [nombres], [razon_social], [estado_item_campana_id], [campana_id]) VALUES (83, N'TELLO', N'MEDINA', 3, 16, NULL, N'Yarinacocha', 1855, 1, N'12345623', N'TELLO', N'', NULL, 3)
INSERT [dbo].[item_campana] ([item_campana_id], [apellido_materno], [apellido_paterno], [correlativo], [correlativo_base], [detalle], [direccion], [distrito_id], [enviable], [idc], [nombres], [razon_social], [estado_item_campana_id], [campana_id]) VALUES (84, N'VILLEGAS', N'SANDOVAL', 30, 30, NULL, N'Lurin', 1293, 1, N'12345637', N'JUAN', N'', NULL, 3)
INSERT [dbo].[item_campana] ([item_campana_id], [apellido_materno], [apellido_paterno], [correlativo], [correlativo_base], [detalle], [direccion], [distrito_id], [enviable], [idc], [nombres], [razon_social], [estado_item_campana_id], [campana_id]) VALUES (85, N'ISIDRO', N'PEREZ', 28, 29, NULL, N'Puente Piedra', 1299, 1, N'12345636', N'EUGENIA', N'', NULL, 3)
INSERT [dbo].[item_campana] ([item_campana_id], [apellido_materno], [apellido_paterno], [correlativo], [correlativo_base], [detalle], [direccion], [distrito_id], [enviable], [idc], [nombres], [razon_social], [estado_item_campana_id], [campana_id]) VALUES (86, N'TELLO', N'MEDINA', 12, 38, NULL, N'Shamboyacu', 1779, 1, N'12345645', N'TELLO', N'', NULL, 3)
INSERT [dbo].[item_campana] ([item_campana_id], [apellido_materno], [apellido_paterno], [correlativo], [correlativo_base], [detalle], [direccion], [distrito_id], [enviable], [idc], [nombres], [razon_social], [estado_item_campana_id], [campana_id]) VALUES (87, N'VILLEGAS', N'SANDOVAL', 19, 5, NULL, N'Llipata', 1018, 1, N'12345612', N'JUAN', N'', NULL, 3)
INSERT [dbo].[item_campana] ([item_campana_id], [apellido_materno], [apellido_paterno], [correlativo], [correlativo_base], [detalle], [direccion], [distrito_id], [enviable], [idc], [nombres], [razon_social], [estado_item_campana_id], [campana_id]) VALUES (88, N'CARRASCO', N'ESPINOZA', 37, 14, NULL, N'Barranco', 1278, 1, N'12345621', N'TELLO', N'', NULL, 3)
INSERT [dbo].[item_campana] ([item_campana_id], [apellido_materno], [apellido_paterno], [correlativo], [correlativo_base], [detalle], [direccion], [distrito_id], [enviable], [idc], [nombres], [razon_social], [estado_item_campana_id], [campana_id]) VALUES (89, N'TOLEDO', N'CAMPOS', 39, 15, NULL, N'Ate', 1277, 1, N'12345622', N'CHRISTIAN', N'', NULL, 3)
INSERT [dbo].[item_campana] ([item_campana_id], [apellido_materno], [apellido_paterno], [correlativo], [correlativo_base], [detalle], [direccion], [distrito_id], [enviable], [idc], [nombres], [razon_social], [estado_item_campana_id], [campana_id]) VALUES (90, N'NAVA', N'FIGUEROA', 25, 28, NULL, N'Rímac', 1302, 1, N'12345635', N'MELISSA', N'', NULL, 3)
INSERT [dbo].[item_campana] ([item_campana_id], [apellido_materno], [apellido_paterno], [correlativo], [correlativo_base], [detalle], [direccion], [distrito_id], [enviable], [idc], [nombres], [razon_social], [estado_item_campana_id], [campana_id]) VALUES (91, N'TELLO', N'MEDINA', 13, 39, NULL, N'Caspisapa', 1774, 1, N'12345646', N'TELLO', N'', NULL, 3)
INSERT [dbo].[item_campana] ([item_campana_id], [apellido_materno], [apellido_paterno], [correlativo], [correlativo_base], [detalle], [direccion], [distrito_id], [enviable], [idc], [nombres], [razon_social], [estado_item_campana_id], [campana_id]) VALUES (92, N'ISIDRO', N'PEREZ', 27, 9, NULL, N'Puente Piedra', 1299, 1, N'12345616', N'EUGENIA', N'', NULL, 3)
INSERT [dbo].[item_campana] ([item_campana_id], [apellido_materno], [apellido_paterno], [correlativo], [correlativo_base], [detalle], [direccion], [distrito_id], [enviable], [idc], [nombres], [razon_social], [estado_item_campana_id], [campana_id]) VALUES (93, N'VILLEGAS', N'SANDOVAL', 29, 10, NULL, N'Lurin', 1293, 1, N'12345617', N'JUAN', N'', NULL, 3)
INSERT [dbo].[item_campana] ([item_campana_id], [apellido_materno], [apellido_paterno], [correlativo], [correlativo_base], [detalle], [direccion], [distrito_id], [enviable], [idc], [nombres], [razon_social], [estado_item_campana_id], [campana_id]) VALUES (94, N'VILLEGAS', N'SANDOVAL', 20, 25, NULL, N'Llipata', 1018, 1, N'12345632', N'JUAN', N'', NULL, 3)
INSERT [dbo].[item_campana] ([item_campana_id], [apellido_materno], [apellido_paterno], [correlativo], [correlativo_base], [detalle], [direccion], [distrito_id], [enviable], [idc], [nombres], [razon_social], [estado_item_campana_id], [campana_id]) VALUES (95, N'RODRIGUEZ', N'SANTOS', 9, 40, NULL, N'Ilabaya', 1828, 1, N'12345645', N'RONALD', N'', NULL, 3)
INSERT [dbo].[item_campana] ([item_campana_id], [apellido_materno], [apellido_paterno], [correlativo], [correlativo_base], [detalle], [direccion], [distrito_id], [enviable], [idc], [nombres], [razon_social], [estado_item_campana_id], [campana_id]) VALUES (96, N'TELLO', N'MEDINA', 14, 19, NULL, N'Caspisapa', 1774, 1, N'12345626', N'TELLO', N'', NULL, 3)
INSERT [dbo].[item_campana] ([item_campana_id], [apellido_materno], [apellido_paterno], [correlativo], [correlativo_base], [detalle], [direccion], [distrito_id], [enviable], [idc], [nombres], [razon_social], [estado_item_campana_id], [campana_id]) VALUES (97, N'RODRIGUEZ', N'SANTOS', 8, 2, NULL, N'Locumba', 1827, 1, N'12345609', N'RONALD', N'', NULL, 3)
INSERT [dbo].[item_campana] ([item_campana_id], [apellido_materno], [apellido_paterno], [correlativo], [correlativo_base], [detalle], [direccion], [distrito_id], [enviable], [idc], [nombres], [razon_social], [estado_item_campana_id], [campana_id]) VALUES (98, N'TELLO', N'MEDINA', 11, 18, NULL, N'Shamboyacu', 1779, 1, N'12345625', N'TELLO', N'', NULL, 3)
INSERT [dbo].[item_campana] ([item_campana_id], [apellido_materno], [apellido_paterno], [correlativo], [correlativo_base], [detalle], [direccion], [distrito_id], [enviable], [idc], [nombres], [razon_social], [estado_item_campana_id], [campana_id]) VALUES (99, N'RODRIGUEZ', N'SANTOS', 7, 22, NULL, N'Locumba', 1827, 1, N'12345629', N'RONALD', N'', NULL, 3)

INSERT [dbo].[item_campana] ([item_campana_id], [apellido_materno], [apellido_paterno], [correlativo], [correlativo_base], [detalle], [direccion], [distrito_id], [enviable], [idc], [nombres], [razon_social], [estado_item_campana_id], [campana_id]) VALUES (100, N'TELLO', N'MEDINA', 15, 23, NULL, N'Shatoja', 1749, 1, N'12345630', N'TELLO', N'', NULL, 3)
INSERT [dbo].[item_campana] ([item_campana_id], [apellido_materno], [apellido_paterno], [correlativo], [correlativo_base], [detalle], [direccion], [distrito_id], [enviable], [idc], [nombres], [razon_social], [estado_item_campana_id], [campana_id]) VALUES (101, N'RODRIGUEZ', N'SANTOS', 22, 26, NULL, N'Choros', 618, 1, N'12345633', N'RONALD', N'', NULL, 3)
INSERT [dbo].[item_campana] ([item_campana_id], [apellido_materno], [apellido_paterno], [correlativo], [correlativo_base], [detalle], [direccion], [distrito_id], [enviable], [idc], [nombres], [razon_social], [estado_item_campana_id], [campana_id]) VALUES (102, N'TOLEDO', N'CAMPOS', 17, 24, NULL, N'El Algarrobal', 1528, 1, N'12345631', N'CHRISTIAN', N'', NULL, 3)
INSERT [dbo].[item_campana] ([item_campana_id], [apellido_materno], [apellido_paterno], [correlativo], [correlativo_base], [detalle], [direccion], [distrito_id], [enviable], [idc], [nombres], [razon_social], [estado_item_campana_id], [campana_id]) VALUES (103, N'TELLO', N'MEDINA', 33, 32, NULL, N'El Agustino', 1285, 1, N'12345639', N'TELLO', N'', NULL, 3)
INSERT [dbo].[item_campana] ([item_campana_id], [apellido_materno], [apellido_paterno], [correlativo], [correlativo_base], [detalle], [direccion], [distrito_id], [enviable], [idc], [nombres], [razon_social], [estado_item_campana_id], [campana_id]) VALUES (104, N'TELLO', N'MEDINA', 5, 37, NULL, N'Manantay', 1857, 1, N'12345644', N'TELLO', N'', NULL, 3)
INSERT [dbo].[item_campana] ([item_campana_id], [apellido_materno], [apellido_paterno], [correlativo], [correlativo_base], [detalle], [direccion], [distrito_id], [enviable], [idc], [nombres], [razon_social], [estado_item_campana_id], [campana_id]) VALUES (105, N'CHAVEZ', N'BALTAZAR', 36, 33, NULL, N'Chorrillos', 1282, 1, N'12345640', N'CESAR', N'', NULL, 3)
INSERT [dbo].[item_campana] ([item_campana_id], [apellido_materno], [apellido_paterno], [correlativo], [correlativo_base], [detalle], [direccion], [distrito_id], [enviable], [idc], [nombres], [razon_social], [estado_item_campana_id], [campana_id]) VALUES (106, N'TOLEDO', N'CAMPOS', 40, 35, NULL, N'Ate', 1277, 1, N'12345642', N'CHRISTIAN', N'', NULL, 3)
INSERT [dbo].[item_campana] ([item_campana_id], [apellido_materno], [apellido_paterno], [correlativo], [correlativo_base], [detalle], [direccion], [distrito_id], [enviable], [idc], [nombres], [razon_social], [estado_item_campana_id], [campana_id]) VALUES (107, N'CHAVEZ', N'BALTAZAR', 35, 13, NULL, N'Chorrillos', 1282, 1, N'12345620', N'CESAR', N'', NULL, 3)
INSERT [dbo].[item_campana] ([item_campana_id], [apellido_materno], [apellido_paterno], [correlativo], [correlativo_base], [detalle], [direccion], [distrito_id], [enviable], [idc], [nombres], [razon_social], [estado_item_campana_id], [campana_id]) VALUES (108, N'TELLO', N'MEDINA', 2, 1, NULL, N'Curimana', 1864, 1, N'12345608', N'TELLO', N'', NULL, 3)
INSERT [dbo].[item_campana] ([item_campana_id], [apellido_materno], [apellido_paterno], [correlativo], [correlativo_base], [detalle], [direccion], [distrito_id], [enviable], [idc], [nombres], [razon_social], [estado_item_campana_id], [campana_id]) VALUES (109, N'TELLO', N'MEDINA', 6, 17, NULL, N'Manantay', 1857, 1, N'12345624', N'TELLO', N'', NULL, 3)
INSERT [dbo].[item_campana] ([item_campana_id], [apellido_materno], [apellido_paterno], [correlativo], [correlativo_base], [detalle], [direccion], [distrito_id], [enviable], [idc], [nombres], [razon_social], [estado_item_campana_id], [campana_id]) VALUES (110, N'SAAVEDRA', N'SANTOS', 32, 31, NULL, N'LIMA', 1275, 1, N'12345638', N'LEIDY', N'', NULL, 3)
INSERT [dbo].[item_campana] ([item_campana_id], [apellido_materno], [apellido_paterno], [correlativo], [correlativo_base], [detalle], [direccion], [distrito_id], [enviable], [idc], [nombres], [razon_social], [estado_item_campana_id], [campana_id]) VALUES (111, N'TELLO', N'MEDINA', 4, 36, NULL, N'Yarinacocha', 1855, 1, N'12345643', N'TELLO', N'', NULL, 3)
INSERT [dbo].[item_campana] ([item_campana_id], [apellido_materno], [apellido_paterno], [correlativo], [correlativo_base], [detalle], [direccion], [distrito_id], [enviable], [idc], [nombres], [razon_social], [estado_item_campana_id], [campana_id]) VALUES (112, N'TELLO', N'MEDINA', 16, 3, NULL, N'Shatoja', 1749, 1, N'12345610', N'TELLO', N'', NULL, 3)
INSERT [dbo].[item_campana] ([item_campana_id], [apellido_materno], [apellido_paterno], [correlativo], [correlativo_base], [detalle], [direccion], [distrito_id], [enviable], [idc], [nombres], [razon_social], [estado_item_campana_id], [campana_id]) VALUES (113, N'TELLO', N'MEDINA', 1, 21, NULL, N'Curimana', 1864, 1, N'12345628', N'TELLO', N'', NULL, 3)
INSERT [dbo].[item_campana] ([item_campana_id], [apellido_materno], [apellido_paterno], [correlativo], [correlativo_base], [detalle], [direccion], [distrito_id], [enviable], [idc], [nombres], [razon_social], [estado_item_campana_id], [campana_id]) VALUES (114, N'TOLEDO', N'CAMPOS', 18, 4, NULL, N'El Algarrobal', 1528, 1, N'12345611', N'CHRISTIAN', N'', NULL, 3)
INSERT [dbo].[item_campana] ([item_campana_id], [apellido_materno], [apellido_paterno], [correlativo], [correlativo_base], [detalle], [direccion], [distrito_id], [enviable], [idc], [nombres], [razon_social], [estado_item_campana_id], [campana_id]) VALUES (115, N'CARRASCO', N'HEREDIA', 23, 7, NULL, N'Bagua', 22, 1, N'12345614', N'ORLANDO MARIO', N'', NULL, 3)
INSERT [dbo].[item_campana] ([item_campana_id], [apellido_materno], [apellido_paterno], [correlativo], [correlativo_base], [detalle], [direccion], [distrito_id], [enviable], [idc], [nombres], [razon_social], [estado_item_campana_id], [campana_id]) VALUES (116, N'TELLO', N'MEDINA', 34, 12, NULL, N'El Agustino', 1285, 1, N'12345619', N'TELLO', N'', NULL, 3)
INSERT [dbo].[item_campana] ([item_campana_id], [apellido_materno], [apellido_paterno], [correlativo], [correlativo_base], [detalle], [direccion], [distrito_id], [enviable], [idc], [nombres], [razon_social], [estado_item_campana_id], [campana_id]) VALUES (117, N'CARRASCO', N'HEREDIA', 24, 27, NULL, N'Bagua', 22, 1, N'12345634', N'ORLANDO MARIO', N'', NULL, 3)
INSERT [dbo].[item_campana] ([item_campana_id], [apellido_materno], [apellido_paterno], [correlativo], [correlativo_base], [detalle], [direccion], [distrito_id], [enviable], [idc], [nombres], [razon_social], [estado_item_campana_id], [campana_id]) VALUES (118, N'RODRIGUEZ', N'SANTOS', 10, 20, NULL, N'Ilabaya', 1828, 1, N'12345627', N'RONALD', N'', NULL, 3)
INSERT [dbo].[item_campana] ([item_campana_id], [apellido_materno], [apellido_paterno], [correlativo], [correlativo_base], [detalle], [direccion], [distrito_id], [enviable], [idc], [nombres], [razon_social], [estado_item_campana_id], [campana_id]) VALUES (119, N'CARRASCO', N'ESPINOZA', 38, 34, NULL, N'Barranco', 1278, 1, N'12345641', N'TELLO', N'', NULL, 3)
INSERT [dbo].[item_campana] ([item_campana_id], [apellido_materno], [apellido_paterno], [correlativo], [correlativo_base], [detalle], [direccion], [distrito_id], [enviable], [idc], [nombres], [razon_social], [estado_item_campana_id], [campana_id]) VALUES (120, N'NAVA', N'FIGUEROA', 26, 8, NULL, N'Rímac', 1302, 1, N'12345615', N'MELISSA', N'', NULL, 3)
INSERT [dbo].[item_campana] ([item_campana_id], [apellido_materno], [apellido_paterno], [correlativo], [correlativo_base], [detalle], [direccion], [distrito_id], [enviable], [idc], [nombres], [razon_social], [estado_item_campana_id], [campana_id]) VALUES (121, N'TELLO', N'MEDINA', 11, 3, NULL, N'Shatoja', 1749, 1, N'12345610', N'TELLO', N'', NULL, 4)
INSERT [dbo].[item_campana] ([item_campana_id], [apellido_materno], [apellido_paterno], [correlativo], [correlativo_base], [detalle], [direccion], [distrito_id], [enviable], [idc], [nombres], [razon_social], [estado_item_campana_id], [campana_id]) VALUES (122, N'TELLO', N'MEDINA', 1, 1, NULL, N'Curimana', 1864, 1, N'12345608', N'TELLO', N'', NULL, 4)
INSERT [dbo].[item_campana] ([item_campana_id], [apellido_materno], [apellido_paterno], [correlativo], [correlativo_base], [detalle], [direccion], [distrito_id], [enviable], [idc], [nombres], [razon_social], [estado_item_campana_id], [campana_id]) VALUES (123, N'ISIDRO', N'PEREZ', 22, 29, NULL, N'Puente Piedra', 1299, 1, N'12345636', N'EUGENIA', N'', NULL, 4)
INSERT [dbo].[item_campana] ([item_campana_id], [apellido_materno], [apellido_paterno], [correlativo], [correlativo_base], [detalle], [direccion], [distrito_id], [enviable], [idc], [nombres], [razon_social], [estado_item_campana_id], [campana_id]) VALUES (124, N'VILLEGAS', N'SANDOVAL', 24, 10, NULL, N'Lurin', 1293, 1, N'12345617', N'JUAN', N'', NULL, 4)
INSERT [dbo].[item_campana] ([item_campana_id], [apellido_materno], [apellido_paterno], [correlativo], [correlativo_base], [detalle], [direccion], [distrito_id], [enviable], [idc], [nombres], [razon_social], [estado_item_campana_id], [campana_id]) VALUES (125, N'CHAVEZ', N'BALTAZAR', 0, 13, NULL, N'Chorrillos', 1282, 0, N'12345620', N'CESAR', N'', NULL, 4)
INSERT [dbo].[item_campana] ([item_campana_id], [apellido_materno], [apellido_paterno], [correlativo], [correlativo_base], [detalle], [direccion], [distrito_id], [enviable], [idc], [nombres], [razon_social], [estado_item_campana_id], [campana_id]) VALUES (126, N'TELLO', N'MEDINA', 27, 32, NULL, N'El Agustino', 1285, 1, N'12345639', N'TELLO', N'', NULL, 4)
INSERT [dbo].[item_campana] ([item_campana_id], [apellido_materno], [apellido_paterno], [correlativo], [correlativo_base], [detalle], [direccion], [distrito_id], [enviable], [idc], [nombres], [razon_social], [estado_item_campana_id], [campana_id]) VALUES (127, N'CARRASCO', N'HEREDIA', 20, 7, NULL, N'Bagua', 22, 1, N'12345614', N'ORLANDO MARIO', N'', NULL, 4)
INSERT [dbo].[item_campana] ([item_campana_id], [apellido_materno], [apellido_paterno], [correlativo], [correlativo_base], [detalle], [direccion], [distrito_id], [enviable], [idc], [nombres], [razon_social], [estado_item_campana_id], [campana_id]) VALUES (128, N'VILLEGAS', N'SANDOVAL', 23, 30, NULL, N'Lurin', 1293, 1, N'12345637', N'JUAN', N'', NULL, 4)
INSERT [dbo].[item_campana] ([item_campana_id], [apellido_materno], [apellido_paterno], [correlativo], [correlativo_base], [detalle], [direccion], [distrito_id], [enviable], [idc], [nombres], [razon_social], [estado_item_campana_id], [campana_id]) VALUES (129, N'TOLEDO', N'CAMPOS', 14, 24, NULL, N'El Algarrobal', 1528, 1, N'12345631', N'CHRISTIAN', N'', NULL, 4)
INSERT [dbo].[item_campana] ([item_campana_id], [apellido_materno], [apellido_paterno], [correlativo], [correlativo_base], [detalle], [direccion], [distrito_id], [enviable], [idc], [nombres], [razon_social], [estado_item_campana_id], [campana_id]) VALUES (130, N'CARRASCO', N'ESPINOZA', 29, 34, NULL, N'Barranco', 1278, 1, N'12345641', N'TELLO', N'', NULL, 4)
INSERT [dbo].[item_campana] ([item_campana_id], [apellido_materno], [apellido_paterno], [correlativo], [correlativo_base], [detalle], [direccion], [distrito_id], [enviable], [idc], [nombres], [razon_social], [estado_item_campana_id], [campana_id]) VALUES (131, N'TELLO', N'MEDINA', 0, 17, NULL, N'Manantay', 1857, 0, N'12345624', N'TELLO', N'', NULL, 4)
INSERT [dbo].[item_campana] ([item_campana_id], [apellido_materno], [apellido_paterno], [correlativo], [correlativo_base], [detalle], [direccion], [distrito_id], [enviable], [idc], [nombres], [razon_social], [estado_item_campana_id], [campana_id]) VALUES (132, N'TELLO', N'MEDINA', 10, 39, NULL, N'Caspisapa', 1774, 1, N'12345646', N'TELLO', N'', NULL, 4)
INSERT [dbo].[item_campana] ([item_campana_id], [apellido_materno], [apellido_paterno], [correlativo], [correlativo_base], [detalle], [direccion], [distrito_id], [enviable], [idc], [nombres], [razon_social], [estado_item_campana_id], [campana_id]) VALUES (133, N'TOLEDO', N'CAMPOS', 13, 4, NULL, N'El Algarrobal', 1528, 1, N'12345611', N'CHRISTIAN', N'', NULL, 4)
INSERT [dbo].[item_campana] ([item_campana_id], [apellido_materno], [apellido_paterno], [correlativo], [correlativo_base], [detalle], [direccion], [distrito_id], [enviable], [idc], [nombres], [razon_social], [estado_item_campana_id], [campana_id]) VALUES (134, N'VILLEGAS', N'SANDOVAL', 15, 5, NULL, N'Llipata', 1018, 1, N'12345612', N'JUAN', N'', NULL, 4)
INSERT [dbo].[item_campana] ([item_campana_id], [apellido_materno], [apellido_paterno], [correlativo], [correlativo_base], [detalle], [direccion], [distrito_id], [enviable], [idc], [nombres], [razon_social], [estado_item_campana_id], [campana_id]) VALUES (135, N'RODRIGUEZ', N'SANTOS', 5, 22, NULL, N'Locumba', 1827, 1, N'12345629', N'RONALD', N'', NULL, 4)
INSERT [dbo].[item_campana] ([item_campana_id], [apellido_materno], [apellido_paterno], [correlativo], [correlativo_base], [detalle], [direccion], [distrito_id], [enviable], [idc], [nombres], [razon_social], [estado_item_campana_id], [campana_id]) VALUES (136, N'SAAVEDRA', N'SANTOS', 26, 11, NULL, N'LIMA', 1275, 1, N'12345618', N'LEIDY', N'', NULL, 4)
INSERT [dbo].[item_campana] ([item_campana_id], [apellido_materno], [apellido_paterno], [correlativo], [correlativo_base], [detalle], [direccion], [distrito_id], [enviable], [idc], [nombres], [razon_social], [estado_item_campana_id], [campana_id]) VALUES (137, N'RODRIGUEZ', N'SANTOS', 17, 26, NULL, N'Choros', 618, 1, N'12345633', N'RONALD', N'', NULL, 4)
INSERT [dbo].[item_campana] ([item_campana_id], [apellido_materno], [apellido_paterno], [correlativo], [correlativo_base], [detalle], [direccion], [distrito_id], [enviable], [idc], [nombres], [razon_social], [estado_item_campana_id], [campana_id]) VALUES (138, N'VILLEGAS', N'SANDOVAL', 16, 25, NULL, N'Llipata', 1018, 1, N'12345632', N'JUAN', N'', NULL, 4)
INSERT [dbo].[item_campana] ([item_campana_id], [apellido_materno], [apellido_paterno], [correlativo], [correlativo_base], [detalle], [direccion], [distrito_id], [enviable], [idc], [nombres], [razon_social], [estado_item_campana_id], [campana_id]) VALUES (139, N'RODRIGUEZ', N'SANTOS', 6, 20, NULL, N'Ilabaya', 1828, 1, N'12345627', N'RONALD', N'', NULL, 4)
INSERT [dbo].[item_campana] ([item_campana_id], [apellido_materno], [apellido_paterno], [correlativo], [correlativo_base], [detalle], [direccion], [distrito_id], [enviable], [idc], [nombres], [razon_social], [estado_item_campana_id], [campana_id]) VALUES (140, N'TELLO', N'MEDINA', 4, 37, NULL, N'Manantay', 1857, 1, N'12345644', N'TELLO', N'', NULL, 4)
INSERT [dbo].[item_campana] ([item_campana_id], [apellido_materno], [apellido_paterno], [correlativo], [correlativo_base], [detalle], [direccion], [distrito_id], [enviable], [idc], [nombres], [razon_social], [estado_item_campana_id], [campana_id]) VALUES (141, N'TELLO', N'MEDINA', 28, 12, NULL, N'El Agustino', 1285, 1, N'12345619', N'TELLO', N'', NULL, 4)
INSERT [dbo].[item_campana] ([item_campana_id], [apellido_materno], [apellido_paterno], [correlativo], [correlativo_base], [detalle], [direccion], [distrito_id], [enviable], [idc], [nombres], [razon_social], [estado_item_campana_id], [campana_id]) VALUES (142, N'TELLO', N'MEDINA', 8, 18, NULL, N'Shamboyacu', 1779, 1, N'12345625', N'TELLO', N'', NULL, 4)
INSERT [dbo].[item_campana] ([item_campana_id], [apellido_materno], [apellido_paterno], [correlativo], [correlativo_base], [detalle], [direccion], [distrito_id], [enviable], [idc], [nombres], [razon_social], [estado_item_campana_id], [campana_id]) VALUES (143, N'SAAVEDRA', N'SANTOS', 25, 31, NULL, N'LIMA', 1275, 1, N'12345638', N'LEIDY', N'', NULL, 4)
INSERT [dbo].[item_campana] ([item_campana_id], [apellido_materno], [apellido_paterno], [correlativo], [correlativo_base], [detalle], [direccion], [distrito_id], [enviable], [idc], [nombres], [razon_social], [estado_item_campana_id], [campana_id]) VALUES (144, N'CHAVEZ', N'BALTAZAR', 0, 33, NULL, N'Chorrillos', 1282, 0, N'12345640', N'CESAR', N'', NULL, 4)
INSERT [dbo].[item_campana] ([item_campana_id], [apellido_materno], [apellido_paterno], [correlativo], [correlativo_base], [detalle], [direccion], [distrito_id], [enviable], [idc], [nombres], [razon_social], [estado_item_campana_id], [campana_id]) VALUES (145, N'TOLEDO', N'CAMPOS', 32, 15, NULL, N'Ate', 1277, 1, N'12345622', N'CHRISTIAN', N'', NULL, 4)
INSERT [dbo].[item_campana] ([item_campana_id], [apellido_materno], [apellido_paterno], [correlativo], [correlativo_base], [detalle], [direccion], [distrito_id], [enviable], [idc], [nombres], [razon_social], [estado_item_campana_id], [campana_id]) VALUES (146, N'TELLO', N'MEDINA', 0, 21, NULL, N'Curimana', 1864, 0, N'12345628', N'TELLO', N'', NULL, 4)
INSERT [dbo].[item_campana] ([item_campana_id], [apellido_materno], [apellido_paterno], [correlativo], [correlativo_base], [detalle], [direccion], [distrito_id], [enviable], [idc], [nombres], [razon_social], [estado_item_campana_id], [campana_id]) VALUES (147, N'RODRIGUEZ', N'SANTOS', 7, 40, NULL, N'Ilabaya', 1828, 1, N'12345645', N'RONALD', N'', NULL, 4)
INSERT [dbo].[item_campana] ([item_campana_id], [apellido_materno], [apellido_paterno], [correlativo], [correlativo_base], [detalle], [direccion], [distrito_id], [enviable], [idc], [nombres], [razon_social], [estado_item_campana_id], [campana_id]) VALUES (148, N'TELLO', N'MEDINA', 9, 19, NULL, N'Caspisapa', 1774, 1, N'12345626', N'TELLO', N'', NULL, 4)
INSERT [dbo].[item_campana] ([item_campana_id], [apellido_materno], [apellido_paterno], [correlativo], [correlativo_base], [detalle], [direccion], [distrito_id], [enviable], [idc], [nombres], [razon_social], [estado_item_campana_id], [campana_id]) VALUES (149, N'TELLO', N'MEDINA', 3, 16, NULL, N'Yarinacocha', 1855, 1, N'12345623', N'TELLO', N'', NULL, 4)
INSERT [dbo].[item_campana] ([item_campana_id], [apellido_materno], [apellido_paterno], [correlativo], [correlativo_base], [detalle], [direccion], [distrito_id], [enviable], [idc], [nombres], [razon_social], [estado_item_campana_id], [campana_id]) VALUES (150, N'CARRASCO', N'HEREDIA', 19, 27, NULL, N'Bagua', 22, 1, N'12345634', N'ORLANDO MARIO', N'', NULL, 4)
INSERT [dbo].[item_campana] ([item_campana_id], [apellido_materno], [apellido_paterno], [correlativo], [correlativo_base], [detalle], [direccion], [distrito_id], [enviable], [idc], [nombres], [razon_social], [estado_item_campana_id], [campana_id]) VALUES (151, N'ISIDRO', N'PEREZ', 0, 9, NULL, N'Puente Piedra', 1299, 0, N'12345616', N'EUGENIA', N'', NULL, 4)
INSERT [dbo].[item_campana] ([item_campana_id], [apellido_materno], [apellido_paterno], [correlativo], [correlativo_base], [detalle], [direccion], [distrito_id], [enviable], [idc], [nombres], [razon_social], [estado_item_campana_id], [campana_id]) VALUES (152, N'TELLO', N'MEDINA', 2, 36, NULL, N'Yarinacocha', 1855, 1, N'12345643', N'TELLO', N'', NULL, 4)
INSERT [dbo].[item_campana] ([item_campana_id], [apellido_materno], [apellido_paterno], [correlativo], [correlativo_base], [detalle], [direccion], [distrito_id], [enviable], [idc], [nombres], [razon_social], [estado_item_campana_id], [campana_id]) VALUES (153, N'TOLEDO', N'CAMPOS', 31, 35, NULL, N'Ate', 1277, 1, N'12345642', N'CHRISTIAN', N'', NULL, 4)
INSERT [dbo].[item_campana] ([item_campana_id], [apellido_materno], [apellido_paterno], [correlativo], [correlativo_base], [detalle], [direccion], [distrito_id], [enviable], [idc], [nombres], [razon_social], [estado_item_campana_id], [campana_id]) VALUES (154, N'TELLO', N'MEDINA', 0, 38, NULL, N'Shamboyacu', 1779, 0, N'12345645', N'TELLO', N'', NULL, 4)
INSERT [dbo].[item_campana] ([item_campana_id], [apellido_materno], [apellido_paterno], [correlativo], [correlativo_base], [detalle], [direccion], [distrito_id], [enviable], [idc], [nombres], [razon_social], [estado_item_campana_id], [campana_id]) VALUES (155, N'RODRIGUEZ', N'SANTOS', 0, 2, NULL, N'Locumba', 1827, 0, N'12345609', N'RONALD', N'', NULL, 4)
INSERT [dbo].[item_campana] ([item_campana_id], [apellido_materno], [apellido_paterno], [correlativo], [correlativo_base], [detalle], [direccion], [distrito_id], [enviable], [idc], [nombres], [razon_social], [estado_item_campana_id], [campana_id]) VALUES (156, N'CARRASCO', N'ESPINOZA', 30, 14, NULL, N'Barranco', 1278, 1, N'12345621', N'TELLO', N'', NULL, 4)
INSERT [dbo].[item_campana] ([item_campana_id], [apellido_materno], [apellido_paterno], [correlativo], [correlativo_base], [detalle], [direccion], [distrito_id], [enviable], [idc], [nombres], [razon_social], [estado_item_campana_id], [campana_id]) VALUES (157, N'NAVA', N'FIGUEROA', 21, 8, NULL, N'Rímac', 1302, 1, N'12345615', N'MELISSA', N'', NULL, 4)
INSERT [dbo].[item_campana] ([item_campana_id], [apellido_materno], [apellido_paterno], [correlativo], [correlativo_base], [detalle], [direccion], [distrito_id], [enviable], [idc], [nombres], [razon_social], [estado_item_campana_id], [campana_id]) VALUES (158, N'TELLO', N'MEDINA', 12, 23, NULL, N'Shatoja', 1749, 1, N'12345630', N'TELLO', N'', NULL, 4)
INSERT [dbo].[item_campana] ([item_campana_id], [apellido_materno], [apellido_paterno], [correlativo], [correlativo_base], [detalle], [direccion], [distrito_id], [enviable], [idc], [nombres], [razon_social], [estado_item_campana_id], [campana_id]) VALUES (159, N'RODRIGUEZ', N'SANTOS', 18, 6, NULL, N'Choros', 618, 1, N'12345613', N'RONALD', N'', NULL, 4)
INSERT [dbo].[item_campana] ([item_campana_id], [apellido_materno], [apellido_paterno], [correlativo], [correlativo_base], [detalle], [direccion], [distrito_id], [enviable], [idc], [nombres], [razon_social], [estado_item_campana_id], [campana_id]) VALUES (160, N'NAVA', N'FIGUEROA', 0, 28, NULL, N'Rímac', 1302, 0, N'12345635', N'MELISSA', N'', NULL, 4)
INSERT [dbo].[item_campana] ([item_campana_id], [apellido_materno], [apellido_paterno], [correlativo], [correlativo_base], [detalle], [direccion], [distrito_id], [enviable], [idc], [nombres], [razon_social], [estado_item_campana_id], [campana_id]) VALUES (161, N'NAVA', N'FIGUEROA', 0, 8, NULL, N'Rímac', 1302, 0, N'12345615', N'MELISSA', N'', NULL, 5)
INSERT [dbo].[item_campana] ([item_campana_id], [apellido_materno], [apellido_paterno], [correlativo], [correlativo_base], [detalle], [direccion], [distrito_id], [enviable], [idc], [nombres], [razon_social], [estado_item_campana_id], [campana_id]) VALUES (162, N'TELLO', N'MEDINA', 12, 23, NULL, N'Shatoja', 1749, 1, N'12345630', N'TELLO', N'', NULL, 5)
INSERT [dbo].[item_campana] ([item_campana_id], [apellido_materno], [apellido_paterno], [correlativo], [correlativo_base], [detalle], [direccion], [distrito_id], [enviable], [idc], [nombres], [razon_social], [estado_item_campana_id], [campana_id]) VALUES (163, N'TELLO', N'MEDINA', 1, 1, NULL, N'Curimana', 1864, 1, N'12345608', N'TELLO', N'', NULL, 5)
INSERT [dbo].[item_campana] ([item_campana_id], [apellido_materno], [apellido_paterno], [correlativo], [correlativo_base], [detalle], [direccion], [distrito_id], [enviable], [idc], [nombres], [razon_social], [estado_item_campana_id], [campana_id]) VALUES (164, N'RODRIGUEZ', N'SANTOS', 17, 26, NULL, N'Choros', 618, 1, N'12345633', N'RONALD', N'', NULL, 5)
INSERT [dbo].[item_campana] ([item_campana_id], [apellido_materno], [apellido_paterno], [correlativo], [correlativo_base], [detalle], [direccion], [distrito_id], [enviable], [idc], [nombres], [razon_social], [estado_item_campana_id], [campana_id]) VALUES (165, N'RODRIGUEZ', N'SANTOS', 0, 2, NULL, N'Locumba', 1827, 0, N'12345609', N'RONALD', N'', NULL, 5)
INSERT [dbo].[item_campana] ([item_campana_id], [apellido_materno], [apellido_paterno], [correlativo], [correlativo_base], [detalle], [direccion], [distrito_id], [enviable], [idc], [nombres], [razon_social], [estado_item_campana_id], [campana_id]) VALUES (166, N'RODRIGUEZ', N'SANTOS', 6, 22, NULL, N'Locumba', 1827, 1, N'12345629', N'RONALD', N'', NULL, 5)
INSERT [dbo].[item_campana] ([item_campana_id], [apellido_materno], [apellido_paterno], [correlativo], [correlativo_base], [detalle], [direccion], [distrito_id], [enviable], [idc], [nombres], [razon_social], [estado_item_campana_id], [campana_id]) VALUES (167, N'SAAVEDRA', N'SANTOS', 24, 31, NULL, N'LIMA', 1275, 1, N'12345638', N'LEIDY', N'', NULL, 5)
INSERT [dbo].[item_campana] ([item_campana_id], [apellido_materno], [apellido_paterno], [correlativo], [correlativo_base], [detalle], [direccion], [distrito_id], [enviable], [idc], [nombres], [razon_social], [estado_item_campana_id], [campana_id]) VALUES (168, N'RODRIGUEZ', N'SANTOS', 18, 6, NULL, N'Choros', 618, 1, N'12345613', N'RONALD', N'', NULL, 5)
INSERT [dbo].[item_campana] ([item_campana_id], [apellido_materno], [apellido_paterno], [correlativo], [correlativo_base], [detalle], [direccion], [distrito_id], [enviable], [idc], [nombres], [razon_social], [estado_item_campana_id], [campana_id]) VALUES (169, N'ISIDRO', N'PEREZ', 22, 9, NULL, N'Puente Piedra', 1299, 1, N'12345616', N'EUGENIA', N'', NULL, 5)
INSERT [dbo].[item_campana] ([item_campana_id], [apellido_materno], [apellido_paterno], [correlativo], [correlativo_base], [detalle], [direccion], [distrito_id], [enviable], [idc], [nombres], [razon_social], [estado_item_campana_id], [campana_id]) VALUES (170, N'VILLEGAS', N'SANDOVAL', 23, 10, NULL, N'Lurin', 1293, 1, N'12345617', N'JUAN', N'', NULL, 5)
INSERT [dbo].[item_campana] ([item_campana_id], [apellido_materno], [apellido_paterno], [correlativo], [correlativo_base], [detalle], [direccion], [distrito_id], [enviable], [idc], [nombres], [razon_social], [estado_item_campana_id], [campana_id]) VALUES (171, N'TOLEDO', N'CAMPOS', 31, 35, NULL, N'Ate', 1277, 1, N'12345642', N'CHRISTIAN', N'', NULL, 5)
INSERT [dbo].[item_campana] ([item_campana_id], [apellido_materno], [apellido_paterno], [correlativo], [correlativo_base], [detalle], [direccion], [distrito_id], [enviable], [idc], [nombres], [razon_social], [estado_item_campana_id], [campana_id]) VALUES (172, N'TELLO', N'MEDINA', 10, 38, NULL, N'Shamboyacu', 1779, 1, N'12345645', N'TELLO', N'', NULL, 5)
INSERT [dbo].[item_campana] ([item_campana_id], [apellido_materno], [apellido_paterno], [correlativo], [correlativo_base], [detalle], [direccion], [distrito_id], [enviable], [idc], [nombres], [razon_social], [estado_item_campana_id], [campana_id]) VALUES (173, N'VILLEGAS', N'SANDOVAL', 15, 25, NULL, N'Llipata', 1018, 1, N'12345632', N'JUAN', N'', NULL, 5)
INSERT [dbo].[item_campana] ([item_campana_id], [apellido_materno], [apellido_paterno], [correlativo], [correlativo_base], [detalle], [direccion], [distrito_id], [enviable], [idc], [nombres], [razon_social], [estado_item_campana_id], [campana_id]) VALUES (174, N'VILLEGAS', N'SANDOVAL', 16, 5, NULL, N'Llipata', 1018, 1, N'12345612', N'JUAN', N'', NULL, 5)
INSERT [dbo].[item_campana] ([item_campana_id], [apellido_materno], [apellido_paterno], [correlativo], [correlativo_base], [detalle], [direccion], [distrito_id], [enviable], [idc], [nombres], [razon_social], [estado_item_campana_id], [campana_id]) VALUES (175, N'SAAVEDRA', N'SANTOS', 0, 11, NULL, N'LIMA', 1275, 0, N'12345618', N'LEIDY', N'', NULL, 5)
INSERT [dbo].[item_campana] ([item_campana_id], [apellido_materno], [apellido_paterno], [correlativo], [correlativo_base], [detalle], [direccion], [distrito_id], [enviable], [idc], [nombres], [razon_social], [estado_item_campana_id], [campana_id]) VALUES (176, N'TOLEDO', N'CAMPOS', 0, 24, NULL, N'El Algarrobal', 1528, 0, N'12345631', N'CHRISTIAN', N'', NULL, 5)
INSERT [dbo].[item_campana] ([item_campana_id], [apellido_materno], [apellido_paterno], [correlativo], [correlativo_base], [detalle], [direccion], [distrito_id], [enviable], [idc], [nombres], [razon_social], [estado_item_campana_id], [campana_id]) VALUES (177, N'TELLO', N'MEDINA', 11, 19, NULL, N'Caspisapa', 1774, 1, N'12345626', N'TELLO', N'', NULL, 5)
INSERT [dbo].[item_campana] ([item_campana_id], [apellido_materno], [apellido_paterno], [correlativo], [correlativo_base], [detalle], [direccion], [distrito_id], [enviable], [idc], [nombres], [razon_social], [estado_item_campana_id], [campana_id]) VALUES (178, N'TELLO', N'MEDINA', 4, 36, NULL, N'Yarinacocha', 1855, 1, N'12345643', N'TELLO', N'', NULL, 5)
INSERT [dbo].[item_campana] ([item_campana_id], [apellido_materno], [apellido_paterno], [correlativo], [correlativo_base], [detalle], [direccion], [distrito_id], [enviable], [idc], [nombres], [razon_social], [estado_item_campana_id], [campana_id]) VALUES (179, N'RODRIGUEZ', N'SANTOS', 7, 40, NULL, N'Ilabaya', 1828, 1, N'12345645', N'RONALD', N'', NULL, 5)
INSERT [dbo].[item_campana] ([item_campana_id], [apellido_materno], [apellido_paterno], [correlativo], [correlativo_base], [detalle], [direccion], [distrito_id], [enviable], [idc], [nombres], [razon_social], [estado_item_campana_id], [campana_id]) VALUES (180, N'TELLO', N'MEDINA', 0, 17, NULL, N'Manantay', 1857, 0, N'12345624', N'TELLO', N'', NULL, 5)
INSERT [dbo].[item_campana] ([item_campana_id], [apellido_materno], [apellido_paterno], [correlativo], [correlativo_base], [detalle], [direccion], [distrito_id], [enviable], [idc], [nombres], [razon_social], [estado_item_campana_id], [campana_id]) VALUES (181, N'TELLO', N'MEDINA', 9, 18, NULL, N'Shamboyacu', 1779, 1, N'12345625', N'TELLO', N'', NULL, 5)
INSERT [dbo].[item_campana] ([item_campana_id], [apellido_materno], [apellido_paterno], [correlativo], [correlativo_base], [detalle], [direccion], [distrito_id], [enviable], [idc], [nombres], [razon_social], [estado_item_campana_id], [campana_id]) VALUES (182, N'NAVA', N'FIGUEROA', 21, 28, NULL, N'Rímac', 1302, 1, N'12345635', N'MELISSA', N'', NULL, 5)
INSERT [dbo].[item_campana] ([item_campana_id], [apellido_materno], [apellido_paterno], [correlativo], [correlativo_base], [detalle], [direccion], [distrito_id], [enviable], [idc], [nombres], [razon_social], [estado_item_campana_id], [campana_id]) VALUES (183, N'CARRASCO', N'HEREDIA', 19, 7, NULL, N'Bagua', 22, 1, N'12345614', N'ORLANDO MARIO', N'', NULL, 5)
INSERT [dbo].[item_campana] ([item_campana_id], [apellido_materno], [apellido_paterno], [correlativo], [correlativo_base], [detalle], [direccion], [distrito_id], [enviable], [idc], [nombres], [razon_social], [estado_item_campana_id], [campana_id]) VALUES (184, N'TELLO', N'MEDINA', 3, 16, NULL, N'Yarinacocha', 1855, 1, N'12345623', N'TELLO', N'', NULL, 5)
INSERT [dbo].[item_campana] ([item_campana_id], [apellido_materno], [apellido_paterno], [correlativo], [correlativo_base], [detalle], [direccion], [distrito_id], [enviable], [idc], [nombres], [razon_social], [estado_item_campana_id], [campana_id]) VALUES (185, N'TELLO', N'MEDINA', 2, 21, NULL, N'Curimana', 1864, 1, N'12345628', N'TELLO', N'', NULL, 5)
INSERT [dbo].[item_campana] ([item_campana_id], [apellido_materno], [apellido_paterno], [correlativo], [correlativo_base], [detalle], [direccion], [distrito_id], [enviable], [idc], [nombres], [razon_social], [estado_item_campana_id], [campana_id]) VALUES (186, N'CARRASCO', N'HEREDIA', 20, 27, NULL, N'Bagua', 22, 1, N'12345634', N'ORLANDO MARIO', N'', NULL, 5)
INSERT [dbo].[item_campana] ([item_campana_id], [apellido_materno], [apellido_paterno], [correlativo], [correlativo_base], [detalle], [direccion], [distrito_id], [enviable], [idc], [nombres], [razon_social], [estado_item_campana_id], [campana_id]) VALUES (187, N'TELLO', N'MEDINA', 5, 37, NULL, N'Manantay', 1857, 1, N'12345644', N'TELLO', N'', NULL, 5)
INSERT [dbo].[item_campana] ([item_campana_id], [apellido_materno], [apellido_paterno], [correlativo], [correlativo_base], [detalle], [direccion], [distrito_id], [enviable], [idc], [nombres], [razon_social], [estado_item_campana_id], [campana_id]) VALUES (188, N'TELLO', N'MEDINA', 0, 39, NULL, N'Caspisapa', 1774, 0, N'12345646', N'TELLO', N'', NULL, 5)
INSERT [dbo].[item_campana] ([item_campana_id], [apellido_materno], [apellido_paterno], [correlativo], [correlativo_base], [detalle], [direccion], [distrito_id], [enviable], [idc], [nombres], [razon_social], [estado_item_campana_id], [campana_id]) VALUES (189, N'CHAVEZ', N'BALTAZAR', 27, 13, NULL, N'Chorrillos', 1282, 1, N'12345620', N'CESAR', N'', NULL, 5)
INSERT [dbo].[item_campana] ([item_campana_id], [apellido_materno], [apellido_paterno], [correlativo], [correlativo_base], [detalle], [direccion], [distrito_id], [enviable], [idc], [nombres], [razon_social], [estado_item_campana_id], [campana_id]) VALUES (190, N'VILLEGAS', N'SANDOVAL', 0, 30, NULL, N'Lurin', 1293, 0, N'12345637', N'JUAN', N'', NULL, 5)
INSERT [dbo].[item_campana] ([item_campana_id], [apellido_materno], [apellido_paterno], [correlativo], [correlativo_base], [detalle], [direccion], [distrito_id], [enviable], [idc], [nombres], [razon_social], [estado_item_campana_id], [campana_id]) VALUES (191, N'TELLO', N'MEDINA', 13, 3, NULL, N'Shatoja', 1749, 1, N'12345610', N'TELLO', N'', NULL, 5)
INSERT [dbo].[item_campana] ([item_campana_id], [apellido_materno], [apellido_paterno], [correlativo], [correlativo_base], [detalle], [direccion], [distrito_id], [enviable], [idc], [nombres], [razon_social], [estado_item_campana_id], [campana_id]) VALUES (192, N'TELLO', N'MEDINA', 25, 32, NULL, N'El Agustino', 1285, 1, N'12345639', N'TELLO', N'', NULL, 5)
INSERT [dbo].[item_campana] ([item_campana_id], [apellido_materno], [apellido_paterno], [correlativo], [correlativo_base], [detalle], [direccion], [distrito_id], [enviable], [idc], [nombres], [razon_social], [estado_item_campana_id], [campana_id]) VALUES (193, N'TOLEDO', N'CAMPOS', 14, 4, NULL, N'El Algarrobal', 1528, 1, N'12345611', N'CHRISTIAN', N'', NULL, 5)
INSERT [dbo].[item_campana] ([item_campana_id], [apellido_materno], [apellido_paterno], [correlativo], [correlativo_base], [detalle], [direccion], [distrito_id], [enviable], [idc], [nombres], [razon_social], [estado_item_campana_id], [campana_id]) VALUES (194, N'TELLO', N'MEDINA', 26, 12, NULL, N'El Agustino', 1285, 1, N'12345619', N'TELLO', N'', NULL, 5)
INSERT [dbo].[item_campana] ([item_campana_id], [apellido_materno], [apellido_paterno], [correlativo], [correlativo_base], [detalle], [direccion], [distrito_id], [enviable], [idc], [nombres], [razon_social], [estado_item_campana_id], [campana_id]) VALUES (195, N'TOLEDO', N'CAMPOS', 30, 15, NULL, N'Ate', 1277, 1, N'12345622', N'CHRISTIAN', N'', NULL, 5)
INSERT [dbo].[item_campana] ([item_campana_id], [apellido_materno], [apellido_paterno], [correlativo], [correlativo_base], [detalle], [direccion], [distrito_id], [enviable], [idc], [nombres], [razon_social], [estado_item_campana_id], [campana_id]) VALUES (196, N'RODRIGUEZ', N'SANTOS', 8, 20, NULL, N'Ilabaya', 1828, 1, N'12345627', N'RONALD', N'', NULL, 5)
INSERT [dbo].[item_campana] ([item_campana_id], [apellido_materno], [apellido_paterno], [correlativo], [correlativo_base], [detalle], [direccion], [distrito_id], [enviable], [idc], [nombres], [razon_social], [estado_item_campana_id], [campana_id]) VALUES (197, N'CHAVEZ', N'BALTAZAR', 28, 33, NULL, N'Chorrillos', 1282, 1, N'12345640', N'CESAR', N'', NULL, 5)
INSERT [dbo].[item_campana] ([item_campana_id], [apellido_materno], [apellido_paterno], [correlativo], [correlativo_base], [detalle], [direccion], [distrito_id], [enviable], [idc], [nombres], [razon_social], [estado_item_campana_id], [campana_id]) VALUES (198, N'ISIDRO', N'PEREZ', 0, 29, NULL, N'Puente Piedra', 1299, 0, N'12345636', N'EUGENIA', N'', NULL, 5)
INSERT [dbo].[item_campana] ([item_campana_id], [apellido_materno], [apellido_paterno], [correlativo], [correlativo_base], [detalle], [direccion], [distrito_id], [enviable], [idc], [nombres], [razon_social], [estado_item_campana_id], [campana_id]) VALUES (199, N'CARRASCO', N'ESPINOZA', 29, 14, NULL, N'Barranco', 1278, 1, N'12345621', N'TELLO', N'', NULL, 5)
INSERT [dbo].[item_campana] ([item_campana_id], [apellido_materno], [apellido_paterno], [correlativo], [correlativo_base], [detalle], [direccion], [distrito_id], [enviable], [idc], [nombres], [razon_social], [estado_item_campana_id], [campana_id]) VALUES (200, N'CARRASCO', N'ESPINOZA', 0, 34, NULL, N'Barranco', 1278, 0, N'12345641', N'TELLO', N'', NULL, 5)
INSERT [dbo].[item_campana] ([item_campana_id], [apellido_materno], [apellido_paterno], [correlativo], [correlativo_base], [detalle], [direccion], [distrito_id], [enviable], [idc], [nombres], [razon_social], [estado_item_campana_id], [campana_id]) VALUES (201, N'CARRASCO', N'ESPINOZA', 0, 34, NULL, N'Barranco', 1278, 0, N'12345641', N'TELLO', N'', NULL, 6)
INSERT [dbo].[item_campana] ([item_campana_id], [apellido_materno], [apellido_paterno], [correlativo], [correlativo_base], [detalle], [direccion], [distrito_id], [enviable], [idc], [nombres], [razon_social], [estado_item_campana_id], [campana_id]) VALUES (202, N'TELLO', N'MEDINA', 12, 3, NULL, N'Shatoja', 1749, 1, N'12345610', N'TELLO', N'', NULL, 6)
INSERT [dbo].[item_campana] ([item_campana_id], [apellido_materno], [apellido_paterno], [correlativo], [correlativo_base], [detalle], [direccion], [distrito_id], [enviable], [idc], [nombres], [razon_social], [estado_item_campana_id], [campana_id]) VALUES (203, N'SAAVEDRA', N'SANTOS', 25, 31, NULL, N'LIMA', 1275, 1, N'12345638', N'LEIDY', N'', NULL, 6)
INSERT [dbo].[item_campana] ([item_campana_id], [apellido_materno], [apellido_paterno], [correlativo], [correlativo_base], [detalle], [direccion], [distrito_id], [enviable], [idc], [nombres], [razon_social], [estado_item_campana_id], [campana_id]) VALUES (204, N'RODRIGUEZ', N'SANTOS', 8, 40, NULL, N'Ilabaya', 1828, 1, N'12345645', N'RONALD', N'', NULL, 6)
INSERT [dbo].[item_campana] ([item_campana_id], [apellido_materno], [apellido_paterno], [correlativo], [correlativo_base], [detalle], [direccion], [distrito_id], [enviable], [idc], [nombres], [razon_social], [estado_item_campana_id], [campana_id]) VALUES (205, N'RODRIGUEZ', N'SANTOS', 9, 20, NULL, N'Ilabaya', 1828, 1, N'12345627', N'RONALD', N'', NULL, 6)
INSERT [dbo].[item_campana] ([item_campana_id], [apellido_materno], [apellido_paterno], [correlativo], [correlativo_base], [detalle], [direccion], [distrito_id], [enviable], [idc], [nombres], [razon_social], [estado_item_campana_id], [campana_id]) VALUES (206, N'CHAVEZ', N'BALTAZAR', 30, 33, NULL, N'Chorrillos', 1282, 1, N'12345640', N'CESAR', N'', NULL, 6)
INSERT [dbo].[item_campana] ([item_campana_id], [apellido_materno], [apellido_paterno], [correlativo], [correlativo_base], [detalle], [direccion], [distrito_id], [enviable], [idc], [nombres], [razon_social], [estado_item_campana_id], [campana_id]) VALUES (207, N'TELLO', N'MEDINA', 4, 36, NULL, N'Yarinacocha', 1855, 1, N'12345643', N'TELLO', N'', NULL, 6)
INSERT [dbo].[item_campana] ([item_campana_id], [apellido_materno], [apellido_paterno], [correlativo], [correlativo_base], [detalle], [direccion], [distrito_id], [enviable], [idc], [nombres], [razon_social], [estado_item_campana_id], [campana_id]) VALUES (208, N'ISIDRO', N'PEREZ', 0, 29, NULL, N'Puente Piedra', 1299, 0, N'12345636', N'EUGENIA', N'', NULL, 6)
INSERT [dbo].[item_campana] ([item_campana_id], [apellido_materno], [apellido_paterno], [correlativo], [correlativo_base], [detalle], [direccion], [distrito_id], [enviable], [idc], [nombres], [razon_social], [estado_item_campana_id], [campana_id]) VALUES (209, N'RODRIGUEZ', N'SANTOS', 18, 6, NULL, N'Choros', 618, 1, N'12345613', N'RONALD', N'', NULL, 6)
INSERT [dbo].[item_campana] ([item_campana_id], [apellido_materno], [apellido_paterno], [correlativo], [correlativo_base], [detalle], [direccion], [distrito_id], [enviable], [idc], [nombres], [razon_social], [estado_item_campana_id], [campana_id]) VALUES (210, N'TOLEDO', N'CAMPOS', 15, 24, NULL, N'El Algarrobal', 1528, 1, N'12345631', N'CHRISTIAN', N'', NULL, 6)
INSERT [dbo].[item_campana] ([item_campana_id], [apellido_materno], [apellido_paterno], [correlativo], [correlativo_base], [detalle], [direccion], [distrito_id], [enviable], [idc], [nombres], [razon_social], [estado_item_campana_id], [campana_id]) VALUES (211, N'ISIDRO', N'PEREZ', 23, 9, NULL, N'Puente Piedra', 1299, 1, N'12345616', N'EUGENIA', N'', NULL, 6)
INSERT [dbo].[item_campana] ([item_campana_id], [apellido_materno], [apellido_paterno], [correlativo], [correlativo_base], [detalle], [direccion], [distrito_id], [enviable], [idc], [nombres], [razon_social], [estado_item_campana_id], [campana_id]) VALUES (212, N'TELLO', N'MEDINA', 13, 23, NULL, N'Shatoja', 1749, 1, N'12345630', N'TELLO', N'', NULL, 6)
INSERT [dbo].[item_campana] ([item_campana_id], [apellido_materno], [apellido_paterno], [correlativo], [correlativo_base], [detalle], [direccion], [distrito_id], [enviable], [idc], [nombres], [razon_social], [estado_item_campana_id], [campana_id]) VALUES (213, N'TOLEDO', N'CAMPOS', 14, 4, NULL, N'El Algarrobal', 1528, 1, N'12345611', N'CHRISTIAN', N'', NULL, 6)
INSERT [dbo].[item_campana] ([item_campana_id], [apellido_materno], [apellido_paterno], [correlativo], [correlativo_base], [detalle], [direccion], [distrito_id], [enviable], [idc], [nombres], [razon_social], [estado_item_campana_id], [campana_id]) VALUES (214, N'RODRIGUEZ', N'SANTOS', 0, 26, NULL, N'Choros', 618, 0, N'12345633', N'RONALD', N'', NULL, 6)
INSERT [dbo].[item_campana] ([item_campana_id], [apellido_materno], [apellido_paterno], [correlativo], [correlativo_base], [detalle], [direccion], [distrito_id], [enviable], [idc], [nombres], [razon_social], [estado_item_campana_id], [campana_id]) VALUES (215, N'TELLO', N'MEDINA', 0, 39, NULL, N'Caspisapa', 1774, 0, N'12345646', N'TELLO', N'', NULL, 6)
INSERT [dbo].[item_campana] ([item_campana_id], [apellido_materno], [apellido_paterno], [correlativo], [correlativo_base], [detalle], [direccion], [distrito_id], [enviable], [idc], [nombres], [razon_social], [estado_item_campana_id], [campana_id]) VALUES (216, N'CARRASCO', N'HEREDIA', 20, 27, NULL, N'Bagua', 22, 1, N'12345634', N'ORLANDO MARIO', N'', NULL, 6)
INSERT [dbo].[item_campana] ([item_campana_id], [apellido_materno], [apellido_paterno], [correlativo], [correlativo_base], [detalle], [direccion], [distrito_id], [enviable], [idc], [nombres], [razon_social], [estado_item_campana_id], [campana_id]) VALUES (217, N'TELLO', N'MEDINA', 3, 16, NULL, N'Yarinacocha', 1855, 1, N'12345623', N'TELLO', N'', NULL, 6)
INSERT [dbo].[item_campana] ([item_campana_id], [apellido_materno], [apellido_paterno], [correlativo], [correlativo_base], [detalle], [direccion], [distrito_id], [enviable], [idc], [nombres], [razon_social], [estado_item_campana_id], [campana_id]) VALUES (218, N'TELLO', N'MEDINA', 28, 12, NULL, N'El Agustino', 1285, 1, N'12345619', N'TELLO', N'', NULL, 6)
INSERT [dbo].[item_campana] ([item_campana_id], [apellido_materno], [apellido_paterno], [correlativo], [correlativo_base], [detalle], [direccion], [distrito_id], [enviable], [idc], [nombres], [razon_social], [estado_item_campana_id], [campana_id]) VALUES (219, N'NAVA', N'FIGUEROA', 21, 28, NULL, N'Rímac', 1302, 1, N'12345635', N'MELISSA', N'', NULL, 6)
INSERT [dbo].[item_campana] ([item_campana_id], [apellido_materno], [apellido_paterno], [correlativo], [correlativo_base], [detalle], [direccion], [distrito_id], [enviable], [idc], [nombres], [razon_social], [estado_item_campana_id], [campana_id]) VALUES (220, N'TELLO', N'MEDINA', 0, 18, NULL, N'Shamboyacu', 1779, 0, N'12345625', N'TELLO', N'', NULL, 6)
INSERT [dbo].[item_campana] ([item_campana_id], [apellido_materno], [apellido_paterno], [correlativo], [correlativo_base], [detalle], [direccion], [distrito_id], [enviable], [idc], [nombres], [razon_social], [estado_item_campana_id], [campana_id]) VALUES (221, N'TOLEDO', N'CAMPOS', 32, 15, NULL, N'Ate', 1277, 1, N'12345622', N'CHRISTIAN', N'', NULL, 6)
INSERT [dbo].[item_campana] ([item_campana_id], [apellido_materno], [apellido_paterno], [correlativo], [correlativo_base], [detalle], [direccion], [distrito_id], [enviable], [idc], [nombres], [razon_social], [estado_item_campana_id], [campana_id]) VALUES (222, N'TELLO', N'MEDINA', 10, 38, NULL, N'Shamboyacu', 1779, 1, N'12345645', N'TELLO', N'', NULL, 6)
INSERT [dbo].[item_campana] ([item_campana_id], [apellido_materno], [apellido_paterno], [correlativo], [correlativo_base], [detalle], [direccion], [distrito_id], [enviable], [idc], [nombres], [razon_social], [estado_item_campana_id], [campana_id]) VALUES (223, N'TELLO', N'MEDINA', 27, 32, NULL, N'El Agustino', 1285, 1, N'12345639', N'TELLO', N'', NULL, 6)
INSERT [dbo].[item_campana] ([item_campana_id], [apellido_materno], [apellido_paterno], [correlativo], [correlativo_base], [detalle], [direccion], [distrito_id], [enviable], [idc], [nombres], [razon_social], [estado_item_campana_id], [campana_id]) VALUES (224, N'VILLEGAS', N'SANDOVAL', 17, 25, NULL, N'Llipata', 1018, 1, N'12345632', N'JUAN', N'', NULL, 6)
INSERT [dbo].[item_campana] ([item_campana_id], [apellido_materno], [apellido_paterno], [correlativo], [correlativo_base], [detalle], [direccion], [distrito_id], [enviable], [idc], [nombres], [razon_social], [estado_item_campana_id], [campana_id]) VALUES (225, N'VILLEGAS', N'SANDOVAL', 16, 5, NULL, N'Llipata', 1018, 1, N'12345612', N'JUAN', N'', NULL, 6)
INSERT [dbo].[item_campana] ([item_campana_id], [apellido_materno], [apellido_paterno], [correlativo], [correlativo_base], [detalle], [direccion], [distrito_id], [enviable], [idc], [nombres], [razon_social], [estado_item_campana_id], [campana_id]) VALUES (226, N'CARRASCO', N'HEREDIA', 19, 7, NULL, N'Bagua', 22, 1, N'12345614', N'ORLANDO MARIO', N'', NULL, 6)
INSERT [dbo].[item_campana] ([item_campana_id], [apellido_materno], [apellido_paterno], [correlativo], [correlativo_base], [detalle], [direccion], [distrito_id], [enviable], [idc], [nombres], [razon_social], [estado_item_campana_id], [campana_id]) VALUES (227, N'TELLO', N'MEDINA', 6, 17, NULL, N'Manantay', 1857, 1, N'12345624', N'TELLO', N'', NULL, 6)
INSERT [dbo].[item_campana] ([item_campana_id], [apellido_materno], [apellido_paterno], [correlativo], [correlativo_base], [detalle], [direccion], [distrito_id], [enviable], [idc], [nombres], [razon_social], [estado_item_campana_id], [campana_id]) VALUES (228, N'RODRIGUEZ', N'SANTOS', 0, 22, NULL, N'Locumba', 1827, 0, N'12345629', N'RONALD', N'', NULL, 6)
INSERT [dbo].[item_campana] ([item_campana_id], [apellido_materno], [apellido_paterno], [correlativo], [correlativo_base], [detalle], [direccion], [distrito_id], [enviable], [idc], [nombres], [razon_social], [estado_item_campana_id], [campana_id]) VALUES (229, N'SAAVEDRA', N'SANTOS', 26, 11, NULL, N'LIMA', 1275, 1, N'12345618', N'LEIDY', N'', NULL, 6)
INSERT [dbo].[item_campana] ([item_campana_id], [apellido_materno], [apellido_paterno], [correlativo], [correlativo_base], [detalle], [direccion], [distrito_id], [enviable], [idc], [nombres], [razon_social], [estado_item_campana_id], [campana_id]) VALUES (230, N'CHAVEZ', N'BALTAZAR', 29, 13, NULL, N'Chorrillos', 1282, 1, N'12345620', N'CESAR', N'', NULL, 6)
INSERT [dbo].[item_campana] ([item_campana_id], [apellido_materno], [apellido_paterno], [correlativo], [correlativo_base], [detalle], [direccion], [distrito_id], [enviable], [idc], [nombres], [razon_social], [estado_item_campana_id], [campana_id]) VALUES (231, N'VILLEGAS', N'SANDOVAL', 0, 10, NULL, N'Lurin', 1293, 0, N'12345617', N'JUAN', N'', NULL, 6)
INSERT [dbo].[item_campana] ([item_campana_id], [apellido_materno], [apellido_paterno], [correlativo], [correlativo_base], [detalle], [direccion], [distrito_id], [enviable], [idc], [nombres], [razon_social], [estado_item_campana_id], [campana_id]) VALUES (232, N'CARRASCO', N'ESPINOZA', 31, 14, NULL, N'Barranco', 1278, 1, N'12345621', N'TELLO', N'', NULL, 6)
INSERT [dbo].[item_campana] ([item_campana_id], [apellido_materno], [apellido_paterno], [correlativo], [correlativo_base], [detalle], [direccion], [distrito_id], [enviable], [idc], [nombres], [razon_social], [estado_item_campana_id], [campana_id]) VALUES (233, N'VILLEGAS', N'SANDOVAL', 24, 30, NULL, N'Lurin', 1293, 1, N'12345637', N'JUAN', N'', NULL, 6)
INSERT [dbo].[item_campana] ([item_campana_id], [apellido_materno], [apellido_paterno], [correlativo], [correlativo_base], [detalle], [direccion], [distrito_id], [enviable], [idc], [nombres], [razon_social], [estado_item_campana_id], [campana_id]) VALUES (234, N'TELLO', N'MEDINA', 2, 1, NULL, N'Curimana', 1864, 1, N'12345608', N'TELLO', N'', NULL, 6)
INSERT [dbo].[item_campana] ([item_campana_id], [apellido_materno], [apellido_paterno], [correlativo], [correlativo_base], [detalle], [direccion], [distrito_id], [enviable], [idc], [nombres], [razon_social], [estado_item_campana_id], [campana_id]) VALUES (235, N'TELLO', N'MEDINA', 11, 19, NULL, N'Caspisapa', 1774, 1, N'12345626', N'TELLO', N'', NULL, 6)
INSERT [dbo].[item_campana] ([item_campana_id], [apellido_materno], [apellido_paterno], [correlativo], [correlativo_base], [detalle], [direccion], [distrito_id], [enviable], [idc], [nombres], [razon_social], [estado_item_campana_id], [campana_id]) VALUES (236, N'TELLO', N'MEDINA', 1, 21, NULL, N'Curimana', 1864, 1, N'12345628', N'TELLO', N'', NULL, 6)
INSERT [dbo].[item_campana] ([item_campana_id], [apellido_materno], [apellido_paterno], [correlativo], [correlativo_base], [detalle], [direccion], [distrito_id], [enviable], [idc], [nombres], [razon_social], [estado_item_campana_id], [campana_id]) VALUES (237, N'TOLEDO', N'CAMPOS', 33, 35, NULL, N'Ate', 1277, 1, N'12345642', N'CHRISTIAN', N'', NULL, 6)
INSERT [dbo].[item_campana] ([item_campana_id], [apellido_materno], [apellido_paterno], [correlativo], [correlativo_base], [detalle], [direccion], [distrito_id], [enviable], [idc], [nombres], [razon_social], [estado_item_campana_id], [campana_id]) VALUES (238, N'NAVA', N'FIGUEROA', 22, 8, NULL, N'Rímac', 1302, 1, N'12345615', N'MELISSA', N'', NULL, 6)
INSERT [dbo].[item_campana] ([item_campana_id], [apellido_materno], [apellido_paterno], [correlativo], [correlativo_base], [detalle], [direccion], [distrito_id], [enviable], [idc], [nombres], [razon_social], [estado_item_campana_id], [campana_id]) VALUES (239, N'TELLO', N'MEDINA', 5, 37, NULL, N'Manantay', 1857, 1, N'12345644', N'TELLO', N'', NULL, 6)
INSERT [dbo].[item_campana] ([item_campana_id], [apellido_materno], [apellido_paterno], [correlativo], [correlativo_base], [detalle], [direccion], [distrito_id], [enviable], [idc], [nombres], [razon_social], [estado_item_campana_id], [campana_id]) VALUES (240, N'RODRIGUEZ', N'SANTOS', 7, 2, NULL, N'Locumba', 1827, 1, N'12345609', N'RONALD', N'', NULL, 6)
INSERT [dbo].[item_campana] ([item_campana_id], [apellido_materno], [apellido_paterno], [correlativo], [correlativo_base], [detalle], [direccion], [distrito_id], [enviable], [idc], [nombres], [razon_social], [estado_item_campana_id], [campana_id]) VALUES (241, N'CARRASCO', N'ESPINOZA', 0, 34, NULL, N'Barranco', 1278, 0, N'12345641', N'TELLO', N'', NULL, 7)
INSERT [dbo].[item_campana] ([item_campana_id], [apellido_materno], [apellido_paterno], [correlativo], [correlativo_base], [detalle], [direccion], [distrito_id], [enviable], [idc], [nombres], [razon_social], [estado_item_campana_id], [campana_id]) VALUES (242, N'TOLEDO', N'CAMPOS', 32, 15, NULL, N'Ate', 1277, 1, N'12345622', N'CHRISTIAN', N'', NULL, 7)
INSERT [dbo].[item_campana] ([item_campana_id], [apellido_materno], [apellido_paterno], [correlativo], [correlativo_base], [detalle], [direccion], [distrito_id], [enviable], [idc], [nombres], [razon_social], [estado_item_campana_id], [campana_id]) VALUES (243, N'VILLEGAS', N'SANDOVAL', 24, 10, NULL, N'Lurin', 1293, 1, N'12345617', N'JUAN', N'', NULL, 7)
INSERT [dbo].[item_campana] ([item_campana_id], [apellido_materno], [apellido_paterno], [correlativo], [correlativo_base], [detalle], [direccion], [distrito_id], [enviable], [idc], [nombres], [razon_social], [estado_item_campana_id], [campana_id]) VALUES (244, N'TOLEDO', N'CAMPOS', 14, 24, NULL, N'El Algarrobal', 1528, 1, N'12345631', N'CHRISTIAN', N'', NULL, 7)
INSERT [dbo].[item_campana] ([item_campana_id], [apellido_materno], [apellido_paterno], [correlativo], [correlativo_base], [detalle], [direccion], [distrito_id], [enviable], [idc], [nombres], [razon_social], [estado_item_campana_id], [campana_id]) VALUES (245, N'TOLEDO', N'CAMPOS', 33, 35, NULL, N'Ate', 1277, 1, N'12345642', N'CHRISTIAN', N'', NULL, 7)
INSERT [dbo].[item_campana] ([item_campana_id], [apellido_materno], [apellido_paterno], [correlativo], [correlativo_base], [detalle], [direccion], [distrito_id], [enviable], [idc], [nombres], [razon_social], [estado_item_campana_id], [campana_id]) VALUES (246, N'RODRIGUEZ', N'SANTOS', 18, 26, NULL, N'Choros', 618, 1, N'12345633', N'RONALD', N'', NULL, 7)
INSERT [dbo].[item_campana] ([item_campana_id], [apellido_materno], [apellido_paterno], [correlativo], [correlativo_base], [detalle], [direccion], [distrito_id], [enviable], [idc], [nombres], [razon_social], [estado_item_campana_id], [campana_id]) VALUES (247, N'VILLEGAS', N'SANDOVAL', 25, 30, NULL, N'Lurin', 1293, 1, N'12345637', N'JUAN', N'', NULL, 7)
INSERT [dbo].[item_campana] ([item_campana_id], [apellido_materno], [apellido_paterno], [correlativo], [correlativo_base], [detalle], [direccion], [distrito_id], [enviable], [idc], [nombres], [razon_social], [estado_item_campana_id], [campana_id]) VALUES (248, N'TELLO', N'MEDINA', 0, 17, NULL, N'Manantay', 1857, 0, N'12345624', N'TELLO', N'', NULL, 7)
INSERT [dbo].[item_campana] ([item_campana_id], [apellido_materno], [apellido_paterno], [correlativo], [correlativo_base], [detalle], [direccion], [distrito_id], [enviable], [idc], [nombres], [razon_social], [estado_item_campana_id], [campana_id]) VALUES (249, N'RODRIGUEZ', N'SANTOS', 7, 40, NULL, N'Ilabaya', 1828, 1, N'12345645', N'RONALD', N'', NULL, 7)
INSERT [dbo].[item_campana] ([item_campana_id], [apellido_materno], [apellido_paterno], [correlativo], [correlativo_base], [detalle], [direccion], [distrito_id], [enviable], [idc], [nombres], [razon_social], [estado_item_campana_id], [campana_id]) VALUES (250, N'TELLO', N'MEDINA', 1, 1, NULL, N'Curimana', 1864, 1, N'12345608', N'TELLO', N'', NULL, 7)
INSERT [dbo].[item_campana] ([item_campana_id], [apellido_materno], [apellido_paterno], [correlativo], [correlativo_base], [detalle], [direccion], [distrito_id], [enviable], [idc], [nombres], [razon_social], [estado_item_campana_id], [campana_id]) VALUES (251, N'ISIDRO', N'PEREZ', 23, 9, NULL, N'Puente Piedra', 1299, 1, N'12345616', N'EUGENIA', N'', NULL, 7)
INSERT [dbo].[item_campana] ([item_campana_id], [apellido_materno], [apellido_paterno], [correlativo], [correlativo_base], [detalle], [direccion], [distrito_id], [enviable], [idc], [nombres], [razon_social], [estado_item_campana_id], [campana_id]) VALUES (252, N'ISIDRO', N'PEREZ', 0, 29, NULL, N'Puente Piedra', 1299, 0, N'12345636', N'EUGENIA', N'', NULL, 7)
INSERT [dbo].[item_campana] ([item_campana_id], [apellido_materno], [apellido_paterno], [correlativo], [correlativo_base], [detalle], [direccion], [distrito_id], [enviable], [idc], [nombres], [razon_social], [estado_item_campana_id], [campana_id]) VALUES (253, N'TELLO', N'MEDINA', 0, 21, NULL, N'Curimana', 1864, 0, N'12345628', N'TELLO', N'', NULL, 7)
INSERT [dbo].[item_campana] ([item_campana_id], [apellido_materno], [apellido_paterno], [correlativo], [correlativo_base], [detalle], [direccion], [distrito_id], [enviable], [idc], [nombres], [razon_social], [estado_item_campana_id], [campana_id]) VALUES (254, N'RODRIGUEZ', N'SANTOS', 5, 22, NULL, N'Locumba', 1827, 1, N'12345629', N'RONALD', N'', NULL, 7)
INSERT [dbo].[item_campana] ([item_campana_id], [apellido_materno], [apellido_paterno], [correlativo], [correlativo_base], [detalle], [direccion], [distrito_id], [enviable], [idc], [nombres], [razon_social], [estado_item_campana_id], [campana_id]) VALUES (255, N'CARRASCO', N'HEREDIA', 20, 7, NULL, N'Bagua', 22, 1, N'12345614', N'ORLANDO MARIO', N'', NULL, 7)
INSERT [dbo].[item_campana] ([item_campana_id], [apellido_materno], [apellido_paterno], [correlativo], [correlativo_base], [detalle], [direccion], [distrito_id], [enviable], [idc], [nombres], [razon_social], [estado_item_campana_id], [campana_id]) VALUES (256, N'NAVA', N'FIGUEROA', 22, 28, NULL, N'Rímac', 1302, 1, N'12345635', N'MELISSA', N'', NULL, 7)
INSERT [dbo].[item_campana] ([item_campana_id], [apellido_materno], [apellido_paterno], [correlativo], [correlativo_base], [detalle], [direccion], [distrito_id], [enviable], [idc], [nombres], [razon_social], [estado_item_campana_id], [campana_id]) VALUES (257, N'TELLO', N'MEDINA', 0, 38, NULL, N'Shamboyacu', 1779, 0, N'12345645', N'TELLO', N'', NULL, 7)
INSERT [dbo].[item_campana] ([item_campana_id], [apellido_materno], [apellido_paterno], [correlativo], [correlativo_base], [detalle], [direccion], [distrito_id], [enviable], [idc], [nombres], [razon_social], [estado_item_campana_id], [campana_id]) VALUES (258, N'TELLO', N'MEDINA', 12, 23, NULL, N'Shatoja', 1749, 1, N'12345630', N'TELLO', N'', NULL, 7)
INSERT [dbo].[item_campana] ([item_campana_id], [apellido_materno], [apellido_paterno], [correlativo], [correlativo_base], [detalle], [direccion], [distrito_id], [enviable], [idc], [nombres], [razon_social], [estado_item_campana_id], [campana_id]) VALUES (259, N'RODRIGUEZ', N'SANTOS', 8, 20, NULL, N'Ilabaya', 1828, 1, N'12345627', N'RONALD', N'', NULL, 7)
INSERT [dbo].[item_campana] ([item_campana_id], [apellido_materno], [apellido_paterno], [correlativo], [correlativo_base], [detalle], [direccion], [distrito_id], [enviable], [idc], [nombres], [razon_social], [estado_item_campana_id], [campana_id]) VALUES (260, N'NAVA', N'FIGUEROA', 0, 8, NULL, N'Rímac', 1302, 0, N'12345615', N'MELISSA', N'', NULL, 7)
INSERT [dbo].[item_campana] ([item_campana_id], [apellido_materno], [apellido_paterno], [correlativo], [correlativo_base], [detalle], [direccion], [distrito_id], [enviable], [idc], [nombres], [razon_social], [estado_item_campana_id], [campana_id]) VALUES (261, N'TELLO', N'MEDINA', 0, 12, NULL, N'El Agustino', 1285, 0, N'12345619', N'TELLO', N'', NULL, 7)
INSERT [dbo].[item_campana] ([item_campana_id], [apellido_materno], [apellido_paterno], [correlativo], [correlativo_base], [detalle], [direccion], [distrito_id], [enviable], [idc], [nombres], [razon_social], [estado_item_campana_id], [campana_id]) VALUES (262, N'VILLEGAS', N'SANDOVAL', 17, 25, NULL, N'Llipata', 1018, 1, N'12345632', N'JUAN', N'', NULL, 7)
INSERT [dbo].[item_campana] ([item_campana_id], [apellido_materno], [apellido_paterno], [correlativo], [correlativo_base], [detalle], [direccion], [distrito_id], [enviable], [idc], [nombres], [razon_social], [estado_item_campana_id], [campana_id]) VALUES (263, N'TELLO', N'MEDINA', 3, 36, NULL, N'Yarinacocha', 1855, 1, N'12345643', N'TELLO', N'', NULL, 7)
INSERT [dbo].[item_campana] ([item_campana_id], [apellido_materno], [apellido_paterno], [correlativo], [correlativo_base], [detalle], [direccion], [distrito_id], [enviable], [idc], [nombres], [razon_social], [estado_item_campana_id], [campana_id]) VALUES (264, N'SAAVEDRA', N'SANTOS', 27, 11, NULL, N'LIMA', 1275, 1, N'12345618', N'LEIDY', N'', NULL, 7)
INSERT [dbo].[item_campana] ([item_campana_id], [apellido_materno], [apellido_paterno], [correlativo], [correlativo_base], [detalle], [direccion], [distrito_id], [enviable], [idc], [nombres], [razon_social], [estado_item_campana_id], [campana_id]) VALUES (265, N'CHAVEZ', N'BALTAZAR', 29, 13, NULL, N'Chorrillos', 1282, 1, N'12345620', N'CESAR', N'', NULL, 7)
INSERT [dbo].[item_campana] ([item_campana_id], [apellido_materno], [apellido_paterno], [correlativo], [correlativo_base], [detalle], [direccion], [distrito_id], [enviable], [idc], [nombres], [razon_social], [estado_item_campana_id], [campana_id]) VALUES (266, N'TELLO', N'MEDINA', 13, 3, NULL, N'Shatoja', 1749, 1, N'12345610', N'TELLO', N'', NULL, 7)
INSERT [dbo].[item_campana] ([item_campana_id], [apellido_materno], [apellido_paterno], [correlativo], [correlativo_base], [detalle], [direccion], [distrito_id], [enviable], [idc], [nombres], [razon_social], [estado_item_campana_id], [campana_id]) VALUES (267, N'TELLO', N'MEDINA', 4, 37, NULL, N'Manantay', 1857, 1, N'12345644', N'TELLO', N'', NULL, 7)
INSERT [dbo].[item_campana] ([item_campana_id], [apellido_materno], [apellido_paterno], [correlativo], [correlativo_base], [detalle], [direccion], [distrito_id], [enviable], [idc], [nombres], [razon_social], [estado_item_campana_id], [campana_id]) VALUES (268, N'TELLO', N'MEDINA', 2, 16, NULL, N'Yarinacocha', 1855, 1, N'12345623', N'TELLO', N'', NULL, 7)
INSERT [dbo].[item_campana] ([item_campana_id], [apellido_materno], [apellido_paterno], [correlativo], [correlativo_base], [detalle], [direccion], [distrito_id], [enviable], [idc], [nombres], [razon_social], [estado_item_campana_id], [campana_id]) VALUES (269, N'TELLO', N'MEDINA', 9, 18, NULL, N'Shamboyacu', 1779, 1, N'12345625', N'TELLO', N'', NULL, 7)
INSERT [dbo].[item_campana] ([item_campana_id], [apellido_materno], [apellido_paterno], [correlativo], [correlativo_base], [detalle], [direccion], [distrito_id], [enviable], [idc], [nombres], [razon_social], [estado_item_campana_id], [campana_id]) VALUES (270, N'RODRIGUEZ', N'SANTOS', 19, 6, NULL, N'Choros', 618, 1, N'12345613', N'RONALD', N'', NULL, 7)
INSERT [dbo].[item_campana] ([item_campana_id], [apellido_materno], [apellido_paterno], [correlativo], [correlativo_base], [detalle], [direccion], [distrito_id], [enviable], [idc], [nombres], [razon_social], [estado_item_campana_id], [campana_id]) VALUES (271, N'RODRIGUEZ', N'SANTOS', 6, 2, NULL, N'Locumba', 1827, 1, N'12345609', N'RONALD', N'', NULL, 7)
INSERT [dbo].[item_campana] ([item_campana_id], [apellido_materno], [apellido_paterno], [correlativo], [correlativo_base], [detalle], [direccion], [distrito_id], [enviable], [idc], [nombres], [razon_social], [estado_item_campana_id], [campana_id]) VALUES (272, N'CARRASCO', N'HEREDIA', 21, 27, NULL, N'Bagua', 22, 1, N'12345634', N'ORLANDO MARIO', N'', NULL, 7)
INSERT [dbo].[item_campana] ([item_campana_id], [apellido_materno], [apellido_paterno], [correlativo], [correlativo_base], [detalle], [direccion], [distrito_id], [enviable], [idc], [nombres], [razon_social], [estado_item_campana_id], [campana_id]) VALUES (273, N'TELLO', N'MEDINA', 28, 32, NULL, N'El Agustino', 1285, 1, N'12345639', N'TELLO', N'', NULL, 7)
INSERT [dbo].[item_campana] ([item_campana_id], [apellido_materno], [apellido_paterno], [correlativo], [correlativo_base], [detalle], [direccion], [distrito_id], [enviable], [idc], [nombres], [razon_social], [estado_item_campana_id], [campana_id]) VALUES (274, N'CHAVEZ', N'BALTAZAR', 30, 33, NULL, N'Chorrillos', 1282, 1, N'12345640', N'CESAR', N'', NULL, 7)
INSERT [dbo].[item_campana] ([item_campana_id], [apellido_materno], [apellido_paterno], [correlativo], [correlativo_base], [detalle], [direccion], [distrito_id], [enviable], [idc], [nombres], [razon_social], [estado_item_campana_id], [campana_id]) VALUES (275, N'TOLEDO', N'CAMPOS', 15, 4, NULL, N'El Algarrobal', 1528, 1, N'12345611', N'CHRISTIAN', N'', NULL, 7)
INSERT [dbo].[item_campana] ([item_campana_id], [apellido_materno], [apellido_paterno], [correlativo], [correlativo_base], [detalle], [direccion], [distrito_id], [enviable], [idc], [nombres], [razon_social], [estado_item_campana_id], [campana_id]) VALUES (276, N'TELLO', N'MEDINA', 11, 19, NULL, N'Caspisapa', 1774, 1, N'12345626', N'TELLO', N'', NULL, 7)
INSERT [dbo].[item_campana] ([item_campana_id], [apellido_materno], [apellido_paterno], [correlativo], [correlativo_base], [detalle], [direccion], [distrito_id], [enviable], [idc], [nombres], [razon_social], [estado_item_campana_id], [campana_id]) VALUES (277, N'SAAVEDRA', N'SANTOS', 26, 31, NULL, N'LIMA', 1275, 1, N'12345638', N'LEIDY', N'', NULL, 7)
INSERT [dbo].[item_campana] ([item_campana_id], [apellido_materno], [apellido_paterno], [correlativo], [correlativo_base], [detalle], [direccion], [distrito_id], [enviable], [idc], [nombres], [razon_social], [estado_item_campana_id], [campana_id]) VALUES (278, N'TELLO', N'MEDINA', 10, 39, NULL, N'Caspisapa', 1774, 1, N'12345646', N'TELLO', N'', NULL, 7)
INSERT [dbo].[item_campana] ([item_campana_id], [apellido_materno], [apellido_paterno], [correlativo], [correlativo_base], [detalle], [direccion], [distrito_id], [enviable], [idc], [nombres], [razon_social], [estado_item_campana_id], [campana_id]) VALUES (279, N'VILLEGAS', N'SANDOVAL', 16, 5, NULL, N'Llipata', 1018, 1, N'12345612', N'JUAN', N'', NULL, 7)
INSERT [dbo].[item_campana] ([item_campana_id], [apellido_materno], [apellido_paterno], [correlativo], [correlativo_base], [detalle], [direccion], [distrito_id], [enviable], [idc], [nombres], [razon_social], [estado_item_campana_id], [campana_id]) VALUES (280, N'CARRASCO', N'ESPINOZA', 31, 14, NULL, N'Barranco', 1278, 1, N'12345621', N'TELLO', N'', NULL, 7)
INSERT [dbo].[item_campana] ([item_campana_id], [apellido_materno], [apellido_paterno], [correlativo], [correlativo_base], [detalle], [direccion], [distrito_id], [enviable], [idc], [nombres], [razon_social], [estado_item_campana_id], [campana_id]) VALUES (281, N'TELLO', N'MEDINA', 0, 21, NULL, N'Curimana', 1864, 1, N'12345628', N'TELLO', N'', NULL, 8)
INSERT [dbo].[item_campana] ([item_campana_id], [apellido_materno], [apellido_paterno], [correlativo], [correlativo_base], [detalle], [direccion], [distrito_id], [enviable], [idc], [nombres], [razon_social], [estado_item_campana_id], [campana_id]) VALUES (282, N'NAVA', N'FIGUEROA', 0, 28, NULL, N'Rímac', 1302, 1, N'12345635', N'MELISSA', N'', NULL, 8)
INSERT [dbo].[item_campana] ([item_campana_id], [apellido_materno], [apellido_paterno], [correlativo], [correlativo_base], [detalle], [direccion], [distrito_id], [enviable], [idc], [nombres], [razon_social], [estado_item_campana_id], [campana_id]) VALUES (283, N'TELLO', N'MEDINA', 0, 36, NULL, N'Yarinacocha', 1855, 1, N'12345643', N'TELLO', N'', NULL, 8)
INSERT [dbo].[item_campana] ([item_campana_id], [apellido_materno], [apellido_paterno], [correlativo], [correlativo_base], [detalle], [direccion], [distrito_id], [enviable], [idc], [nombres], [razon_social], [estado_item_campana_id], [campana_id]) VALUES (284, N'SAAVEDRA', N'SANTOS', 0, 31, NULL, N'LIMA', 1275, 1, N'12345638', N'LEIDY', N'', NULL, 8)
INSERT [dbo].[item_campana] ([item_campana_id], [apellido_materno], [apellido_paterno], [correlativo], [correlativo_base], [detalle], [direccion], [distrito_id], [enviable], [idc], [nombres], [razon_social], [estado_item_campana_id], [campana_id]) VALUES (285, N'CARRASCO', N'HEREDIA', 0, 7, NULL, N'Bagua', 22, 0, N'12345614', N'ORLANDO MARIO', N'', NULL, 8)
INSERT [dbo].[item_campana] ([item_campana_id], [apellido_materno], [apellido_paterno], [correlativo], [correlativo_base], [detalle], [direccion], [distrito_id], [enviable], [idc], [nombres], [razon_social], [estado_item_campana_id], [campana_id]) VALUES (286, N'CHAVEZ', N'BALTAZAR', 0, 33, NULL, N'Chorrillos', 1282, 1, N'12345640', N'CESAR', N'', NULL, 8)
INSERT [dbo].[item_campana] ([item_campana_id], [apellido_materno], [apellido_paterno], [correlativo], [correlativo_base], [detalle], [direccion], [distrito_id], [enviable], [idc], [nombres], [razon_social], [estado_item_campana_id], [campana_id]) VALUES (287, N'TELLO', N'MEDINA', 0, 38, NULL, N'Shamboyacu', 1779, 1, N'12345645', N'TELLO', N'', NULL, 8)
INSERT [dbo].[item_campana] ([item_campana_id], [apellido_materno], [apellido_paterno], [correlativo], [correlativo_base], [detalle], [direccion], [distrito_id], [enviable], [idc], [nombres], [razon_social], [estado_item_campana_id], [campana_id]) VALUES (288, N'TOLEDO', N'CAMPOS', 0, 35, NULL, N'Ate', 1277, 1, N'12345642', N'CHRISTIAN', N'', NULL, 8)
INSERT [dbo].[item_campana] ([item_campana_id], [apellido_materno], [apellido_paterno], [correlativo], [correlativo_base], [detalle], [direccion], [distrito_id], [enviable], [idc], [nombres], [razon_social], [estado_item_campana_id], [campana_id]) VALUES (289, N'VILLEGAS', N'SANDOVAL', 0, 10, NULL, N'Lurin', 1293, 1, N'12345617', N'JUAN', N'', NULL, 8)
INSERT [dbo].[item_campana] ([item_campana_id], [apellido_materno], [apellido_paterno], [correlativo], [correlativo_base], [detalle], [direccion], [distrito_id], [enviable], [idc], [nombres], [razon_social], [estado_item_campana_id], [campana_id]) VALUES (290, N'TELLO', N'MEDINA', 0, 16, NULL, N'Yarinacocha', 1855, 1, N'12345623', N'TELLO', N'', NULL, 8)
INSERT [dbo].[item_campana] ([item_campana_id], [apellido_materno], [apellido_paterno], [correlativo], [correlativo_base], [detalle], [direccion], [distrito_id], [enviable], [idc], [nombres], [razon_social], [estado_item_campana_id], [campana_id]) VALUES (291, N'TELLO', N'MEDINA', 0, 1, NULL, N'Curimana', 1864, 1, N'12345608', N'TELLO', N'', NULL, 8)
INSERT [dbo].[item_campana] ([item_campana_id], [apellido_materno], [apellido_paterno], [correlativo], [correlativo_base], [detalle], [direccion], [distrito_id], [enviable], [idc], [nombres], [razon_social], [estado_item_campana_id], [campana_id]) VALUES (292, N'TELLO', N'MEDINA', 0, 17, NULL, N'Manantay', 1857, 0, N'12345624', N'TELLO', N'', NULL, 8)
INSERT [dbo].[item_campana] ([item_campana_id], [apellido_materno], [apellido_paterno], [correlativo], [correlativo_base], [detalle], [direccion], [distrito_id], [enviable], [idc], [nombres], [razon_social], [estado_item_campana_id], [campana_id]) VALUES (293, N'SAAVEDRA', N'SANTOS', 0, 11, NULL, N'LIMA', 1275, 0, N'12345618', N'LEIDY', N'', NULL, 8)
INSERT [dbo].[item_campana] ([item_campana_id], [apellido_materno], [apellido_paterno], [correlativo], [correlativo_base], [detalle], [direccion], [distrito_id], [enviable], [idc], [nombres], [razon_social], [estado_item_campana_id], [campana_id]) VALUES (294, N'TELLO', N'MEDINA', 0, 39, NULL, N'Caspisapa', 1774, 0, N'12345646', N'TELLO', N'', NULL, 8)
INSERT [dbo].[item_campana] ([item_campana_id], [apellido_materno], [apellido_paterno], [correlativo], [correlativo_base], [detalle], [direccion], [distrito_id], [enviable], [idc], [nombres], [razon_social], [estado_item_campana_id], [campana_id]) VALUES (295, N'RODRIGUEZ', N'SANTOS', 0, 6, NULL, N'Choros', 618, 1, N'12345613', N'RONALD', N'', NULL, 8)
INSERT [dbo].[item_campana] ([item_campana_id], [apellido_materno], [apellido_paterno], [correlativo], [correlativo_base], [detalle], [direccion], [distrito_id], [enviable], [idc], [nombres], [razon_social], [estado_item_campana_id], [campana_id]) VALUES (296, N'RODRIGUEZ', N'SANTOS', 0, 22, NULL, N'Locumba', 1827, 1, N'12345629', N'RONALD', N'', NULL, 8)
INSERT [dbo].[item_campana] ([item_campana_id], [apellido_materno], [apellido_paterno], [correlativo], [correlativo_base], [detalle], [direccion], [distrito_id], [enviable], [idc], [nombres], [razon_social], [estado_item_campana_id], [campana_id]) VALUES (297, N'TELLO', N'MEDINA', 0, 37, NULL, N'Manantay', 1857, 0, N'12345644', N'TELLO', N'', NULL, 8)
INSERT [dbo].[item_campana] ([item_campana_id], [apellido_materno], [apellido_paterno], [correlativo], [correlativo_base], [detalle], [direccion], [distrito_id], [enviable], [idc], [nombres], [razon_social], [estado_item_campana_id], [campana_id]) VALUES (298, N'VILLEGAS', N'SANDOVAL', 0, 5, NULL, N'Llipata', 1018, 1, N'12345612', N'JUAN', N'', NULL, 8)
INSERT [dbo].[item_campana] ([item_campana_id], [apellido_materno], [apellido_paterno], [correlativo], [correlativo_base], [detalle], [direccion], [distrito_id], [enviable], [idc], [nombres], [razon_social], [estado_item_campana_id], [campana_id]) VALUES (299, N'VILLEGAS', N'SANDOVAL', 0, 25, NULL, N'Llipata', 1018, 1, N'12345632', N'JUAN', N'', NULL, 8)
INSERT [dbo].[item_campana] ([item_campana_id], [apellido_materno], [apellido_paterno], [correlativo], [correlativo_base], [detalle], [direccion], [distrito_id], [enviable], [idc], [nombres], [razon_social], [estado_item_campana_id], [campana_id]) VALUES (300, N'TELLO', N'MEDINA', 0, 12, NULL, N'El Agustino', 1285, 1, N'12345619', N'TELLO', N'', NULL, 8)
INSERT [dbo].[item_campana] ([item_campana_id], [apellido_materno], [apellido_paterno], [correlativo], [correlativo_base], [detalle], [direccion], [distrito_id], [enviable], [idc], [nombres], [razon_social], [estado_item_campana_id], [campana_id]) VALUES (301, N'TELLO', N'MEDINA', 0, 23, NULL, N'Shatoja', 1749, 1, N'12345630', N'TELLO', N'', NULL, 8)
INSERT [dbo].[item_campana] ([item_campana_id], [apellido_materno], [apellido_paterno], [correlativo], [correlativo_base], [detalle], [direccion], [distrito_id], [enviable], [idc], [nombres], [razon_social], [estado_item_campana_id], [campana_id]) VALUES (302, N'RODRIGUEZ', N'SANTOS', 0, 40, NULL, N'Ilabaya', 1828, 1, N'12345645', N'RONALD', N'', NULL, 8)
INSERT [dbo].[item_campana] ([item_campana_id], [apellido_materno], [apellido_paterno], [correlativo], [correlativo_base], [detalle], [direccion], [distrito_id], [enviable], [idc], [nombres], [razon_social], [estado_item_campana_id], [campana_id]) VALUES (303, N'CARRASCO', N'HEREDIA', 0, 27, NULL, N'Bagua', 22, 1, N'12345634', N'ORLANDO MARIO', N'', NULL, 8)
INSERT [dbo].[item_campana] ([item_campana_id], [apellido_materno], [apellido_paterno], [correlativo], [correlativo_base], [detalle], [direccion], [distrito_id], [enviable], [idc], [nombres], [razon_social], [estado_item_campana_id], [campana_id]) VALUES (304, N'RODRIGUEZ', N'SANTOS', 0, 2, NULL, N'Locumba', 1827, 0, N'12345609', N'RONALD', N'', NULL, 8)
INSERT [dbo].[item_campana] ([item_campana_id], [apellido_materno], [apellido_paterno], [correlativo], [correlativo_base], [detalle], [direccion], [distrito_id], [enviable], [idc], [nombres], [razon_social], [estado_item_campana_id], [campana_id]) VALUES (305, N'TELLO', N'MEDINA', 0, 19, NULL, N'Caspisapa', 1774, 1, N'12345626', N'TELLO', N'', NULL, 8)
INSERT [dbo].[item_campana] ([item_campana_id], [apellido_materno], [apellido_paterno], [correlativo], [correlativo_base], [detalle], [direccion], [distrito_id], [enviable], [idc], [nombres], [razon_social], [estado_item_campana_id], [campana_id]) VALUES (306, N'CHAVEZ', N'BALTAZAR', 0, 13, NULL, N'Chorrillos', 1282, 1, N'12345620', N'CESAR', N'', NULL, 8)
INSERT [dbo].[item_campana] ([item_campana_id], [apellido_materno], [apellido_paterno], [correlativo], [correlativo_base], [detalle], [direccion], [distrito_id], [enviable], [idc], [nombres], [razon_social], [estado_item_campana_id], [campana_id]) VALUES (307, N'TOLEDO', N'CAMPOS', 0, 24, NULL, N'El Algarrobal', 1528, 0, N'12345631', N'CHRISTIAN', N'', NULL, 8)
INSERT [dbo].[item_campana] ([item_campana_id], [apellido_materno], [apellido_paterno], [correlativo], [correlativo_base], [detalle], [direccion], [distrito_id], [enviable], [idc], [nombres], [razon_social], [estado_item_campana_id], [campana_id]) VALUES (308, N'TOLEDO', N'CAMPOS', 0, 4, NULL, N'El Algarrobal', 1528, 1, N'12345611', N'CHRISTIAN', N'', NULL, 8)
INSERT [dbo].[item_campana] ([item_campana_id], [apellido_materno], [apellido_paterno], [correlativo], [correlativo_base], [detalle], [direccion], [distrito_id], [enviable], [idc], [nombres], [razon_social], [estado_item_campana_id], [campana_id]) VALUES (309, N'VILLEGAS', N'SANDOVAL', 0, 30, NULL, N'Lurin', 1293, 0, N'12345637', N'JUAN', N'', NULL, 8)
INSERT [dbo].[item_campana] ([item_campana_id], [apellido_materno], [apellido_paterno], [correlativo], [correlativo_base], [detalle], [direccion], [distrito_id], [enviable], [idc], [nombres], [razon_social], [estado_item_campana_id], [campana_id]) VALUES (310, N'TELLO', N'MEDINA', 0, 3, NULL, N'Shatoja', 1749, 1, N'12345610', N'TELLO', N'', NULL, 8)
INSERT [dbo].[item_campana] ([item_campana_id], [apellido_materno], [apellido_paterno], [correlativo], [correlativo_base], [detalle], [direccion], [distrito_id], [enviable], [idc], [nombres], [razon_social], [estado_item_campana_id], [campana_id]) VALUES (311, N'ISIDRO', N'PEREZ', 0, 29, NULL, N'Puente Piedra', 1299, 0, N'12345636', N'EUGENIA', N'', NULL, 8)
INSERT [dbo].[item_campana] ([item_campana_id], [apellido_materno], [apellido_paterno], [correlativo], [correlativo_base], [detalle], [direccion], [distrito_id], [enviable], [idc], [nombres], [razon_social], [estado_item_campana_id], [campana_id]) VALUES (312, N'NAVA', N'FIGUEROA', 0, 8, NULL, N'Rímac', 1302, 1, N'12345615', N'MELISSA', N'', NULL, 8)
INSERT [dbo].[item_campana] ([item_campana_id], [apellido_materno], [apellido_paterno], [correlativo], [correlativo_base], [detalle], [direccion], [distrito_id], [enviable], [idc], [nombres], [razon_social], [estado_item_campana_id], [campana_id]) VALUES (313, N'CARRASCO', N'ESPINOZA', 0, 14, NULL, N'Barranco', 1278, 0, N'12345621', N'TELLO', N'', NULL, 8)
INSERT [dbo].[item_campana] ([item_campana_id], [apellido_materno], [apellido_paterno], [correlativo], [correlativo_base], [detalle], [direccion], [distrito_id], [enviable], [idc], [nombres], [razon_social], [estado_item_campana_id], [campana_id]) VALUES (314, N'RODRIGUEZ', N'SANTOS', 0, 26, NULL, N'Choros', 618, 0, N'12345633', N'RONALD', N'', NULL, 8)
INSERT [dbo].[item_campana] ([item_campana_id], [apellido_materno], [apellido_paterno], [correlativo], [correlativo_base], [detalle], [direccion], [distrito_id], [enviable], [idc], [nombres], [razon_social], [estado_item_campana_id], [campana_id]) VALUES (315, N'CARRASCO', N'ESPINOZA', 0, 34, NULL, N'Barranco', 1278, 0, N'12345641', N'TELLO', N'', NULL, 8)
INSERT [dbo].[item_campana] ([item_campana_id], [apellido_materno], [apellido_paterno], [correlativo], [correlativo_base], [detalle], [direccion], [distrito_id], [enviable], [idc], [nombres], [razon_social], [estado_item_campana_id], [campana_id]) VALUES (316, N'TELLO', N'MEDINA', 0, 32, NULL, N'El Agustino', 1285, 1, N'12345639', N'TELLO', N'', NULL, 8)
INSERT [dbo].[item_campana] ([item_campana_id], [apellido_materno], [apellido_paterno], [correlativo], [correlativo_base], [detalle], [direccion], [distrito_id], [enviable], [idc], [nombres], [razon_social], [estado_item_campana_id], [campana_id]) VALUES (317, N'TOLEDO', N'CAMPOS', 0, 15, NULL, N'Ate', 1277, 1, N'12345622', N'CHRISTIAN', N'', NULL, 8)
INSERT [dbo].[item_campana] ([item_campana_id], [apellido_materno], [apellido_paterno], [correlativo], [correlativo_base], [detalle], [direccion], [distrito_id], [enviable], [idc], [nombres], [razon_social], [estado_item_campana_id], [campana_id]) VALUES (318, N'ISIDRO', N'PEREZ', 0, 9, NULL, N'Puente Piedra', 1299, 1, N'12345616', N'EUGENIA', N'', NULL, 8)
INSERT [dbo].[item_campana] ([item_campana_id], [apellido_materno], [apellido_paterno], [correlativo], [correlativo_base], [detalle], [direccion], [distrito_id], [enviable], [idc], [nombres], [razon_social], [estado_item_campana_id], [campana_id]) VALUES (319, N'TELLO', N'MEDINA', 0, 18, NULL, N'Shamboyacu', 1779, 1, N'12345625', N'TELLO', N'', NULL, 8)
INSERT [dbo].[item_campana] ([item_campana_id], [apellido_materno], [apellido_paterno], [correlativo], [correlativo_base], [detalle], [direccion], [distrito_id], [enviable], [idc], [nombres], [razon_social], [estado_item_campana_id], [campana_id]) VALUES (320, N'RODRIGUEZ', N'SANTOS', 0, 20, NULL, N'Ilabaya', 1828, 0, N'12345627', N'RONALD', N'', NULL, 8)
INSERT [dbo].[item_campana] ([item_campana_id], [apellido_materno], [apellido_paterno], [correlativo], [correlativo_base], [detalle], [direccion], [distrito_id], [enviable], [idc], [nombres], [razon_social], [estado_item_campana_id], [campana_id]) VALUES (321, N'NAVA', N'FIGUEROA', 0, 28, NULL, N'Rímac', 1302, 1, N'12345635', N'MELISSA', N'', NULL, 9)
INSERT [dbo].[item_campana] ([item_campana_id], [apellido_materno], [apellido_paterno], [correlativo], [correlativo_base], [detalle], [direccion], [distrito_id], [enviable], [idc], [nombres], [razon_social], [estado_item_campana_id], [campana_id]) VALUES (322, N'TELLO', N'MEDINA', 0, 3, NULL, N'Shatoja', 1749, 0, N'12345610', N'TELLO', N'', NULL, 9)
INSERT [dbo].[item_campana] ([item_campana_id], [apellido_materno], [apellido_paterno], [correlativo], [correlativo_base], [detalle], [direccion], [distrito_id], [enviable], [idc], [nombres], [razon_social], [estado_item_campana_id], [campana_id]) VALUES (323, N'CARRASCO', N'HEREDIA', 0, 7, NULL, N'Bagua', 22, 1, N'12345614', N'ORLANDO MARIO', N'', NULL, 9)
INSERT [dbo].[item_campana] ([item_campana_id], [apellido_materno], [apellido_paterno], [correlativo], [correlativo_base], [detalle], [direccion], [distrito_id], [enviable], [idc], [nombres], [razon_social], [estado_item_campana_id], [campana_id]) VALUES (324, N'ISIDRO', N'PEREZ', 0, 9, NULL, N'Puente Piedra', 1299, 1, N'12345616', N'EUGENIA', N'', NULL, 9)
INSERT [dbo].[item_campana] ([item_campana_id], [apellido_materno], [apellido_paterno], [correlativo], [correlativo_base], [detalle], [direccion], [distrito_id], [enviable], [idc], [nombres], [razon_social], [estado_item_campana_id], [campana_id]) VALUES (325, N'TELLO', N'MEDINA', 0, 23, NULL, N'Shatoja', 1749, 1, N'12345630', N'TELLO', N'', NULL, 9)
INSERT [dbo].[item_campana] ([item_campana_id], [apellido_materno], [apellido_paterno], [correlativo], [correlativo_base], [detalle], [direccion], [distrito_id], [enviable], [idc], [nombres], [razon_social], [estado_item_campana_id], [campana_id]) VALUES (326, N'RODRIGUEZ', N'SANTOS', 0, 26, NULL, N'Choros', 618, 1, N'12345633', N'RONALD', N'', NULL, 9)
INSERT [dbo].[item_campana] ([item_campana_id], [apellido_materno], [apellido_paterno], [correlativo], [correlativo_base], [detalle], [direccion], [distrito_id], [enviable], [idc], [nombres], [razon_social], [estado_item_campana_id], [campana_id]) VALUES (327, N'VILLEGAS', N'SANDOVAL', 0, 30, NULL, N'Lurin', 1293, 1, N'12345637', N'JUAN', N'', NULL, 9)
INSERT [dbo].[item_campana] ([item_campana_id], [apellido_materno], [apellido_paterno], [correlativo], [correlativo_base], [detalle], [direccion], [distrito_id], [enviable], [idc], [nombres], [razon_social], [estado_item_campana_id], [campana_id]) VALUES (328, N'CHAVEZ', N'BALTAZAR', 0, 13, NULL, N'Chorrillos', 1282, 0, N'12345620', N'CESAR', N'', NULL, 9)
INSERT [dbo].[item_campana] ([item_campana_id], [apellido_materno], [apellido_paterno], [correlativo], [correlativo_base], [detalle], [direccion], [distrito_id], [enviable], [idc], [nombres], [razon_social], [estado_item_campana_id], [campana_id]) VALUES (329, N'ISIDRO', N'PEREZ', 0, 29, NULL, N'Puente Piedra', 1299, 0, N'12345636', N'EUGENIA', N'', NULL, 9)
INSERT [dbo].[item_campana] ([item_campana_id], [apellido_materno], [apellido_paterno], [correlativo], [correlativo_base], [detalle], [direccion], [distrito_id], [enviable], [idc], [nombres], [razon_social], [estado_item_campana_id], [campana_id]) VALUES (330, N'TELLO', N'MEDINA', 0, 37, NULL, N'Manantay', 1857, 0, N'12345644', N'TELLO', N'', NULL, 9)
INSERT [dbo].[item_campana] ([item_campana_id], [apellido_materno], [apellido_paterno], [correlativo], [correlativo_base], [detalle], [direccion], [distrito_id], [enviable], [idc], [nombres], [razon_social], [estado_item_campana_id], [campana_id]) VALUES (331, N'RODRIGUEZ', N'SANTOS', 0, 20, NULL, N'Ilabaya', 1828, 1, N'12345627', N'RONALD', N'', NULL, 9)
INSERT [dbo].[item_campana] ([item_campana_id], [apellido_materno], [apellido_paterno], [correlativo], [correlativo_base], [detalle], [direccion], [distrito_id], [enviable], [idc], [nombres], [razon_social], [estado_item_campana_id], [campana_id]) VALUES (332, N'TELLO', N'MEDINA', 0, 12, NULL, N'El Agustino', 1285, 1, N'12345619', N'TELLO', N'', NULL, 9)
INSERT [dbo].[item_campana] ([item_campana_id], [apellido_materno], [apellido_paterno], [correlativo], [correlativo_base], [detalle], [direccion], [distrito_id], [enviable], [idc], [nombres], [razon_social], [estado_item_campana_id], [campana_id]) VALUES (333, N'TELLO', N'MEDINA', 0, 19, NULL, N'Caspisapa', 1774, 1, N'12345626', N'TELLO', N'', NULL, 9)
INSERT [dbo].[item_campana] ([item_campana_id], [apellido_materno], [apellido_paterno], [correlativo], [correlativo_base], [detalle], [direccion], [distrito_id], [enviable], [idc], [nombres], [razon_social], [estado_item_campana_id], [campana_id]) VALUES (334, N'TOLEDO', N'CAMPOS', 0, 4, NULL, N'El Algarrobal', 1528, 1, N'12345611', N'CHRISTIAN', N'', NULL, 9)
INSERT [dbo].[item_campana] ([item_campana_id], [apellido_materno], [apellido_paterno], [correlativo], [correlativo_base], [detalle], [direccion], [distrito_id], [enviable], [idc], [nombres], [razon_social], [estado_item_campana_id], [campana_id]) VALUES (335, N'RODRIGUEZ', N'SANTOS', 0, 40, NULL, N'Ilabaya', 1828, 0, N'12345645', N'RONALD', N'', NULL, 9)
INSERT [dbo].[item_campana] ([item_campana_id], [apellido_materno], [apellido_paterno], [correlativo], [correlativo_base], [detalle], [direccion], [distrito_id], [enviable], [idc], [nombres], [razon_social], [estado_item_campana_id], [campana_id]) VALUES (336, N'SAAVEDRA', N'SANTOS', 0, 31, NULL, N'LIMA', 1275, 1, N'12345638', N'LEIDY', N'', NULL, 9)
INSERT [dbo].[item_campana] ([item_campana_id], [apellido_materno], [apellido_paterno], [correlativo], [correlativo_base], [detalle], [direccion], [distrito_id], [enviable], [idc], [nombres], [razon_social], [estado_item_campana_id], [campana_id]) VALUES (337, N'RODRIGUEZ', N'SANTOS', 0, 6, NULL, N'Choros', 618, 1, N'12345613', N'RONALD', N'', NULL, 9)
INSERT [dbo].[item_campana] ([item_campana_id], [apellido_materno], [apellido_paterno], [correlativo], [correlativo_base], [detalle], [direccion], [distrito_id], [enviable], [idc], [nombres], [razon_social], [estado_item_campana_id], [campana_id]) VALUES (338, N'CHAVEZ', N'BALTAZAR', 0, 33, NULL, N'Chorrillos', 1282, 1, N'12345640', N'CESAR', N'', NULL, 9)
INSERT [dbo].[item_campana] ([item_campana_id], [apellido_materno], [apellido_paterno], [correlativo], [correlativo_base], [detalle], [direccion], [distrito_id], [enviable], [idc], [nombres], [razon_social], [estado_item_campana_id], [campana_id]) VALUES (339, N'SAAVEDRA', N'SANTOS', 0, 11, NULL, N'LIMA', 1275, 1, N'12345618', N'LEIDY', N'', NULL, 9)
INSERT [dbo].[item_campana] ([item_campana_id], [apellido_materno], [apellido_paterno], [correlativo], [correlativo_base], [detalle], [direccion], [distrito_id], [enviable], [idc], [nombres], [razon_social], [estado_item_campana_id], [campana_id]) VALUES (340, N'VILLEGAS', N'SANDOVAL', 0, 5, NULL, N'Llipata', 1018, 1, N'12345612', N'JUAN', N'', NULL, 9)
INSERT [dbo].[item_campana] ([item_campana_id], [apellido_materno], [apellido_paterno], [correlativo], [correlativo_base], [detalle], [direccion], [distrito_id], [enviable], [idc], [nombres], [razon_social], [estado_item_campana_id], [campana_id]) VALUES (341, N'TELLO', N'MEDINA', 0, 36, NULL, N'Yarinacocha', 1855, 1, N'12345643', N'TELLO', N'', NULL, 9)
INSERT [dbo].[item_campana] ([item_campana_id], [apellido_materno], [apellido_paterno], [correlativo], [correlativo_base], [detalle], [direccion], [distrito_id], [enviable], [idc], [nombres], [razon_social], [estado_item_campana_id], [campana_id]) VALUES (342, N'TELLO', N'MEDINA', 0, 16, NULL, N'Yarinacocha', 1855, 0, N'12345623', N'TELLO', N'', NULL, 9)
INSERT [dbo].[item_campana] ([item_campana_id], [apellido_materno], [apellido_paterno], [correlativo], [correlativo_base], [detalle], [direccion], [distrito_id], [enviable], [idc], [nombres], [razon_social], [estado_item_campana_id], [campana_id]) VALUES (343, N'RODRIGUEZ', N'SANTOS', 0, 2, NULL, N'Locumba', 1827, 1, N'12345609', N'RONALD', N'', NULL, 9)
INSERT [dbo].[item_campana] ([item_campana_id], [apellido_materno], [apellido_paterno], [correlativo], [correlativo_base], [detalle], [direccion], [distrito_id], [enviable], [idc], [nombres], [razon_social], [estado_item_campana_id], [campana_id]) VALUES (344, N'TELLO', N'MEDINA', 0, 21, NULL, N'Curimana', 1864, 1, N'12345628', N'TELLO', N'', NULL, 9)
INSERT [dbo].[item_campana] ([item_campana_id], [apellido_materno], [apellido_paterno], [correlativo], [correlativo_base], [detalle], [direccion], [distrito_id], [enviable], [idc], [nombres], [razon_social], [estado_item_campana_id], [campana_id]) VALUES (345, N'CARRASCO', N'HEREDIA', 0, 27, NULL, N'Bagua', 22, 1, N'12345634', N'ORLANDO MARIO', N'', NULL, 9)
INSERT [dbo].[item_campana] ([item_campana_id], [apellido_materno], [apellido_paterno], [correlativo], [correlativo_base], [detalle], [direccion], [distrito_id], [enviable], [idc], [nombres], [razon_social], [estado_item_campana_id], [campana_id]) VALUES (346, N'TOLEDO', N'CAMPOS', 0, 35, NULL, N'Ate', 1277, 1, N'12345642', N'CHRISTIAN', N'', NULL, 9)
INSERT [dbo].[item_campana] ([item_campana_id], [apellido_materno], [apellido_paterno], [correlativo], [correlativo_base], [detalle], [direccion], [distrito_id], [enviable], [idc], [nombres], [razon_social], [estado_item_campana_id], [campana_id]) VALUES (347, N'TELLO', N'MEDINA', 0, 38, NULL, N'Shamboyacu', 1779, 1, N'12345645', N'TELLO', N'', NULL, 9)
INSERT [dbo].[item_campana] ([item_campana_id], [apellido_materno], [apellido_paterno], [correlativo], [correlativo_base], [detalle], [direccion], [distrito_id], [enviable], [idc], [nombres], [razon_social], [estado_item_campana_id], [campana_id]) VALUES (348, N'TOLEDO', N'CAMPOS', 0, 24, NULL, N'El Algarrobal', 1528, 1, N'12345631', N'CHRISTIAN', N'', NULL, 9)
INSERT [dbo].[item_campana] ([item_campana_id], [apellido_materno], [apellido_paterno], [correlativo], [correlativo_base], [detalle], [direccion], [distrito_id], [enviable], [idc], [nombres], [razon_social], [estado_item_campana_id], [campana_id]) VALUES (349, N'TELLO', N'MEDINA', 0, 32, NULL, N'El Agustino', 1285, 0, N'12345639', N'TELLO', N'', NULL, 9)
INSERT [dbo].[item_campana] ([item_campana_id], [apellido_materno], [apellido_paterno], [correlativo], [correlativo_base], [detalle], [direccion], [distrito_id], [enviable], [idc], [nombres], [razon_social], [estado_item_campana_id], [campana_id]) VALUES (350, N'TELLO', N'MEDINA', 0, 17, NULL, N'Manantay', 1857, 1, N'12345624', N'TELLO', N'', NULL, 9)
INSERT [dbo].[item_campana] ([item_campana_id], [apellido_materno], [apellido_paterno], [correlativo], [correlativo_base], [detalle], [direccion], [distrito_id], [enviable], [idc], [nombres], [razon_social], [estado_item_campana_id], [campana_id]) VALUES (351, N'TELLO', N'MEDINA', 0, 39, NULL, N'Caspisapa', 1774, 1, N'12345646', N'TELLO', N'', NULL, 9)
INSERT [dbo].[item_campana] ([item_campana_id], [apellido_materno], [apellido_paterno], [correlativo], [correlativo_base], [detalle], [direccion], [distrito_id], [enviable], [idc], [nombres], [razon_social], [estado_item_campana_id], [campana_id]) VALUES (352, N'TELLO', N'MEDINA', 0, 18, NULL, N'Shamboyacu', 1779, 1, N'12345625', N'TELLO', N'', NULL, 9)
INSERT [dbo].[item_campana] ([item_campana_id], [apellido_materno], [apellido_paterno], [correlativo], [correlativo_base], [detalle], [direccion], [distrito_id], [enviable], [idc], [nombres], [razon_social], [estado_item_campana_id], [campana_id]) VALUES (353, N'VILLEGAS', N'SANDOVAL', 0, 25, NULL, N'Llipata', 1018, 1, N'12345632', N'JUAN', N'', NULL, 9)
INSERT [dbo].[item_campana] ([item_campana_id], [apellido_materno], [apellido_paterno], [correlativo], [correlativo_base], [detalle], [direccion], [distrito_id], [enviable], [idc], [nombres], [razon_social], [estado_item_campana_id], [campana_id]) VALUES (354, N'RODRIGUEZ', N'SANTOS', 0, 22, NULL, N'Locumba', 1827, 0, N'12345629', N'RONALD', N'', NULL, 9)
INSERT [dbo].[item_campana] ([item_campana_id], [apellido_materno], [apellido_paterno], [correlativo], [correlativo_base], [detalle], [direccion], [distrito_id], [enviable], [idc], [nombres], [razon_social], [estado_item_campana_id], [campana_id]) VALUES (355, N'NAVA', N'FIGUEROA', 0, 8, NULL, N'Rímac', 1302, 0, N'12345615', N'MELISSA', N'', NULL, 9)
INSERT [dbo].[item_campana] ([item_campana_id], [apellido_materno], [apellido_paterno], [correlativo], [correlativo_base], [detalle], [direccion], [distrito_id], [enviable], [idc], [nombres], [razon_social], [estado_item_campana_id], [campana_id]) VALUES (356, N'CARRASCO', N'ESPINOZA', 0, 34, NULL, N'Barranco', 1278, 0, N'12345641', N'TELLO', N'', NULL, 9)
INSERT [dbo].[item_campana] ([item_campana_id], [apellido_materno], [apellido_paterno], [correlativo], [correlativo_base], [detalle], [direccion], [distrito_id], [enviable], [idc], [nombres], [razon_social], [estado_item_campana_id], [campana_id]) VALUES (357, N'CARRASCO', N'ESPINOZA', 0, 14, NULL, N'Barranco', 1278, 1, N'12345621', N'TELLO', N'', NULL, 9)
INSERT [dbo].[item_campana] ([item_campana_id], [apellido_materno], [apellido_paterno], [correlativo], [correlativo_base], [detalle], [direccion], [distrito_id], [enviable], [idc], [nombres], [razon_social], [estado_item_campana_id], [campana_id]) VALUES (358, N'TELLO', N'MEDINA', 0, 1, NULL, N'Curimana', 1864, 1, N'12345608', N'TELLO', N'', NULL, 9)
INSERT [dbo].[item_campana] ([item_campana_id], [apellido_materno], [apellido_paterno], [correlativo], [correlativo_base], [detalle], [direccion], [distrito_id], [enviable], [idc], [nombres], [razon_social], [estado_item_campana_id], [campana_id]) VALUES (359, N'TOLEDO', N'CAMPOS', 0, 15, NULL, N'Ate', 1277, 1, N'12345622', N'CHRISTIAN', N'', NULL, 9)
INSERT [dbo].[item_campana] ([item_campana_id], [apellido_materno], [apellido_paterno], [correlativo], [correlativo_base], [detalle], [direccion], [distrito_id], [enviable], [idc], [nombres], [razon_social], [estado_item_campana_id], [campana_id]) VALUES (360, N'VILLEGAS', N'SANDOVAL', 0, 10, NULL, N'Lurin', 1293, 1, N'12345617', N'JUAN', N'', NULL, 9)
INSERT [dbo].[item_campana] ([item_campana_id], [apellido_materno], [apellido_paterno], [correlativo], [correlativo_base], [detalle], [direccion], [distrito_id], [enviable], [idc], [nombres], [razon_social], [estado_item_campana_id], [campana_id]) VALUES (361, N'SAAVEDRA', N'SANTOS', 0, 11, NULL, N'LIMA', 1275, 1, N'12345618', N'LEIDY', N'', NULL, 10)
INSERT [dbo].[item_campana] ([item_campana_id], [apellido_materno], [apellido_paterno], [correlativo], [correlativo_base], [detalle], [direccion], [distrito_id], [enviable], [idc], [nombres], [razon_social], [estado_item_campana_id], [campana_id]) VALUES (362, N'TELLO', N'MEDINA', 0, 21, NULL, N'Curimana', 1864, 1, N'12345628', N'TELLO', N'', NULL, 10)
INSERT [dbo].[item_campana] ([item_campana_id], [apellido_materno], [apellido_paterno], [correlativo], [correlativo_base], [detalle], [direccion], [distrito_id], [enviable], [idc], [nombres], [razon_social], [estado_item_campana_id], [campana_id]) VALUES (363, N'TELLO', N'MEDINA', 0, 32, NULL, N'El Agustino', 1285, 1, N'12345639', N'TELLO', N'', NULL, 10)
INSERT [dbo].[item_campana] ([item_campana_id], [apellido_materno], [apellido_paterno], [correlativo], [correlativo_base], [detalle], [direccion], [distrito_id], [enviable], [idc], [nombres], [razon_social], [estado_item_campana_id], [campana_id]) VALUES (364, N'NAVA', N'FIGUEROA', 0, 8, NULL, N'Rímac', 1302, 1, N'12345615', N'MELISSA', N'', NULL, 10)
INSERT [dbo].[item_campana] ([item_campana_id], [apellido_materno], [apellido_paterno], [correlativo], [correlativo_base], [detalle], [direccion], [distrito_id], [enviable], [idc], [nombres], [razon_social], [estado_item_campana_id], [campana_id]) VALUES (365, N'TELLO', N'MEDINA', 0, 19, NULL, N'Caspisapa', 1774, 1, N'12345626', N'TELLO', N'', NULL, 10)
INSERT [dbo].[item_campana] ([item_campana_id], [apellido_materno], [apellido_paterno], [correlativo], [correlativo_base], [detalle], [direccion], [distrito_id], [enviable], [idc], [nombres], [razon_social], [estado_item_campana_id], [campana_id]) VALUES (366, N'SAAVEDRA', N'SANTOS', 0, 31, NULL, N'LIMA', 1275, 1, N'12345638', N'LEIDY', N'', NULL, 10)
INSERT [dbo].[item_campana] ([item_campana_id], [apellido_materno], [apellido_paterno], [correlativo], [correlativo_base], [detalle], [direccion], [distrito_id], [enviable], [idc], [nombres], [razon_social], [estado_item_campana_id], [campana_id]) VALUES (367, N'RODRIGUEZ', N'SANTOS', 0, 6, NULL, N'Choros', 618, 1, N'12345613', N'RONALD', N'', NULL, 10)
INSERT [dbo].[item_campana] ([item_campana_id], [apellido_materno], [apellido_paterno], [correlativo], [correlativo_base], [detalle], [direccion], [distrito_id], [enviable], [idc], [nombres], [razon_social], [estado_item_campana_id], [campana_id]) VALUES (368, N'TOLEDO', N'CAMPOS', 0, 24, NULL, N'El Algarrobal', 1528, 1, N'12345631', N'CHRISTIAN', N'', NULL, 10)
INSERT [dbo].[item_campana] ([item_campana_id], [apellido_materno], [apellido_paterno], [correlativo], [correlativo_base], [detalle], [direccion], [distrito_id], [enviable], [idc], [nombres], [razon_social], [estado_item_campana_id], [campana_id]) VALUES (369, N'TOLEDO', N'CAMPOS', 0, 4, NULL, N'El Algarrobal', 1528, 0, N'12345611', N'CHRISTIAN', N'', NULL, 10)
INSERT [dbo].[item_campana] ([item_campana_id], [apellido_materno], [apellido_paterno], [correlativo], [correlativo_base], [detalle], [direccion], [distrito_id], [enviable], [idc], [nombres], [razon_social], [estado_item_campana_id], [campana_id]) VALUES (370, N'TELLO', N'MEDINA', 0, 16, NULL, N'Yarinacocha', 1855, 1, N'12345623', N'TELLO', N'', NULL, 10)
INSERT [dbo].[item_campana] ([item_campana_id], [apellido_materno], [apellido_paterno], [correlativo], [correlativo_base], [detalle], [direccion], [distrito_id], [enviable], [idc], [nombres], [razon_social], [estado_item_campana_id], [campana_id]) VALUES (371, N'TELLO', N'MEDINA', 0, 36, NULL, N'Yarinacocha', 1855, 1, N'12345643', N'TELLO', N'', NULL, 10)
INSERT [dbo].[item_campana] ([item_campana_id], [apellido_materno], [apellido_paterno], [correlativo], [correlativo_base], [detalle], [direccion], [distrito_id], [enviable], [idc], [nombres], [razon_social], [estado_item_campana_id], [campana_id]) VALUES (372, N'CHAVEZ', N'BALTAZAR', 0, 13, NULL, N'Chorrillos', 1282, 1, N'12345620', N'CESAR', N'', NULL, 10)
INSERT [dbo].[item_campana] ([item_campana_id], [apellido_materno], [apellido_paterno], [correlativo], [correlativo_base], [detalle], [direccion], [distrito_id], [enviable], [idc], [nombres], [razon_social], [estado_item_campana_id], [campana_id]) VALUES (373, N'CARRASCO', N'HEREDIA', 0, 27, NULL, N'Bagua', 22, 1, N'12345634', N'ORLANDO MARIO', N'', NULL, 10)
INSERT [dbo].[item_campana] ([item_campana_id], [apellido_materno], [apellido_paterno], [correlativo], [correlativo_base], [detalle], [direccion], [distrito_id], [enviable], [idc], [nombres], [razon_social], [estado_item_campana_id], [campana_id]) VALUES (374, N'TELLO', N'MEDINA', 0, 39, NULL, N'Caspisapa', 1774, 1, N'12345646', N'TELLO', N'', NULL, 10)
INSERT [dbo].[item_campana] ([item_campana_id], [apellido_materno], [apellido_paterno], [correlativo], [correlativo_base], [detalle], [direccion], [distrito_id], [enviable], [idc], [nombres], [razon_social], [estado_item_campana_id], [campana_id]) VALUES (375, N'VILLEGAS', N'SANDOVAL', 0, 30, NULL, N'Lurin', 1293, 1, N'12345637', N'JUAN', N'', NULL, 10)
INSERT [dbo].[item_campana] ([item_campana_id], [apellido_materno], [apellido_paterno], [correlativo], [correlativo_base], [detalle], [direccion], [distrito_id], [enviable], [idc], [nombres], [razon_social], [estado_item_campana_id], [campana_id]) VALUES (376, N'VILLEGAS', N'SANDOVAL', 0, 10, NULL, N'Lurin', 1293, 1, N'12345617', N'JUAN', N'', NULL, 10)
INSERT [dbo].[item_campana] ([item_campana_id], [apellido_materno], [apellido_paterno], [correlativo], [correlativo_base], [detalle], [direccion], [distrito_id], [enviable], [idc], [nombres], [razon_social], [estado_item_campana_id], [campana_id]) VALUES (377, N'TELLO', N'MEDINA', 0, 23, NULL, N'Shatoja', 1749, 0, N'12345630', N'TELLO', N'', NULL, 10)
INSERT [dbo].[item_campana] ([item_campana_id], [apellido_materno], [apellido_paterno], [correlativo], [correlativo_base], [detalle], [direccion], [distrito_id], [enviable], [idc], [nombres], [razon_social], [estado_item_campana_id], [campana_id]) VALUES (378, N'CHAVEZ', N'BALTAZAR', 0, 33, NULL, N'Chorrillos', 1282, 0, N'12345640', N'CESAR', N'', NULL, 10)
INSERT [dbo].[item_campana] ([item_campana_id], [apellido_materno], [apellido_paterno], [correlativo], [correlativo_base], [detalle], [direccion], [distrito_id], [enviable], [idc], [nombres], [razon_social], [estado_item_campana_id], [campana_id]) VALUES (379, N'TELLO', N'MEDINA', 0, 38, NULL, N'Shamboyacu', 1779, 1, N'12345645', N'TELLO', N'', NULL, 10)
INSERT [dbo].[item_campana] ([item_campana_id], [apellido_materno], [apellido_paterno], [correlativo], [correlativo_base], [detalle], [direccion], [distrito_id], [enviable], [idc], [nombres], [razon_social], [estado_item_campana_id], [campana_id]) VALUES (380, N'TELLO', N'MEDINA', 0, 1, NULL, N'Curimana', 1864, 0, N'12345608', N'TELLO', N'', NULL, 10)
INSERT [dbo].[item_campana] ([item_campana_id], [apellido_materno], [apellido_paterno], [correlativo], [correlativo_base], [detalle], [direccion], [distrito_id], [enviable], [idc], [nombres], [razon_social], [estado_item_campana_id], [campana_id]) VALUES (381, N'CARRASCO', N'ESPINOZA', 0, 14, NULL, N'Barranco', 1278, 1, N'12345621', N'TELLO', N'', NULL, 10)
INSERT [dbo].[item_campana] ([item_campana_id], [apellido_materno], [apellido_paterno], [correlativo], [correlativo_base], [detalle], [direccion], [distrito_id], [enviable], [idc], [nombres], [razon_social], [estado_item_campana_id], [campana_id]) VALUES (382, N'TOLEDO', N'CAMPOS', 0, 15, NULL, N'Ate', 1277, 1, N'12345622', N'CHRISTIAN', N'', NULL, 10)
INSERT [dbo].[item_campana] ([item_campana_id], [apellido_materno], [apellido_paterno], [correlativo], [correlativo_base], [detalle], [direccion], [distrito_id], [enviable], [idc], [nombres], [razon_social], [estado_item_campana_id], [campana_id]) VALUES (383, N'TELLO', N'MEDINA', 0, 3, NULL, N'Shatoja', 1749, 1, N'12345610', N'TELLO', N'', NULL, 10)
INSERT [dbo].[item_campana] ([item_campana_id], [apellido_materno], [apellido_paterno], [correlativo], [correlativo_base], [detalle], [direccion], [distrito_id], [enviable], [idc], [nombres], [razon_social], [estado_item_campana_id], [campana_id]) VALUES (384, N'TELLO', N'MEDINA', 0, 17, NULL, N'Manantay', 1857, 0, N'12345624', N'TELLO', N'', NULL, 10)
INSERT [dbo].[item_campana] ([item_campana_id], [apellido_materno], [apellido_paterno], [correlativo], [correlativo_base], [detalle], [direccion], [distrito_id], [enviable], [idc], [nombres], [razon_social], [estado_item_campana_id], [campana_id]) VALUES (385, N'RODRIGUEZ', N'SANTOS', 0, 22, NULL, N'Locumba', 1827, 1, N'12345629', N'RONALD', N'', NULL, 10)
INSERT [dbo].[item_campana] ([item_campana_id], [apellido_materno], [apellido_paterno], [correlativo], [correlativo_base], [detalle], [direccion], [distrito_id], [enviable], [idc], [nombres], [razon_social], [estado_item_campana_id], [campana_id]) VALUES (386, N'CARRASCO', N'HEREDIA', 0, 7, NULL, N'Bagua', 22, 1, N'12345614', N'ORLANDO MARIO', N'', NULL, 10)
INSERT [dbo].[item_campana] ([item_campana_id], [apellido_materno], [apellido_paterno], [correlativo], [correlativo_base], [detalle], [direccion], [distrito_id], [enviable], [idc], [nombres], [razon_social], [estado_item_campana_id], [campana_id]) VALUES (387, N'RODRIGUEZ', N'SANTOS', 0, 40, NULL, N'Ilabaya', 1828, 1, N'12345645', N'RONALD', N'', NULL, 10)
INSERT [dbo].[item_campana] ([item_campana_id], [apellido_materno], [apellido_paterno], [correlativo], [correlativo_base], [detalle], [direccion], [distrito_id], [enviable], [idc], [nombres], [razon_social], [estado_item_campana_id], [campana_id]) VALUES (388, N'ISIDRO', N'PEREZ', 0, 9, NULL, N'Puente Piedra', 1299, 0, N'12345616', N'EUGENIA', N'', NULL, 10)
INSERT [dbo].[item_campana] ([item_campana_id], [apellido_materno], [apellido_paterno], [correlativo], [correlativo_base], [detalle], [direccion], [distrito_id], [enviable], [idc], [nombres], [razon_social], [estado_item_campana_id], [campana_id]) VALUES (389, N'TELLO', N'MEDINA', 0, 18, NULL, N'Shamboyacu', 1779, 1, N'12345625', N'TELLO', N'', NULL, 10)
INSERT [dbo].[item_campana] ([item_campana_id], [apellido_materno], [apellido_paterno], [correlativo], [correlativo_base], [detalle], [direccion], [distrito_id], [enviable], [idc], [nombres], [razon_social], [estado_item_campana_id], [campana_id]) VALUES (390, N'TELLO', N'MEDINA', 0, 37, NULL, N'Manantay', 1857, 0, N'12345644', N'TELLO', N'', NULL, 10)
INSERT [dbo].[item_campana] ([item_campana_id], [apellido_materno], [apellido_paterno], [correlativo], [correlativo_base], [detalle], [direccion], [distrito_id], [enviable], [idc], [nombres], [razon_social], [estado_item_campana_id], [campana_id]) VALUES (391, N'VILLEGAS', N'SANDOVAL', 0, 25, NULL, N'Llipata', 1018, 1, N'12345632', N'JUAN', N'', NULL, 10)
INSERT [dbo].[item_campana] ([item_campana_id], [apellido_materno], [apellido_paterno], [correlativo], [correlativo_base], [detalle], [direccion], [distrito_id], [enviable], [idc], [nombres], [razon_social], [estado_item_campana_id], [campana_id]) VALUES (392, N'TOLEDO', N'CAMPOS', 0, 35, NULL, N'Ate', 1277, 1, N'12345642', N'CHRISTIAN', N'', NULL, 10)
INSERT [dbo].[item_campana] ([item_campana_id], [apellido_materno], [apellido_paterno], [correlativo], [correlativo_base], [detalle], [direccion], [distrito_id], [enviable], [idc], [nombres], [razon_social], [estado_item_campana_id], [campana_id]) VALUES (393, N'NAVA', N'FIGUEROA', 0, 28, NULL, N'Rímac', 1302, 0, N'12345635', N'MELISSA', N'', NULL, 10)
INSERT [dbo].[item_campana] ([item_campana_id], [apellido_materno], [apellido_paterno], [correlativo], [correlativo_base], [detalle], [direccion], [distrito_id], [enviable], [idc], [nombres], [razon_social], [estado_item_campana_id], [campana_id]) VALUES (394, N'RODRIGUEZ', N'SANTOS', 0, 20, NULL, N'Ilabaya', 1828, 1, N'12345627', N'RONALD', N'', NULL, 10)
INSERT [dbo].[item_campana] ([item_campana_id], [apellido_materno], [apellido_paterno], [correlativo], [correlativo_base], [detalle], [direccion], [distrito_id], [enviable], [idc], [nombres], [razon_social], [estado_item_campana_id], [campana_id]) VALUES (395, N'TELLO', N'MEDINA', 0, 12, NULL, N'El Agustino', 1285, 0, N'12345619', N'TELLO', N'', NULL, 10)
INSERT [dbo].[item_campana] ([item_campana_id], [apellido_materno], [apellido_paterno], [correlativo], [correlativo_base], [detalle], [direccion], [distrito_id], [enviable], [idc], [nombres], [razon_social], [estado_item_campana_id], [campana_id]) VALUES (396, N'RODRIGUEZ', N'SANTOS', 0, 26, NULL, N'Choros', 618, 1, N'12345633', N'RONALD', N'', NULL, 10)
INSERT [dbo].[item_campana] ([item_campana_id], [apellido_materno], [apellido_paterno], [correlativo], [correlativo_base], [detalle], [direccion], [distrito_id], [enviable], [idc], [nombres], [razon_social], [estado_item_campana_id], [campana_id]) VALUES (397, N'ISIDRO', N'PEREZ', 0, 29, NULL, N'Puente Piedra', 1299, 1, N'12345636', N'EUGENIA', N'', NULL, 10)
INSERT [dbo].[item_campana] ([item_campana_id], [apellido_materno], [apellido_paterno], [correlativo], [correlativo_base], [detalle], [direccion], [distrito_id], [enviable], [idc], [nombres], [razon_social], [estado_item_campana_id], [campana_id]) VALUES (398, N'CARRASCO', N'ESPINOZA', 0, 34, NULL, N'Barranco', 1278, 1, N'12345641', N'TELLO', N'', NULL, 10)
INSERT [dbo].[item_campana] ([item_campana_id], [apellido_materno], [apellido_paterno], [correlativo], [correlativo_base], [detalle], [direccion], [distrito_id], [enviable], [idc], [nombres], [razon_social], [estado_item_campana_id], [campana_id]) VALUES (399, N'VILLEGAS', N'SANDOVAL', 0, 5, NULL, N'Llipata', 1018, 1, N'12345612', N'JUAN', N'', NULL, 10)

INSERT [dbo].[item_campana] ([item_campana_id], [apellido_materno], [apellido_paterno], [correlativo], [correlativo_base], [detalle], [direccion], [distrito_id], [enviable], [idc], [nombres], [razon_social], [estado_item_campana_id], [campana_id]) VALUES (400, N'RODRIGUEZ', N'SANTOS', 0, 2, NULL, N'Locumba', 1827, 1, N'12345609', N'RONALD', N'', NULL, 10)
INSERT [dbo].[item_campana] ([item_campana_id], [apellido_materno], [apellido_paterno], [correlativo], [correlativo_base], [detalle], [direccion], [distrito_id], [enviable], [idc], [nombres], [razon_social], [estado_item_campana_id], [campana_id]) VALUES (401, N'VILLEGAS', N'SANDOVAL', 0, 5, NULL, N'Llipata', 1018, 0, N'12345612', N'JUAN', N'', NULL, 11)
INSERT [dbo].[item_campana] ([item_campana_id], [apellido_materno], [apellido_paterno], [correlativo], [correlativo_base], [detalle], [direccion], [distrito_id], [enviable], [idc], [nombres], [razon_social], [estado_item_campana_id], [campana_id]) VALUES (402, N'TELLO', N'MEDINA', 0, 1, NULL, N'Curimana', 1864, 0, N'12345608', N'TELLO', N'', NULL, 11)
INSERT [dbo].[item_campana] ([item_campana_id], [apellido_materno], [apellido_paterno], [correlativo], [correlativo_base], [detalle], [direccion], [distrito_id], [enviable], [idc], [nombres], [razon_social], [estado_item_campana_id], [campana_id]) VALUES (403, N'TOLEDO', N'CAMPOS', 0, 15, NULL, N'Ate', 1277, 1, N'12345622', N'CHRISTIAN', N'', NULL, 11)
INSERT [dbo].[item_campana] ([item_campana_id], [apellido_materno], [apellido_paterno], [correlativo], [correlativo_base], [detalle], [direccion], [distrito_id], [enviable], [idc], [nombres], [razon_social], [estado_item_campana_id], [campana_id]) VALUES (404, N'TELLO', N'MEDINA', 0, 38, NULL, N'Shamboyacu', 1779, 0, N'12345645', N'TELLO', N'', NULL, 11)
INSERT [dbo].[item_campana] ([item_campana_id], [apellido_materno], [apellido_paterno], [correlativo], [correlativo_base], [detalle], [direccion], [distrito_id], [enviable], [idc], [nombres], [razon_social], [estado_item_campana_id], [campana_id]) VALUES (405, N'TELLO', N'MEDINA', 0, 37, NULL, N'Manantay', 1857, 1, N'12345644', N'TELLO', N'', NULL, 11)
INSERT [dbo].[item_campana] ([item_campana_id], [apellido_materno], [apellido_paterno], [correlativo], [correlativo_base], [detalle], [direccion], [distrito_id], [enviable], [idc], [nombres], [razon_social], [estado_item_campana_id], [campana_id]) VALUES (406, N'TELLO', N'MEDINA', 0, 23, NULL, N'Shatoja', 1749, 0, N'12345630', N'TELLO', N'', NULL, 11)
INSERT [dbo].[item_campana] ([item_campana_id], [apellido_materno], [apellido_paterno], [correlativo], [correlativo_base], [detalle], [direccion], [distrito_id], [enviable], [idc], [nombres], [razon_social], [estado_item_campana_id], [campana_id]) VALUES (407, N'ISIDRO', N'PEREZ', 0, 9, NULL, N'Puente Piedra', 1299, 1, N'12345616', N'EUGENIA', N'', NULL, 11)
INSERT [dbo].[item_campana] ([item_campana_id], [apellido_materno], [apellido_paterno], [correlativo], [correlativo_base], [detalle], [direccion], [distrito_id], [enviable], [idc], [nombres], [razon_social], [estado_item_campana_id], [campana_id]) VALUES (408, N'VILLEGAS', N'SANDOVAL', 0, 10, NULL, N'Lurin', 1293, 1, N'12345617', N'JUAN', N'', NULL, 11)
INSERT [dbo].[item_campana] ([item_campana_id], [apellido_materno], [apellido_paterno], [correlativo], [correlativo_base], [detalle], [direccion], [distrito_id], [enviable], [idc], [nombres], [razon_social], [estado_item_campana_id], [campana_id]) VALUES (409, N'TELLO', N'MEDINA', 0, 3, NULL, N'Shatoja', 1749, 1, N'12345610', N'TELLO', N'', NULL, 11)
INSERT [dbo].[item_campana] ([item_campana_id], [apellido_materno], [apellido_paterno], [correlativo], [correlativo_base], [detalle], [direccion], [distrito_id], [enviable], [idc], [nombres], [razon_social], [estado_item_campana_id], [campana_id]) VALUES (410, N'VILLEGAS', N'SANDOVAL', 0, 25, NULL, N'Llipata', 1018, 1, N'12345632', N'JUAN', N'', NULL, 11)
INSERT [dbo].[item_campana] ([item_campana_id], [apellido_materno], [apellido_paterno], [correlativo], [correlativo_base], [detalle], [direccion], [distrito_id], [enviable], [idc], [nombres], [razon_social], [estado_item_campana_id], [campana_id]) VALUES (411, N'CHAVEZ', N'BALTAZAR', 0, 33, NULL, N'Chorrillos', 1282, 1, N'12345640', N'CESAR', N'', NULL, 11)
INSERT [dbo].[item_campana] ([item_campana_id], [apellido_materno], [apellido_paterno], [correlativo], [correlativo_base], [detalle], [direccion], [distrito_id], [enviable], [idc], [nombres], [razon_social], [estado_item_campana_id], [campana_id]) VALUES (412, N'CARRASCO', N'ESPINOZA', 0, 34, NULL, N'Barranco', 1278, 0, N'12345641', N'TELLO', N'', NULL, 11)
INSERT [dbo].[item_campana] ([item_campana_id], [apellido_materno], [apellido_paterno], [correlativo], [correlativo_base], [detalle], [direccion], [distrito_id], [enviable], [idc], [nombres], [razon_social], [estado_item_campana_id], [campana_id]) VALUES (413, N'TOLEDO', N'CAMPOS', 0, 24, NULL, N'El Algarrobal', 1528, 0, N'12345631', N'CHRISTIAN', N'', NULL, 11)
INSERT [dbo].[item_campana] ([item_campana_id], [apellido_materno], [apellido_paterno], [correlativo], [correlativo_base], [detalle], [direccion], [distrito_id], [enviable], [idc], [nombres], [razon_social], [estado_item_campana_id], [campana_id]) VALUES (414, N'TELLO', N'MEDINA', 0, 18, NULL, N'Shamboyacu', 1779, 1, N'12345625', N'TELLO', N'', NULL, 11)
INSERT [dbo].[item_campana] ([item_campana_id], [apellido_materno], [apellido_paterno], [correlativo], [correlativo_base], [detalle], [direccion], [distrito_id], [enviable], [idc], [nombres], [razon_social], [estado_item_campana_id], [campana_id]) VALUES (415, N'TOLEDO', N'CAMPOS', 0, 35, NULL, N'Ate', 1277, 1, N'12345642', N'CHRISTIAN', N'', NULL, 11)
INSERT [dbo].[item_campana] ([item_campana_id], [apellido_materno], [apellido_paterno], [correlativo], [correlativo_base], [detalle], [direccion], [distrito_id], [enviable], [idc], [nombres], [razon_social], [estado_item_campana_id], [campana_id]) VALUES (416, N'RODRIGUEZ', N'SANTOS', 0, 40, NULL, N'Ilabaya', 1828, 1, N'12345645', N'RONALD', N'', NULL, 11)
INSERT [dbo].[item_campana] ([item_campana_id], [apellido_materno], [apellido_paterno], [correlativo], [correlativo_base], [detalle], [direccion], [distrito_id], [enviable], [idc], [nombres], [razon_social], [estado_item_campana_id], [campana_id]) VALUES (417, N'TELLO', N'MEDINA', 0, 19, NULL, N'Caspisapa', 1774, 1, N'12345626', N'TELLO', N'', NULL, 11)
INSERT [dbo].[item_campana] ([item_campana_id], [apellido_materno], [apellido_paterno], [correlativo], [correlativo_base], [detalle], [direccion], [distrito_id], [enviable], [idc], [nombres], [razon_social], [estado_item_campana_id], [campana_id]) VALUES (418, N'CARRASCO', N'ESPINOZA', 0, 14, NULL, N'Barranco', 1278, 0, N'12345621', N'TELLO', N'', NULL, 11)
INSERT [dbo].[item_campana] ([item_campana_id], [apellido_materno], [apellido_paterno], [correlativo], [correlativo_base], [detalle], [direccion], [distrito_id], [enviable], [idc], [nombres], [razon_social], [estado_item_campana_id], [campana_id]) VALUES (419, N'TELLO', N'MEDINA', 0, 17, NULL, N'Manantay', 1857, 1, N'12345624', N'TELLO', N'', NULL, 11)
INSERT [dbo].[item_campana] ([item_campana_id], [apellido_materno], [apellido_paterno], [correlativo], [correlativo_base], [detalle], [direccion], [distrito_id], [enviable], [idc], [nombres], [razon_social], [estado_item_campana_id], [campana_id]) VALUES (420, N'TELLO', N'MEDINA', 0, 36, NULL, N'Yarinacocha', 1855, 1, N'12345643', N'TELLO', N'', NULL, 11)
INSERT [dbo].[item_campana] ([item_campana_id], [apellido_materno], [apellido_paterno], [correlativo], [correlativo_base], [detalle], [direccion], [distrito_id], [enviable], [idc], [nombres], [razon_social], [estado_item_campana_id], [campana_id]) VALUES (421, N'RODRIGUEZ', N'SANTOS', 0, 20, NULL, N'Ilabaya', 1828, 0, N'12345627', N'RONALD', N'', NULL, 11)
INSERT [dbo].[item_campana] ([item_campana_id], [apellido_materno], [apellido_paterno], [correlativo], [correlativo_base], [detalle], [direccion], [distrito_id], [enviable], [idc], [nombres], [razon_social], [estado_item_campana_id], [campana_id]) VALUES (422, N'TELLO', N'MEDINA', 0, 39, NULL, N'Caspisapa', 1774, 1, N'12345646', N'TELLO', N'', NULL, 11)
INSERT [dbo].[item_campana] ([item_campana_id], [apellido_materno], [apellido_paterno], [correlativo], [correlativo_base], [detalle], [direccion], [distrito_id], [enviable], [idc], [nombres], [razon_social], [estado_item_campana_id], [campana_id]) VALUES (423, N'NAVA', N'FIGUEROA', 0, 8, NULL, N'Rímac', 1302, 0, N'12345615', N'MELISSA', N'', NULL, 11)
INSERT [dbo].[item_campana] ([item_campana_id], [apellido_materno], [apellido_paterno], [correlativo], [correlativo_base], [detalle], [direccion], [distrito_id], [enviable], [idc], [nombres], [razon_social], [estado_item_campana_id], [campana_id]) VALUES (424, N'RODRIGUEZ', N'SANTOS', 0, 26, NULL, N'Choros', 618, 1, N'12345633', N'RONALD', N'', NULL, 11)
INSERT [dbo].[item_campana] ([item_campana_id], [apellido_materno], [apellido_paterno], [correlativo], [correlativo_base], [detalle], [direccion], [distrito_id], [enviable], [idc], [nombres], [razon_social], [estado_item_campana_id], [campana_id]) VALUES (425, N'VILLEGAS', N'SANDOVAL', 0, 30, NULL, N'Lurin', 1293, 1, N'12345637', N'JUAN', N'', NULL, 11)
INSERT [dbo].[item_campana] ([item_campana_id], [apellido_materno], [apellido_paterno], [correlativo], [correlativo_base], [detalle], [direccion], [distrito_id], [enviable], [idc], [nombres], [razon_social], [estado_item_campana_id], [campana_id]) VALUES (426, N'RODRIGUEZ', N'SANTOS', 0, 22, NULL, N'Locumba', 1827, 1, N'12345629', N'RONALD', N'', NULL, 11)
INSERT [dbo].[item_campana] ([item_campana_id], [apellido_materno], [apellido_paterno], [correlativo], [correlativo_base], [detalle], [direccion], [distrito_id], [enviable], [idc], [nombres], [razon_social], [estado_item_campana_id], [campana_id]) VALUES (427, N'NAVA', N'FIGUEROA', 0, 28, NULL, N'Rímac', 1302, 1, N'12345635', N'MELISSA', N'', NULL, 11)
INSERT [dbo].[item_campana] ([item_campana_id], [apellido_materno], [apellido_paterno], [correlativo], [correlativo_base], [detalle], [direccion], [distrito_id], [enviable], [idc], [nombres], [razon_social], [estado_item_campana_id], [campana_id]) VALUES (428, N'CARRASCO', N'HEREDIA', 0, 27, NULL, N'Bagua', 22, 0, N'12345634', N'ORLANDO MARIO', N'', NULL, 11)
INSERT [dbo].[item_campana] ([item_campana_id], [apellido_materno], [apellido_paterno], [correlativo], [correlativo_base], [detalle], [direccion], [distrito_id], [enviable], [idc], [nombres], [razon_social], [estado_item_campana_id], [campana_id]) VALUES (429, N'TELLO', N'MEDINA', 0, 16, NULL, N'Yarinacocha', 1855, 0, N'12345623', N'TELLO', N'', NULL, 11)
INSERT [dbo].[item_campana] ([item_campana_id], [apellido_materno], [apellido_paterno], [correlativo], [correlativo_base], [detalle], [direccion], [distrito_id], [enviable], [idc], [nombres], [razon_social], [estado_item_campana_id], [campana_id]) VALUES (430, N'RODRIGUEZ', N'SANTOS', 0, 2, NULL, N'Locumba', 1827, 1, N'12345609', N'RONALD', N'', NULL, 11)
INSERT [dbo].[item_campana] ([item_campana_id], [apellido_materno], [apellido_paterno], [correlativo], [correlativo_base], [detalle], [direccion], [distrito_id], [enviable], [idc], [nombres], [razon_social], [estado_item_campana_id], [campana_id]) VALUES (431, N'RODRIGUEZ', N'SANTOS', 0, 6, NULL, N'Choros', 618, 1, N'12345613', N'RONALD', N'', NULL, 11)
INSERT [dbo].[item_campana] ([item_campana_id], [apellido_materno], [apellido_paterno], [correlativo], [correlativo_base], [detalle], [direccion], [distrito_id], [enviable], [idc], [nombres], [razon_social], [estado_item_campana_id], [campana_id]) VALUES (432, N'CHAVEZ', N'BALTAZAR', 0, 13, NULL, N'Chorrillos', 1282, 1, N'12345620', N'CESAR', N'', NULL, 11)
INSERT [dbo].[item_campana] ([item_campana_id], [apellido_materno], [apellido_paterno], [correlativo], [correlativo_base], [detalle], [direccion], [distrito_id], [enviable], [idc], [nombres], [razon_social], [estado_item_campana_id], [campana_id]) VALUES (433, N'SAAVEDRA', N'SANTOS', 0, 11, NULL, N'LIMA', 1275, 1, N'12345618', N'LEIDY', N'', NULL, 11)
INSERT [dbo].[item_campana] ([item_campana_id], [apellido_materno], [apellido_paterno], [correlativo], [correlativo_base], [detalle], [direccion], [distrito_id], [enviable], [idc], [nombres], [razon_social], [estado_item_campana_id], [campana_id]) VALUES (434, N'CARRASCO', N'HEREDIA', 0, 7, NULL, N'Bagua', 22, 1, N'12345614', N'ORLANDO MARIO', N'', NULL, 11)
INSERT [dbo].[item_campana] ([item_campana_id], [apellido_materno], [apellido_paterno], [correlativo], [correlativo_base], [detalle], [direccion], [distrito_id], [enviable], [idc], [nombres], [razon_social], [estado_item_campana_id], [campana_id]) VALUES (435, N'TELLO', N'MEDINA', 0, 12, NULL, N'El Agustino', 1285, 1, N'12345619', N'TELLO', N'', NULL, 11)
INSERT [dbo].[item_campana] ([item_campana_id], [apellido_materno], [apellido_paterno], [correlativo], [correlativo_base], [detalle], [direccion], [distrito_id], [enviable], [idc], [nombres], [razon_social], [estado_item_campana_id], [campana_id]) VALUES (436, N'TELLO', N'MEDINA', 0, 32, NULL, N'El Agustino', 1285, 1, N'12345639', N'TELLO', N'', NULL, 11)
INSERT [dbo].[item_campana] ([item_campana_id], [apellido_materno], [apellido_paterno], [correlativo], [correlativo_base], [detalle], [direccion], [distrito_id], [enviable], [idc], [nombres], [razon_social], [estado_item_campana_id], [campana_id]) VALUES (437, N'TOLEDO', N'CAMPOS', 0, 4, NULL, N'El Algarrobal', 1528, 0, N'12345611', N'CHRISTIAN', N'', NULL, 11)
INSERT [dbo].[item_campana] ([item_campana_id], [apellido_materno], [apellido_paterno], [correlativo], [correlativo_base], [detalle], [direccion], [distrito_id], [enviable], [idc], [nombres], [razon_social], [estado_item_campana_id], [campana_id]) VALUES (438, N'SAAVEDRA', N'SANTOS', 0, 31, NULL, N'LIMA', 1275, 1, N'12345638', N'LEIDY', N'', NULL, 11)
INSERT [dbo].[item_campana] ([item_campana_id], [apellido_materno], [apellido_paterno], [correlativo], [correlativo_base], [detalle], [direccion], [distrito_id], [enviable], [idc], [nombres], [razon_social], [estado_item_campana_id], [campana_id]) VALUES (439, N'ISIDRO', N'PEREZ', 0, 29, NULL, N'Puente Piedra', 1299, 1, N'12345636', N'EUGENIA', N'', NULL, 11)
INSERT [dbo].[item_campana] ([item_campana_id], [apellido_materno], [apellido_paterno], [correlativo], [correlativo_base], [detalle], [direccion], [distrito_id], [enviable], [idc], [nombres], [razon_social], [estado_item_campana_id], [campana_id]) VALUES (440, N'TELLO', N'MEDINA', 0, 21, NULL, N'Curimana', 1864, 1, N'12345628', N'TELLO', N'', NULL, 11)
INSERT [dbo].[item_campana] ([item_campana_id], [apellido_materno], [apellido_paterno], [correlativo], [correlativo_base], [detalle], [direccion], [distrito_id], [enviable], [idc], [nombres], [razon_social], [estado_item_campana_id], [campana_id]) VALUES (441, N'VILLEGAS', N'SANDOVAL', 0, 25, NULL, N'Llipata', 1018, 1, N'12345632', N'JUAN', N'', NULL, 12)
INSERT [dbo].[item_campana] ([item_campana_id], [apellido_materno], [apellido_paterno], [correlativo], [correlativo_base], [detalle], [direccion], [distrito_id], [enviable], [idc], [nombres], [razon_social], [estado_item_campana_id], [campana_id]) VALUES (442, N'TOLEDO', N'CAMPOS', 0, 15, NULL, N'Ate', 1277, 1, N'12345622', N'CHRISTIAN', N'', NULL, 12)
INSERT [dbo].[item_campana] ([item_campana_id], [apellido_materno], [apellido_paterno], [correlativo], [correlativo_base], [detalle], [direccion], [distrito_id], [enviable], [idc], [nombres], [razon_social], [estado_item_campana_id], [campana_id]) VALUES (443, N'TOLEDO', N'CAMPOS', 0, 4, NULL, N'El Algarrobal', 1528, 1, N'12345611', N'CHRISTIAN', N'', NULL, 12)
INSERT [dbo].[item_campana] ([item_campana_id], [apellido_materno], [apellido_paterno], [correlativo], [correlativo_base], [detalle], [direccion], [distrito_id], [enviable], [idc], [nombres], [razon_social], [estado_item_campana_id], [campana_id]) VALUES (444, N'TELLO', N'MEDINA', 0, 12, NULL, N'El Agustino', 1285, 0, N'12345619', N'TELLO', N'', NULL, 12)
INSERT [dbo].[item_campana] ([item_campana_id], [apellido_materno], [apellido_paterno], [correlativo], [correlativo_base], [detalle], [direccion], [distrito_id], [enviable], [idc], [nombres], [razon_social], [estado_item_campana_id], [campana_id]) VALUES (445, N'ISIDRO', N'PEREZ', 0, 9, NULL, N'Puente Piedra', 1299, 0, N'12345616', N'EUGENIA', N'', NULL, 12)
INSERT [dbo].[item_campana] ([item_campana_id], [apellido_materno], [apellido_paterno], [correlativo], [correlativo_base], [detalle], [direccion], [distrito_id], [enviable], [idc], [nombres], [razon_social], [estado_item_campana_id], [campana_id]) VALUES (446, N'CHAVEZ', N'BALTAZAR', 0, 13, NULL, N'Chorrillos', 1282, 1, N'12345620', N'CESAR', N'', NULL, 12)
INSERT [dbo].[item_campana] ([item_campana_id], [apellido_materno], [apellido_paterno], [correlativo], [correlativo_base], [detalle], [direccion], [distrito_id], [enviable], [idc], [nombres], [razon_social], [estado_item_campana_id], [campana_id]) VALUES (447, N'CARRASCO', N'HEREDIA', 0, 27, NULL, N'Bagua', 22, 1, N'12345634', N'ORLANDO MARIO', N'', NULL, 12)
INSERT [dbo].[item_campana] ([item_campana_id], [apellido_materno], [apellido_paterno], [correlativo], [correlativo_base], [detalle], [direccion], [distrito_id], [enviable], [idc], [nombres], [razon_social], [estado_item_campana_id], [campana_id]) VALUES (448, N'TELLO', N'MEDINA', 0, 18, NULL, N'Shamboyacu', 1779, 1, N'12345625', N'TELLO', N'', NULL, 12)
INSERT [dbo].[item_campana] ([item_campana_id], [apellido_materno], [apellido_paterno], [correlativo], [correlativo_base], [detalle], [direccion], [distrito_id], [enviable], [idc], [nombres], [razon_social], [estado_item_campana_id], [campana_id]) VALUES (449, N'TOLEDO', N'CAMPOS', 0, 24, NULL, N'El Algarrobal', 1528, 1, N'12345631', N'CHRISTIAN', N'', NULL, 12)
INSERT [dbo].[item_campana] ([item_campana_id], [apellido_materno], [apellido_paterno], [correlativo], [correlativo_base], [detalle], [direccion], [distrito_id], [enviable], [idc], [nombres], [razon_social], [estado_item_campana_id], [campana_id]) VALUES (450, N'VILLEGAS', N'SANDOVAL', 0, 10, NULL, N'Lurin', 1293, 1, N'12345617', N'JUAN', N'', NULL, 12)
INSERT [dbo].[item_campana] ([item_campana_id], [apellido_materno], [apellido_paterno], [correlativo], [correlativo_base], [detalle], [direccion], [distrito_id], [enviable], [idc], [nombres], [razon_social], [estado_item_campana_id], [campana_id]) VALUES (451, N'RODRIGUEZ', N'SANTOS', 0, 40, NULL, N'Ilabaya', 1828, 1, N'12345645', N'RONALD', N'', NULL, 12)
INSERT [dbo].[item_campana] ([item_campana_id], [apellido_materno], [apellido_paterno], [correlativo], [correlativo_base], [detalle], [direccion], [distrito_id], [enviable], [idc], [nombres], [razon_social], [estado_item_campana_id], [campana_id]) VALUES (452, N'NAVA', N'FIGUEROA', 0, 8, NULL, N'Rímac', 1302, 1, N'12345615', N'MELISSA', N'', NULL, 12)
INSERT [dbo].[item_campana] ([item_campana_id], [apellido_materno], [apellido_paterno], [correlativo], [correlativo_base], [detalle], [direccion], [distrito_id], [enviable], [idc], [nombres], [razon_social], [estado_item_campana_id], [campana_id]) VALUES (453, N'CARRASCO', N'HEREDIA', 0, 7, NULL, N'Bagua', 22, 1, N'12345614', N'ORLANDO MARIO', N'', NULL, 12)
INSERT [dbo].[item_campana] ([item_campana_id], [apellido_materno], [apellido_paterno], [correlativo], [correlativo_base], [detalle], [direccion], [distrito_id], [enviable], [idc], [nombres], [razon_social], [estado_item_campana_id], [campana_id]) VALUES (454, N'TOLEDO', N'CAMPOS', 0, 35, NULL, N'Ate', 1277, 1, N'12345642', N'CHRISTIAN', N'', NULL, 12)
INSERT [dbo].[item_campana] ([item_campana_id], [apellido_materno], [apellido_paterno], [correlativo], [correlativo_base], [detalle], [direccion], [distrito_id], [enviable], [idc], [nombres], [razon_social], [estado_item_campana_id], [campana_id]) VALUES (455, N'TELLO', N'MEDINA', 0, 36, NULL, N'Yarinacocha', 1855, 1, N'12345643', N'TELLO', N'', NULL, 12)
INSERT [dbo].[item_campana] ([item_campana_id], [apellido_materno], [apellido_paterno], [correlativo], [correlativo_base], [detalle], [direccion], [distrito_id], [enviable], [idc], [nombres], [razon_social], [estado_item_campana_id], [campana_id]) VALUES (456, N'NAVA', N'FIGUEROA', 0, 28, NULL, N'Rímac', 1302, 0, N'12345635', N'MELISSA', N'', NULL, 12)
INSERT [dbo].[item_campana] ([item_campana_id], [apellido_materno], [apellido_paterno], [correlativo], [correlativo_base], [detalle], [direccion], [distrito_id], [enviable], [idc], [nombres], [razon_social], [estado_item_campana_id], [campana_id]) VALUES (457, N'TELLO', N'MEDINA', 0, 21, NULL, N'Curimana', 1864, 0, N'12345628', N'TELLO', N'', NULL, 12)
INSERT [dbo].[item_campana] ([item_campana_id], [apellido_materno], [apellido_paterno], [correlativo], [correlativo_base], [detalle], [direccion], [distrito_id], [enviable], [idc], [nombres], [razon_social], [estado_item_campana_id], [campana_id]) VALUES (458, N'RODRIGUEZ', N'SANTOS', 0, 26, NULL, N'Choros', 618, 1, N'12345633', N'RONALD', N'', NULL, 12)
INSERT [dbo].[item_campana] ([item_campana_id], [apellido_materno], [apellido_paterno], [correlativo], [correlativo_base], [detalle], [direccion], [distrito_id], [enviable], [idc], [nombres], [razon_social], [estado_item_campana_id], [campana_id]) VALUES (459, N'TELLO', N'MEDINA', 0, 23, NULL, N'Shatoja', 1749, 1, N'12345630', N'TELLO', N'', NULL, 12)
INSERT [dbo].[item_campana] ([item_campana_id], [apellido_materno], [apellido_paterno], [correlativo], [correlativo_base], [detalle], [direccion], [distrito_id], [enviable], [idc], [nombres], [razon_social], [estado_item_campana_id], [campana_id]) VALUES (460, N'TELLO', N'MEDINA', 0, 37, NULL, N'Manantay', 1857, 1, N'12345644', N'TELLO', N'', NULL, 12)
INSERT [dbo].[item_campana] ([item_campana_id], [apellido_materno], [apellido_paterno], [correlativo], [correlativo_base], [detalle], [direccion], [distrito_id], [enviable], [idc], [nombres], [razon_social], [estado_item_campana_id], [campana_id]) VALUES (461, N'TELLO', N'MEDINA', 0, 38, NULL, N'Shamboyacu', 1779, 1, N'12345645', N'TELLO', N'', NULL, 12)
INSERT [dbo].[item_campana] ([item_campana_id], [apellido_materno], [apellido_paterno], [correlativo], [correlativo_base], [detalle], [direccion], [distrito_id], [enviable], [idc], [nombres], [razon_social], [estado_item_campana_id], [campana_id]) VALUES (462, N'TELLO', N'MEDINA', 0, 17, NULL, N'Manantay', 1857, 0, N'12345624', N'TELLO', N'', NULL, 12)
INSERT [dbo].[item_campana] ([item_campana_id], [apellido_materno], [apellido_paterno], [correlativo], [correlativo_base], [detalle], [direccion], [distrito_id], [enviable], [idc], [nombres], [razon_social], [estado_item_campana_id], [campana_id]) VALUES (463, N'CARRASCO', N'ESPINOZA', 0, 34, NULL, N'Barranco', 1278, 0, N'12345641', N'TELLO', N'', NULL, 12)
INSERT [dbo].[item_campana] ([item_campana_id], [apellido_materno], [apellido_paterno], [correlativo], [correlativo_base], [detalle], [direccion], [distrito_id], [enviable], [idc], [nombres], [razon_social], [estado_item_campana_id], [campana_id]) VALUES (464, N'TELLO', N'MEDINA', 0, 3, NULL, N'Shatoja', 1749, 0, N'12345610', N'TELLO', N'', NULL, 12)
INSERT [dbo].[item_campana] ([item_campana_id], [apellido_materno], [apellido_paterno], [correlativo], [correlativo_base], [detalle], [direccion], [distrito_id], [enviable], [idc], [nombres], [razon_social], [estado_item_campana_id], [campana_id]) VALUES (465, N'SAAVEDRA', N'SANTOS', 0, 11, NULL, N'LIMA', 1275, 1, N'12345618', N'LEIDY', N'', NULL, 12)
INSERT [dbo].[item_campana] ([item_campana_id], [apellido_materno], [apellido_paterno], [correlativo], [correlativo_base], [detalle], [direccion], [distrito_id], [enviable], [idc], [nombres], [razon_social], [estado_item_campana_id], [campana_id]) VALUES (466, N'RODRIGUEZ', N'SANTOS', 0, 22, NULL, N'Locumba', 1827, 1, N'12345629', N'RONALD', N'', NULL, 12)
INSERT [dbo].[item_campana] ([item_campana_id], [apellido_materno], [apellido_paterno], [correlativo], [correlativo_base], [detalle], [direccion], [distrito_id], [enviable], [idc], [nombres], [razon_social], [estado_item_campana_id], [campana_id]) VALUES (467, N'VILLEGAS', N'SANDOVAL', 0, 5, NULL, N'Llipata', 1018, 0, N'12345612', N'JUAN', N'', NULL, 12)
INSERT [dbo].[item_campana] ([item_campana_id], [apellido_materno], [apellido_paterno], [correlativo], [correlativo_base], [detalle], [direccion], [distrito_id], [enviable], [idc], [nombres], [razon_social], [estado_item_campana_id], [campana_id]) VALUES (468, N'RODRIGUEZ', N'SANTOS', 0, 2, NULL, N'Locumba', 1827, 1, N'12345609', N'RONALD', N'', NULL, 12)
INSERT [dbo].[item_campana] ([item_campana_id], [apellido_materno], [apellido_paterno], [correlativo], [correlativo_base], [detalle], [direccion], [distrito_id], [enviable], [idc], [nombres], [razon_social], [estado_item_campana_id], [campana_id]) VALUES (469, N'TELLO', N'MEDINA', 0, 16, NULL, N'Yarinacocha', 1855, 1, N'12345623', N'TELLO', N'', NULL, 12)
INSERT [dbo].[item_campana] ([item_campana_id], [apellido_materno], [apellido_paterno], [correlativo], [correlativo_base], [detalle], [direccion], [distrito_id], [enviable], [idc], [nombres], [razon_social], [estado_item_campana_id], [campana_id]) VALUES (470, N'CARRASCO', N'ESPINOZA', 0, 14, NULL, N'Barranco', 1278, 1, N'12345621', N'TELLO', N'', NULL, 12)
INSERT [dbo].[item_campana] ([item_campana_id], [apellido_materno], [apellido_paterno], [correlativo], [correlativo_base], [detalle], [direccion], [distrito_id], [enviable], [idc], [nombres], [razon_social], [estado_item_campana_id], [campana_id]) VALUES (471, N'VILLEGAS', N'SANDOVAL', 0, 30, NULL, N'Lurin', 1293, 1, N'12345637', N'JUAN', N'', NULL, 12)
INSERT [dbo].[item_campana] ([item_campana_id], [apellido_materno], [apellido_paterno], [correlativo], [correlativo_base], [detalle], [direccion], [distrito_id], [enviable], [idc], [nombres], [razon_social], [estado_item_campana_id], [campana_id]) VALUES (472, N'RODRIGUEZ', N'SANTOS', 0, 6, NULL, N'Choros', 618, 1, N'12345613', N'RONALD', N'', NULL, 12)
INSERT [dbo].[item_campana] ([item_campana_id], [apellido_materno], [apellido_paterno], [correlativo], [correlativo_base], [detalle], [direccion], [distrito_id], [enviable], [idc], [nombres], [razon_social], [estado_item_campana_id], [campana_id]) VALUES (473, N'RODRIGUEZ', N'SANTOS', 0, 20, NULL, N'Ilabaya', 1828, 1, N'12345627', N'RONALD', N'', NULL, 12)
INSERT [dbo].[item_campana] ([item_campana_id], [apellido_materno], [apellido_paterno], [correlativo], [correlativo_base], [detalle], [direccion], [distrito_id], [enviable], [idc], [nombres], [razon_social], [estado_item_campana_id], [campana_id]) VALUES (474, N'TELLO', N'MEDINA', 0, 1, NULL, N'Curimana', 1864, 1, N'12345608', N'TELLO', N'', NULL, 12)
INSERT [dbo].[item_campana] ([item_campana_id], [apellido_materno], [apellido_paterno], [correlativo], [correlativo_base], [detalle], [direccion], [distrito_id], [enviable], [idc], [nombres], [razon_social], [estado_item_campana_id], [campana_id]) VALUES (475, N'CHAVEZ', N'BALTAZAR', 0, 33, NULL, N'Chorrillos', 1282, 1, N'12345640', N'CESAR', N'', NULL, 12)
INSERT [dbo].[item_campana] ([item_campana_id], [apellido_materno], [apellido_paterno], [correlativo], [correlativo_base], [detalle], [direccion], [distrito_id], [enviable], [idc], [nombres], [razon_social], [estado_item_campana_id], [campana_id]) VALUES (476, N'TELLO', N'MEDINA', 0, 32, NULL, N'El Agustino', 1285, 0, N'12345639', N'TELLO', N'', NULL, 12)
INSERT [dbo].[item_campana] ([item_campana_id], [apellido_materno], [apellido_paterno], [correlativo], [correlativo_base], [detalle], [direccion], [distrito_id], [enviable], [idc], [nombres], [razon_social], [estado_item_campana_id], [campana_id]) VALUES (477, N'ISIDRO', N'PEREZ', 0, 29, NULL, N'Puente Piedra', 1299, 1, N'12345636', N'EUGENIA', N'', NULL, 12)
INSERT [dbo].[item_campana] ([item_campana_id], [apellido_materno], [apellido_paterno], [correlativo], [correlativo_base], [detalle], [direccion], [distrito_id], [enviable], [idc], [nombres], [razon_social], [estado_item_campana_id], [campana_id]) VALUES (478, N'TELLO', N'MEDINA', 0, 19, NULL, N'Caspisapa', 1774, 1, N'12345626', N'TELLO', N'', NULL, 12)
INSERT [dbo].[item_campana] ([item_campana_id], [apellido_materno], [apellido_paterno], [correlativo], [correlativo_base], [detalle], [direccion], [distrito_id], [enviable], [idc], [nombres], [razon_social], [estado_item_campana_id], [campana_id]) VALUES (479, N'TELLO', N'MEDINA', 0, 39, NULL, N'Caspisapa', 1774, 1, N'12345646', N'TELLO', N'', NULL, 12)
INSERT [dbo].[item_campana] ([item_campana_id], [apellido_materno], [apellido_paterno], [correlativo], [correlativo_base], [detalle], [direccion], [distrito_id], [enviable], [idc], [nombres], [razon_social], [estado_item_campana_id], [campana_id]) VALUES (480, N'SAAVEDRA', N'SANTOS', 0, 31, NULL, N'LIMA', 1275, 1, N'12345638', N'LEIDY', N'', NULL, 12)
INSERT [dbo].[item_campana] ([item_campana_id], [apellido_materno], [apellido_paterno], [correlativo], [correlativo_base], [detalle], [direccion], [distrito_id], [enviable], [idc], [nombres], [razon_social], [estado_item_campana_id], [campana_id]) VALUES (481, N'CARRASCO', N'ESPINOZA', 0, 14, NULL, N'Barranco', 1278, 0, N'12345621', N'TELLO', N'', NULL, 13)
INSERT [dbo].[item_campana] ([item_campana_id], [apellido_materno], [apellido_paterno], [correlativo], [correlativo_base], [detalle], [direccion], [distrito_id], [enviable], [idc], [nombres], [razon_social], [estado_item_campana_id], [campana_id]) VALUES (482, N'RODRIGUEZ', N'SANTOS', 0, 40, NULL, N'Ilabaya', 1828, 0, N'12345645', N'RONALD', N'', NULL, 13)
INSERT [dbo].[item_campana] ([item_campana_id], [apellido_materno], [apellido_paterno], [correlativo], [correlativo_base], [detalle], [direccion], [distrito_id], [enviable], [idc], [nombres], [razon_social], [estado_item_campana_id], [campana_id]) VALUES (483, N'TELLO', N'MEDINA', 0, 39, NULL, N'Caspisapa', 1774, 0, N'12345646', N'TELLO', N'', NULL, 13)
INSERT [dbo].[item_campana] ([item_campana_id], [apellido_materno], [apellido_paterno], [correlativo], [correlativo_base], [detalle], [direccion], [distrito_id], [enviable], [idc], [nombres], [razon_social], [estado_item_campana_id], [campana_id]) VALUES (484, N'ISIDRO', N'PEREZ', 0, 29, NULL, N'Puente Piedra', 1299, 0, N'12345636', N'EUGENIA', N'', NULL, 13)
INSERT [dbo].[item_campana] ([item_campana_id], [apellido_materno], [apellido_paterno], [correlativo], [correlativo_base], [detalle], [direccion], [distrito_id], [enviable], [idc], [nombres], [razon_social], [estado_item_campana_id], [campana_id]) VALUES (485, N'RODRIGUEZ', N'SANTOS', 0, 2, NULL, N'Locumba', 1827, 0, N'12345609', N'RONALD', N'', NULL, 13)
INSERT [dbo].[item_campana] ([item_campana_id], [apellido_materno], [apellido_paterno], [correlativo], [correlativo_base], [detalle], [direccion], [distrito_id], [enviable], [idc], [nombres], [razon_social], [estado_item_campana_id], [campana_id]) VALUES (486, N'RODRIGUEZ', N'SANTOS', 0, 22, NULL, N'Locumba', 1827, 0, N'12345629', N'RONALD', N'', NULL, 13)
INSERT [dbo].[item_campana] ([item_campana_id], [apellido_materno], [apellido_paterno], [correlativo], [correlativo_base], [detalle], [direccion], [distrito_id], [enviable], [idc], [nombres], [razon_social], [estado_item_campana_id], [campana_id]) VALUES (487, N'VILLEGAS', N'SANDOVAL', 0, 25, NULL, N'Llipata', 1018, 0, N'12345632', N'JUAN', N'', NULL, 13)
INSERT [dbo].[item_campana] ([item_campana_id], [apellido_materno], [apellido_paterno], [correlativo], [correlativo_base], [detalle], [direccion], [distrito_id], [enviable], [idc], [nombres], [razon_social], [estado_item_campana_id], [campana_id]) VALUES (488, N'TELLO', N'MEDINA', 0, 36, NULL, N'Yarinacocha', 1855, 0, N'12345643', N'TELLO', N'', NULL, 13)
INSERT [dbo].[item_campana] ([item_campana_id], [apellido_materno], [apellido_paterno], [correlativo], [correlativo_base], [detalle], [direccion], [distrito_id], [enviable], [idc], [nombres], [razon_social], [estado_item_campana_id], [campana_id]) VALUES (489, N'TELLO', N'MEDINA', 0, 16, NULL, N'Yarinacocha', 1855, 0, N'12345623', N'TELLO', N'', NULL, 13)
INSERT [dbo].[item_campana] ([item_campana_id], [apellido_materno], [apellido_paterno], [correlativo], [correlativo_base], [detalle], [direccion], [distrito_id], [enviable], [idc], [nombres], [razon_social], [estado_item_campana_id], [campana_id]) VALUES (490, N'TELLO', N'MEDINA', 0, 1, NULL, N'Curimana', 1864, 0, N'12345608', N'TELLO', N'', NULL, 13)
INSERT [dbo].[item_campana] ([item_campana_id], [apellido_materno], [apellido_paterno], [correlativo], [correlativo_base], [detalle], [direccion], [distrito_id], [enviable], [idc], [nombres], [razon_social], [estado_item_campana_id], [campana_id]) VALUES (491, N'RODRIGUEZ', N'SANTOS', 0, 26, NULL, N'Choros', 618, 0, N'12345633', N'RONALD', N'', NULL, 13)
INSERT [dbo].[item_campana] ([item_campana_id], [apellido_materno], [apellido_paterno], [correlativo], [correlativo_base], [detalle], [direccion], [distrito_id], [enviable], [idc], [nombres], [razon_social], [estado_item_campana_id], [campana_id]) VALUES (492, N'NAVA', N'FIGUEROA', 0, 8, NULL, N'Rímac', 1302, 0, N'12345615', N'MELISSA', N'', NULL, 13)
INSERT [dbo].[item_campana] ([item_campana_id], [apellido_materno], [apellido_paterno], [correlativo], [correlativo_base], [detalle], [direccion], [distrito_id], [enviable], [idc], [nombres], [razon_social], [estado_item_campana_id], [campana_id]) VALUES (493, N'TOLEDO', N'CAMPOS', 0, 15, NULL, N'Ate', 1277, 0, N'12345622', N'CHRISTIAN', N'', NULL, 13)
INSERT [dbo].[item_campana] ([item_campana_id], [apellido_materno], [apellido_paterno], [correlativo], [correlativo_base], [detalle], [direccion], [distrito_id], [enviable], [idc], [nombres], [razon_social], [estado_item_campana_id], [campana_id]) VALUES (494, N'TELLO', N'MEDINA', 0, 37, NULL, N'Manantay', 1857, 0, N'12345644', N'TELLO', N'', NULL, 13)
INSERT [dbo].[item_campana] ([item_campana_id], [apellido_materno], [apellido_paterno], [correlativo], [correlativo_base], [detalle], [direccion], [distrito_id], [enviable], [idc], [nombres], [razon_social], [estado_item_campana_id], [campana_id]) VALUES (495, N'VILLEGAS', N'SANDOVAL', 0, 10, NULL, N'Lurin', 1293, 0, N'12345617', N'JUAN', N'', NULL, 13)
INSERT [dbo].[item_campana] ([item_campana_id], [apellido_materno], [apellido_paterno], [correlativo], [correlativo_base], [detalle], [direccion], [distrito_id], [enviable], [idc], [nombres], [razon_social], [estado_item_campana_id], [campana_id]) VALUES (496, N'TELLO', N'MEDINA', 0, 18, NULL, N'Shamboyacu', 1779, 0, N'12345625', N'TELLO', N'', NULL, 13)
INSERT [dbo].[item_campana] ([item_campana_id], [apellido_materno], [apellido_paterno], [correlativo], [correlativo_base], [detalle], [direccion], [distrito_id], [enviable], [idc], [nombres], [razon_social], [estado_item_campana_id], [campana_id]) VALUES (497, N'CHAVEZ', N'BALTAZAR', 0, 13, NULL, N'Chorrillos', 1282, 0, N'12345620', N'CESAR', N'', NULL, 13)
INSERT [dbo].[item_campana] ([item_campana_id], [apellido_materno], [apellido_paterno], [correlativo], [correlativo_base], [detalle], [direccion], [distrito_id], [enviable], [idc], [nombres], [razon_social], [estado_item_campana_id], [campana_id]) VALUES (498, N'NAVA', N'FIGUEROA', 0, 28, NULL, N'Rímac', 1302, 0, N'12345635', N'MELISSA', N'', NULL, 13)
INSERT [dbo].[item_campana] ([item_campana_id], [apellido_materno], [apellido_paterno], [correlativo], [correlativo_base], [detalle], [direccion], [distrito_id], [enviable], [idc], [nombres], [razon_social], [estado_item_campana_id], [campana_id]) VALUES (499, N'TELLO', N'MEDINA', 0, 23, NULL, N'Shatoja', 1749, 0, N'12345630', N'TELLO', N'', NULL, 13)

INSERT [dbo].[item_campana] ([item_campana_id], [apellido_materno], [apellido_paterno], [correlativo], [correlativo_base], [detalle], [direccion], [distrito_id], [enviable], [idc], [nombres], [razon_social], [estado_item_campana_id], [campana_id]) VALUES (500, N'ISIDRO', N'PEREZ', 0, 9, NULL, N'Puente Piedra', 1299, 0, N'12345616', N'EUGENIA', N'', NULL, 13)
INSERT [dbo].[item_campana] ([item_campana_id], [apellido_materno], [apellido_paterno], [correlativo], [correlativo_base], [detalle], [direccion], [distrito_id], [enviable], [idc], [nombres], [razon_social], [estado_item_campana_id], [campana_id]) VALUES (501, N'CARRASCO', N'HEREDIA', 0, 27, NULL, N'Bagua', 22, 0, N'12345634', N'ORLANDO MARIO', N'', NULL, 13)
INSERT [dbo].[item_campana] ([item_campana_id], [apellido_materno], [apellido_paterno], [correlativo], [correlativo_base], [detalle], [direccion], [distrito_id], [enviable], [idc], [nombres], [razon_social], [estado_item_campana_id], [campana_id]) VALUES (502, N'TELLO', N'MEDINA', 0, 38, NULL, N'Shamboyacu', 1779, 0, N'12345645', N'TELLO', N'', NULL, 13)
INSERT [dbo].[item_campana] ([item_campana_id], [apellido_materno], [apellido_paterno], [correlativo], [correlativo_base], [detalle], [direccion], [distrito_id], [enviable], [idc], [nombres], [razon_social], [estado_item_campana_id], [campana_id]) VALUES (503, N'CARRASCO', N'HEREDIA', 0, 7, NULL, N'Bagua', 22, 0, N'12345614', N'ORLANDO MARIO', N'', NULL, 13)
INSERT [dbo].[item_campana] ([item_campana_id], [apellido_materno], [apellido_paterno], [correlativo], [correlativo_base], [detalle], [direccion], [distrito_id], [enviable], [idc], [nombres], [razon_social], [estado_item_campana_id], [campana_id]) VALUES (504, N'TELLO', N'MEDINA', 0, 19, NULL, N'Caspisapa', 1774, 0, N'12345626', N'TELLO', N'', NULL, 13)
INSERT [dbo].[item_campana] ([item_campana_id], [apellido_materno], [apellido_paterno], [correlativo], [correlativo_base], [detalle], [direccion], [distrito_id], [enviable], [idc], [nombres], [razon_social], [estado_item_campana_id], [campana_id]) VALUES (505, N'RODRIGUEZ', N'SANTOS', 0, 20, NULL, N'Ilabaya', 1828, 0, N'12345627', N'RONALD', N'', NULL, 13)
INSERT [dbo].[item_campana] ([item_campana_id], [apellido_materno], [apellido_paterno], [correlativo], [correlativo_base], [detalle], [direccion], [distrito_id], [enviable], [idc], [nombres], [razon_social], [estado_item_campana_id], [campana_id]) VALUES (506, N'TOLEDO', N'CAMPOS', 0, 4, NULL, N'El Algarrobal', 1528, 0, N'12345611', N'CHRISTIAN', N'', NULL, 13)
INSERT [dbo].[item_campana] ([item_campana_id], [apellido_materno], [apellido_paterno], [correlativo], [correlativo_base], [detalle], [direccion], [distrito_id], [enviable], [idc], [nombres], [razon_social], [estado_item_campana_id], [campana_id]) VALUES (507, N'VILLEGAS', N'SANDOVAL', 0, 30, NULL, N'Lurin', 1293, 0, N'12345637', N'JUAN', N'', NULL, 13)
INSERT [dbo].[item_campana] ([item_campana_id], [apellido_materno], [apellido_paterno], [correlativo], [correlativo_base], [detalle], [direccion], [distrito_id], [enviable], [idc], [nombres], [razon_social], [estado_item_campana_id], [campana_id]) VALUES (508, N'TELLO', N'MEDINA', 0, 21, NULL, N'Curimana', 1864, 0, N'12345628', N'TELLO', N'', NULL, 13)
INSERT [dbo].[item_campana] ([item_campana_id], [apellido_materno], [apellido_paterno], [correlativo], [correlativo_base], [detalle], [direccion], [distrito_id], [enviable], [idc], [nombres], [razon_social], [estado_item_campana_id], [campana_id]) VALUES (509, N'CARRASCO', N'ESPINOZA', 0, 34, NULL, N'Barranco', 1278, 0, N'12345641', N'TELLO', N'', NULL, 13)
INSERT [dbo].[item_campana] ([item_campana_id], [apellido_materno], [apellido_paterno], [correlativo], [correlativo_base], [detalle], [direccion], [distrito_id], [enviable], [idc], [nombres], [razon_social], [estado_item_campana_id], [campana_id]) VALUES (510, N'SAAVEDRA', N'SANTOS', 0, 11, NULL, N'LIMA', 1275, 0, N'12345618', N'LEIDY', N'', NULL, 13)
INSERT [dbo].[item_campana] ([item_campana_id], [apellido_materno], [apellido_paterno], [correlativo], [correlativo_base], [detalle], [direccion], [distrito_id], [enviable], [idc], [nombres], [razon_social], [estado_item_campana_id], [campana_id]) VALUES (511, N'TELLO', N'MEDINA', 0, 32, NULL, N'El Agustino', 1285, 0, N'12345639', N'TELLO', N'', NULL, 13)
INSERT [dbo].[item_campana] ([item_campana_id], [apellido_materno], [apellido_paterno], [correlativo], [correlativo_base], [detalle], [direccion], [distrito_id], [enviable], [idc], [nombres], [razon_social], [estado_item_campana_id], [campana_id]) VALUES (512, N'TOLEDO', N'CAMPOS', 0, 24, NULL, N'El Algarrobal', 1528, 0, N'12345631', N'CHRISTIAN', N'', NULL, 13)
INSERT [dbo].[item_campana] ([item_campana_id], [apellido_materno], [apellido_paterno], [correlativo], [correlativo_base], [detalle], [direccion], [distrito_id], [enviable], [idc], [nombres], [razon_social], [estado_item_campana_id], [campana_id]) VALUES (513, N'SAAVEDRA', N'SANTOS', 0, 31, NULL, N'LIMA', 1275, 0, N'12345638', N'LEIDY', N'', NULL, 13)
INSERT [dbo].[item_campana] ([item_campana_id], [apellido_materno], [apellido_paterno], [correlativo], [correlativo_base], [detalle], [direccion], [distrito_id], [enviable], [idc], [nombres], [razon_social], [estado_item_campana_id], [campana_id]) VALUES (514, N'TOLEDO', N'CAMPOS', 0, 35, NULL, N'Ate', 1277, 0, N'12345642', N'CHRISTIAN', N'', NULL, 13)
INSERT [dbo].[item_campana] ([item_campana_id], [apellido_materno], [apellido_paterno], [correlativo], [correlativo_base], [detalle], [direccion], [distrito_id], [enviable], [idc], [nombres], [razon_social], [estado_item_campana_id], [campana_id]) VALUES (515, N'VILLEGAS', N'SANDOVAL', 0, 5, NULL, N'Llipata', 1018, 0, N'12345612', N'JUAN', N'', NULL, 13)
INSERT [dbo].[item_campana] ([item_campana_id], [apellido_materno], [apellido_paterno], [correlativo], [correlativo_base], [detalle], [direccion], [distrito_id], [enviable], [idc], [nombres], [razon_social], [estado_item_campana_id], [campana_id]) VALUES (516, N'TELLO', N'MEDINA', 0, 3, NULL, N'Shatoja', 1749, 0, N'12345610', N'TELLO', N'', NULL, 13)
INSERT [dbo].[item_campana] ([item_campana_id], [apellido_materno], [apellido_paterno], [correlativo], [correlativo_base], [detalle], [direccion], [distrito_id], [enviable], [idc], [nombres], [razon_social], [estado_item_campana_id], [campana_id]) VALUES (517, N'TELLO', N'MEDINA', 0, 17, NULL, N'Manantay', 1857, 0, N'12345624', N'TELLO', N'', NULL, 13)
INSERT [dbo].[item_campana] ([item_campana_id], [apellido_materno], [apellido_paterno], [correlativo], [correlativo_base], [detalle], [direccion], [distrito_id], [enviable], [idc], [nombres], [razon_social], [estado_item_campana_id], [campana_id]) VALUES (518, N'CHAVEZ', N'BALTAZAR', 0, 33, NULL, N'Chorrillos', 1282, 0, N'12345640', N'CESAR', N'', NULL, 13)
INSERT [dbo].[item_campana] ([item_campana_id], [apellido_materno], [apellido_paterno], [correlativo], [correlativo_base], [detalle], [direccion], [distrito_id], [enviable], [idc], [nombres], [razon_social], [estado_item_campana_id], [campana_id]) VALUES (519, N'RODRIGUEZ', N'SANTOS', 0, 6, NULL, N'Choros', 618, 0, N'12345613', N'RONALD', N'', NULL, 13)
INSERT [dbo].[item_campana] ([item_campana_id], [apellido_materno], [apellido_paterno], [correlativo], [correlativo_base], [detalle], [direccion], [distrito_id], [enviable], [idc], [nombres], [razon_social], [estado_item_campana_id], [campana_id]) VALUES (520, N'TELLO', N'MEDINA', 0, 12, NULL, N'El Agustino', 1285, 0, N'12345619', N'TELLO', N'', NULL, 13)
INSERT [dbo].[item_campana] ([item_campana_id], [apellido_materno], [apellido_paterno], [correlativo], [correlativo_base], [detalle], [direccion], [distrito_id], [enviable], [idc], [nombres], [razon_social], [estado_item_campana_id], [campana_id]) VALUES (521, N'TOLEDO', N'CAMPOS', 0, 4, NULL, N'El Algarrobal', 1528, 0, N'12345611', N'CHRISTIAN', N'', NULL, 14)
INSERT [dbo].[item_campana] ([item_campana_id], [apellido_materno], [apellido_paterno], [correlativo], [correlativo_base], [detalle], [direccion], [distrito_id], [enviable], [idc], [nombres], [razon_social], [estado_item_campana_id], [campana_id]) VALUES (522, N'TELLO', N'MEDINA', 0, 21, NULL, N'Curimana', 1864, 0, N'12345628', N'TELLO', N'', NULL, 14)
INSERT [dbo].[item_campana] ([item_campana_id], [apellido_materno], [apellido_paterno], [correlativo], [correlativo_base], [detalle], [direccion], [distrito_id], [enviable], [idc], [nombres], [razon_social], [estado_item_campana_id], [campana_id]) VALUES (523, N'ISIDRO', N'PEREZ', 0, 29, NULL, N'Puente Piedra', 1299, 0, N'12345636', N'EUGENIA', N'', NULL, 14)
INSERT [dbo].[item_campana] ([item_campana_id], [apellido_materno], [apellido_paterno], [correlativo], [correlativo_base], [detalle], [direccion], [distrito_id], [enviable], [idc], [nombres], [razon_social], [estado_item_campana_id], [campana_id]) VALUES (524, N'RODRIGUEZ', N'SANTOS', 0, 6, NULL, N'Choros', 618, 0, N'12345613', N'RONALD', N'', NULL, 14)
INSERT [dbo].[item_campana] ([item_campana_id], [apellido_materno], [apellido_paterno], [correlativo], [correlativo_base], [detalle], [direccion], [distrito_id], [enviable], [idc], [nombres], [razon_social], [estado_item_campana_id], [campana_id]) VALUES (525, N'CARRASCO', N'ESPINOZA', 0, 34, NULL, N'Barranco', 1278, 0, N'12345641', N'TELLO', N'', NULL, 14)
INSERT [dbo].[item_campana] ([item_campana_id], [apellido_materno], [apellido_paterno], [correlativo], [correlativo_base], [detalle], [direccion], [distrito_id], [enviable], [idc], [nombres], [razon_social], [estado_item_campana_id], [campana_id]) VALUES (526, N'TELLO', N'MEDINA', 0, 18, NULL, N'Shamboyacu', 1779, 0, N'12345625', N'TELLO', N'', NULL, 14)
INSERT [dbo].[item_campana] ([item_campana_id], [apellido_materno], [apellido_paterno], [correlativo], [correlativo_base], [detalle], [direccion], [distrito_id], [enviable], [idc], [nombres], [razon_social], [estado_item_campana_id], [campana_id]) VALUES (527, N'ISIDRO', N'PEREZ', 0, 9, NULL, N'Puente Piedra', 1299, 0, N'12345616', N'EUGENIA', N'', NULL, 14)
INSERT [dbo].[item_campana] ([item_campana_id], [apellido_materno], [apellido_paterno], [correlativo], [correlativo_base], [detalle], [direccion], [distrito_id], [enviable], [idc], [nombres], [razon_social], [estado_item_campana_id], [campana_id]) VALUES (528, N'CHAVEZ', N'BALTAZAR', 0, 13, NULL, N'Chorrillos', 1282, 0, N'12345620', N'CESAR', N'', NULL, 14)
INSERT [dbo].[item_campana] ([item_campana_id], [apellido_materno], [apellido_paterno], [correlativo], [correlativo_base], [detalle], [direccion], [distrito_id], [enviable], [idc], [nombres], [razon_social], [estado_item_campana_id], [campana_id]) VALUES (529, N'RODRIGUEZ', N'SANTOS', 0, 22, NULL, N'Locumba', 1827, 0, N'12345629', N'RONALD', N'', NULL, 14)
INSERT [dbo].[item_campana] ([item_campana_id], [apellido_materno], [apellido_paterno], [correlativo], [correlativo_base], [detalle], [direccion], [distrito_id], [enviable], [idc], [nombres], [razon_social], [estado_item_campana_id], [campana_id]) VALUES (530, N'TELLO', N'MEDINA', 0, 16, NULL, N'Yarinacocha', 1855, 0, N'12345623', N'TELLO', N'', NULL, 14)
INSERT [dbo].[item_campana] ([item_campana_id], [apellido_materno], [apellido_paterno], [correlativo], [correlativo_base], [detalle], [direccion], [distrito_id], [enviable], [idc], [nombres], [razon_social], [estado_item_campana_id], [campana_id]) VALUES (531, N'RODRIGUEZ', N'SANTOS', 0, 26, NULL, N'Choros', 618, 0, N'12345633', N'RONALD', N'', NULL, 14)
INSERT [dbo].[item_campana] ([item_campana_id], [apellido_materno], [apellido_paterno], [correlativo], [correlativo_base], [detalle], [direccion], [distrito_id], [enviable], [idc], [nombres], [razon_social], [estado_item_campana_id], [campana_id]) VALUES (532, N'CARRASCO', N'ESPINOZA', 0, 14, NULL, N'Barranco', 1278, 0, N'12345621', N'TELLO', N'', NULL, 14)
INSERT [dbo].[item_campana] ([item_campana_id], [apellido_materno], [apellido_paterno], [correlativo], [correlativo_base], [detalle], [direccion], [distrito_id], [enviable], [idc], [nombres], [razon_social], [estado_item_campana_id], [campana_id]) VALUES (533, N'VILLEGAS', N'SANDOVAL', 0, 25, NULL, N'Llipata', 1018, 0, N'12345632', N'JUAN', N'', NULL, 14)
INSERT [dbo].[item_campana] ([item_campana_id], [apellido_materno], [apellido_paterno], [correlativo], [correlativo_base], [detalle], [direccion], [distrito_id], [enviable], [idc], [nombres], [razon_social], [estado_item_campana_id], [campana_id]) VALUES (534, N'NAVA', N'FIGUEROA', 0, 28, NULL, N'Rímac', 1302, 0, N'12345635', N'MELISSA', N'', NULL, 14)
INSERT [dbo].[item_campana] ([item_campana_id], [apellido_materno], [apellido_paterno], [correlativo], [correlativo_base], [detalle], [direccion], [distrito_id], [enviable], [idc], [nombres], [razon_social], [estado_item_campana_id], [campana_id]) VALUES (535, N'TOLEDO', N'CAMPOS', 0, 15, NULL, N'Ate', 1277, 0, N'12345622', N'CHRISTIAN', N'', NULL, 14)
INSERT [dbo].[item_campana] ([item_campana_id], [apellido_materno], [apellido_paterno], [correlativo], [correlativo_base], [detalle], [direccion], [distrito_id], [enviable], [idc], [nombres], [razon_social], [estado_item_campana_id], [campana_id]) VALUES (536, N'VILLEGAS', N'SANDOVAL', 0, 30, NULL, N'Lurin', 1293, 0, N'12345637', N'JUAN', N'', NULL, 14)
INSERT [dbo].[item_campana] ([item_campana_id], [apellido_materno], [apellido_paterno], [correlativo], [correlativo_base], [detalle], [direccion], [distrito_id], [enviable], [idc], [nombres], [razon_social], [estado_item_campana_id], [campana_id]) VALUES (537, N'TELLO', N'MEDINA', 0, 3, NULL, N'Shatoja', 1749, 0, N'12345610', N'TELLO', N'', NULL, 14)
INSERT [dbo].[item_campana] ([item_campana_id], [apellido_materno], [apellido_paterno], [correlativo], [correlativo_base], [detalle], [direccion], [distrito_id], [enviable], [idc], [nombres], [razon_social], [estado_item_campana_id], [campana_id]) VALUES (538, N'TELLO', N'MEDINA', 0, 12, NULL, N'El Agustino', 1285, 0, N'12345619', N'TELLO', N'', NULL, 14)
INSERT [dbo].[item_campana] ([item_campana_id], [apellido_materno], [apellido_paterno], [correlativo], [correlativo_base], [detalle], [direccion], [distrito_id], [enviable], [idc], [nombres], [razon_social], [estado_item_campana_id], [campana_id]) VALUES (539, N'TOLEDO', N'CAMPOS', 0, 35, NULL, N'Ate', 1277, 0, N'12345642', N'CHRISTIAN', N'', NULL, 14)
INSERT [dbo].[item_campana] ([item_campana_id], [apellido_materno], [apellido_paterno], [correlativo], [correlativo_base], [detalle], [direccion], [distrito_id], [enviable], [idc], [nombres], [razon_social], [estado_item_campana_id], [campana_id]) VALUES (540, N'TELLO', N'MEDINA', 0, 36, NULL, N'Yarinacocha', 1855, 0, N'12345643', N'TELLO', N'', NULL, 14)
INSERT [dbo].[item_campana] ([item_campana_id], [apellido_materno], [apellido_paterno], [correlativo], [correlativo_base], [detalle], [direccion], [distrito_id], [enviable], [idc], [nombres], [razon_social], [estado_item_campana_id], [campana_id]) VALUES (541, N'RODRIGUEZ', N'SANTOS', 0, 2, NULL, N'Locumba', 1827, 0, N'12345609', N'RONALD', N'', NULL, 14)
INSERT [dbo].[item_campana] ([item_campana_id], [apellido_materno], [apellido_paterno], [correlativo], [correlativo_base], [detalle], [direccion], [distrito_id], [enviable], [idc], [nombres], [razon_social], [estado_item_campana_id], [campana_id]) VALUES (542, N'VILLEGAS', N'SANDOVAL', 0, 10, NULL, N'Lurin', 1293, 0, N'12345617', N'JUAN', N'', NULL, 14)
INSERT [dbo].[item_campana] ([item_campana_id], [apellido_materno], [apellido_paterno], [correlativo], [correlativo_base], [detalle], [direccion], [distrito_id], [enviable], [idc], [nombres], [razon_social], [estado_item_campana_id], [campana_id]) VALUES (543, N'TELLO', N'MEDINA', 0, 32, NULL, N'El Agustino', 1285, 0, N'12345639', N'TELLO', N'', NULL, 14)
INSERT [dbo].[item_campana] ([item_campana_id], [apellido_materno], [apellido_paterno], [correlativo], [correlativo_base], [detalle], [direccion], [distrito_id], [enviable], [idc], [nombres], [razon_social], [estado_item_campana_id], [campana_id]) VALUES (544, N'CARRASCO', N'HEREDIA', 0, 7, NULL, N'Bagua', 22, 0, N'12345614', N'ORLANDO MARIO', N'', NULL, 14)
INSERT [dbo].[item_campana] ([item_campana_id], [apellido_materno], [apellido_paterno], [correlativo], [correlativo_base], [detalle], [direccion], [distrito_id], [enviable], [idc], [nombres], [razon_social], [estado_item_campana_id], [campana_id]) VALUES (545, N'RODRIGUEZ', N'SANTOS', 0, 40, NULL, N'Ilabaya', 1828, 0, N'12345645', N'RONALD', N'', NULL, 14)
INSERT [dbo].[item_campana] ([item_campana_id], [apellido_materno], [apellido_paterno], [correlativo], [correlativo_base], [detalle], [direccion], [distrito_id], [enviable], [idc], [nombres], [razon_social], [estado_item_campana_id], [campana_id]) VALUES (546, N'RODRIGUEZ', N'SANTOS', 0, 20, NULL, N'Ilabaya', 1828, 0, N'12345627', N'RONALD', N'', NULL, 14)
INSERT [dbo].[item_campana] ([item_campana_id], [apellido_materno], [apellido_paterno], [correlativo], [correlativo_base], [detalle], [direccion], [distrito_id], [enviable], [idc], [nombres], [razon_social], [estado_item_campana_id], [campana_id]) VALUES (547, N'NAVA', N'FIGUEROA', 0, 8, NULL, N'Rímac', 1302, 0, N'12345615', N'MELISSA', N'', NULL, 14)
INSERT [dbo].[item_campana] ([item_campana_id], [apellido_materno], [apellido_paterno], [correlativo], [correlativo_base], [detalle], [direccion], [distrito_id], [enviable], [idc], [nombres], [razon_social], [estado_item_campana_id], [campana_id]) VALUES (548, N'TELLO', N'MEDINA', 0, 23, NULL, N'Shatoja', 1749, 0, N'12345630', N'TELLO', N'', NULL, 14)
INSERT [dbo].[item_campana] ([item_campana_id], [apellido_materno], [apellido_paterno], [correlativo], [correlativo_base], [detalle], [direccion], [distrito_id], [enviable], [idc], [nombres], [razon_social], [estado_item_campana_id], [campana_id]) VALUES (549, N'TELLO', N'MEDINA', 0, 37, NULL, N'Manantay', 1857, 0, N'12345644', N'TELLO', N'', NULL, 14)
INSERT [dbo].[item_campana] ([item_campana_id], [apellido_materno], [apellido_paterno], [correlativo], [correlativo_base], [detalle], [direccion], [distrito_id], [enviable], [idc], [nombres], [razon_social], [estado_item_campana_id], [campana_id]) VALUES (550, N'SAAVEDRA', N'SANTOS', 0, 11, NULL, N'LIMA', 1275, 0, N'12345618', N'LEIDY', N'', NULL, 14)
INSERT [dbo].[item_campana] ([item_campana_id], [apellido_materno], [apellido_paterno], [correlativo], [correlativo_base], [detalle], [direccion], [distrito_id], [enviable], [idc], [nombres], [razon_social], [estado_item_campana_id], [campana_id]) VALUES (551, N'TELLO', N'MEDINA', 0, 19, NULL, N'Caspisapa', 1774, 0, N'12345626', N'TELLO', N'', NULL, 14)
INSERT [dbo].[item_campana] ([item_campana_id], [apellido_materno], [apellido_paterno], [correlativo], [correlativo_base], [detalle], [direccion], [distrito_id], [enviable], [idc], [nombres], [razon_social], [estado_item_campana_id], [campana_id]) VALUES (552, N'VILLEGAS', N'SANDOVAL', 0, 5, NULL, N'Llipata', 1018, 0, N'12345612', N'JUAN', N'', NULL, 14)
INSERT [dbo].[item_campana] ([item_campana_id], [apellido_materno], [apellido_paterno], [correlativo], [correlativo_base], [detalle], [direccion], [distrito_id], [enviable], [idc], [nombres], [razon_social], [estado_item_campana_id], [campana_id]) VALUES (553, N'TELLO', N'MEDINA', 0, 17, NULL, N'Manantay', 1857, 0, N'12345624', N'TELLO', N'', NULL, 14)
INSERT [dbo].[item_campana] ([item_campana_id], [apellido_materno], [apellido_paterno], [correlativo], [correlativo_base], [detalle], [direccion], [distrito_id], [enviable], [idc], [nombres], [razon_social], [estado_item_campana_id], [campana_id]) VALUES (554, N'TELLO', N'MEDINA', 0, 38, NULL, N'Shamboyacu', 1779, 0, N'12345645', N'TELLO', N'', NULL, 14)
INSERT [dbo].[item_campana] ([item_campana_id], [apellido_materno], [apellido_paterno], [correlativo], [correlativo_base], [detalle], [direccion], [distrito_id], [enviable], [idc], [nombres], [razon_social], [estado_item_campana_id], [campana_id]) VALUES (555, N'TELLO', N'MEDINA', 0, 1, NULL, N'Curimana', 1864, 0, N'12345608', N'TELLO', N'', NULL, 14)
INSERT [dbo].[item_campana] ([item_campana_id], [apellido_materno], [apellido_paterno], [correlativo], [correlativo_base], [detalle], [direccion], [distrito_id], [enviable], [idc], [nombres], [razon_social], [estado_item_campana_id], [campana_id]) VALUES (556, N'TELLO', N'MEDINA', 0, 39, NULL, N'Caspisapa', 1774, 0, N'12345646', N'TELLO', N'', NULL, 14)
INSERT [dbo].[item_campana] ([item_campana_id], [apellido_materno], [apellido_paterno], [correlativo], [correlativo_base], [detalle], [direccion], [distrito_id], [enviable], [idc], [nombres], [razon_social], [estado_item_campana_id], [campana_id]) VALUES (557, N'TOLEDO', N'CAMPOS', 0, 24, NULL, N'El Algarrobal', 1528, 0, N'12345631', N'CHRISTIAN', N'', NULL, 14)
INSERT [dbo].[item_campana] ([item_campana_id], [apellido_materno], [apellido_paterno], [correlativo], [correlativo_base], [detalle], [direccion], [distrito_id], [enviable], [idc], [nombres], [razon_social], [estado_item_campana_id], [campana_id]) VALUES (558, N'CARRASCO', N'HEREDIA', 0, 27, NULL, N'Bagua', 22, 0, N'12345634', N'ORLANDO MARIO', N'', NULL, 14)
INSERT [dbo].[item_campana] ([item_campana_id], [apellido_materno], [apellido_paterno], [correlativo], [correlativo_base], [detalle], [direccion], [distrito_id], [enviable], [idc], [nombres], [razon_social], [estado_item_campana_id], [campana_id]) VALUES (559, N'SAAVEDRA', N'SANTOS', 0, 31, NULL, N'LIMA', 1275, 0, N'12345638', N'LEIDY', N'', NULL, 14)
INSERT [dbo].[item_campana] ([item_campana_id], [apellido_materno], [apellido_paterno], [correlativo], [correlativo_base], [detalle], [direccion], [distrito_id], [enviable], [idc], [nombres], [razon_social], [estado_item_campana_id], [campana_id]) VALUES (560, N'CHAVEZ', N'BALTAZAR', 0, 33, NULL, N'Chorrillos', 1282, 0, N'12345640', N'CESAR', N'', NULL, 14)
INSERT [dbo].[item_campana] ([item_campana_id], [apellido_materno], [apellido_paterno], [correlativo], [correlativo_base], [detalle], [direccion], [distrito_id], [enviable], [idc], [nombres], [razon_social], [estado_item_campana_id], [campana_id]) VALUES (561, N'CHAVEZ', N'BALTAZAR', 0, 13, NULL, N'Chorrillos', 1282, 0, N'12345620', N'CESAR', N'', NULL, 15)
INSERT [dbo].[item_campana] ([item_campana_id], [apellido_materno], [apellido_paterno], [correlativo], [correlativo_base], [detalle], [direccion], [distrito_id], [enviable], [idc], [nombres], [razon_social], [estado_item_campana_id], [campana_id]) VALUES (562, N'TOLEDO', N'CAMPOS', 0, 15, NULL, N'Ate', 1277, 0, N'12345622', N'CHRISTIAN', N'', NULL, 15)
INSERT [dbo].[item_campana] ([item_campana_id], [apellido_materno], [apellido_paterno], [correlativo], [correlativo_base], [detalle], [direccion], [distrito_id], [enviable], [idc], [nombres], [razon_social], [estado_item_campana_id], [campana_id]) VALUES (563, N'TOLEDO', N'CAMPOS', 0, 35, NULL, N'Ate', 1277, 0, N'12345642', N'CHRISTIAN', N'', NULL, 15)
INSERT [dbo].[item_campana] ([item_campana_id], [apellido_materno], [apellido_paterno], [correlativo], [correlativo_base], [detalle], [direccion], [distrito_id], [enviable], [idc], [nombres], [razon_social], [estado_item_campana_id], [campana_id]) VALUES (564, N'CARRASCO', N'HEREDIA', 0, 27, NULL, N'Bagua', 22, 0, N'12345634', N'ORLANDO MARIO', N'', NULL, 15)
INSERT [dbo].[item_campana] ([item_campana_id], [apellido_materno], [apellido_paterno], [correlativo], [correlativo_base], [detalle], [direccion], [distrito_id], [enviable], [idc], [nombres], [razon_social], [estado_item_campana_id], [campana_id]) VALUES (565, N'VILLEGAS', N'SANDOVAL', 0, 10, NULL, N'Lurin', 1293, 0, N'12345617', N'JUAN', N'', NULL, 15)
INSERT [dbo].[item_campana] ([item_campana_id], [apellido_materno], [apellido_paterno], [correlativo], [correlativo_base], [detalle], [direccion], [distrito_id], [enviable], [idc], [nombres], [razon_social], [estado_item_campana_id], [campana_id]) VALUES (566, N'SAAVEDRA', N'SANTOS', 0, 11, NULL, N'LIMA', 1275, 0, N'12345618', N'LEIDY', N'', NULL, 15)
INSERT [dbo].[item_campana] ([item_campana_id], [apellido_materno], [apellido_paterno], [correlativo], [correlativo_base], [detalle], [direccion], [distrito_id], [enviable], [idc], [nombres], [razon_social], [estado_item_campana_id], [campana_id]) VALUES (567, N'RODRIGUEZ', N'SANTOS', 0, 40, NULL, N'Ilabaya', 1828, 0, N'12345645', N'RONALD', N'', NULL, 15)
INSERT [dbo].[item_campana] ([item_campana_id], [apellido_materno], [apellido_paterno], [correlativo], [correlativo_base], [detalle], [direccion], [distrito_id], [enviable], [idc], [nombres], [razon_social], [estado_item_campana_id], [campana_id]) VALUES (568, N'TELLO', N'MEDINA', 0, 1, NULL, N'Curimana', 1864, 0, N'12345608', N'TELLO', N'', NULL, 15)
INSERT [dbo].[item_campana] ([item_campana_id], [apellido_materno], [apellido_paterno], [correlativo], [correlativo_base], [detalle], [direccion], [distrito_id], [enviable], [idc], [nombres], [razon_social], [estado_item_campana_id], [campana_id]) VALUES (569, N'CARRASCO', N'ESPINOZA', 0, 14, NULL, N'Barranco', 1278, 0, N'12345621', N'TELLO', N'', NULL, 15)
INSERT [dbo].[item_campana] ([item_campana_id], [apellido_materno], [apellido_paterno], [correlativo], [correlativo_base], [detalle], [direccion], [distrito_id], [enviable], [idc], [nombres], [razon_social], [estado_item_campana_id], [campana_id]) VALUES (570, N'VILLEGAS', N'SANDOVAL', 0, 25, NULL, N'Llipata', 1018, 0, N'12345632', N'JUAN', N'', NULL, 15)
INSERT [dbo].[item_campana] ([item_campana_id], [apellido_materno], [apellido_paterno], [correlativo], [correlativo_base], [detalle], [direccion], [distrito_id], [enviable], [idc], [nombres], [razon_social], [estado_item_campana_id], [campana_id]) VALUES (571, N'RODRIGUEZ', N'SANTOS', 0, 26, NULL, N'Choros', 618, 0, N'12345633', N'RONALD', N'', NULL, 15)
INSERT [dbo].[item_campana] ([item_campana_id], [apellido_materno], [apellido_paterno], [correlativo], [correlativo_base], [detalle], [direccion], [distrito_id], [enviable], [idc], [nombres], [razon_social], [estado_item_campana_id], [campana_id]) VALUES (572, N'RODRIGUEZ', N'SANTOS', 0, 20, NULL, N'Ilabaya', 1828, 0, N'12345627', N'RONALD', N'', NULL, 15)
INSERT [dbo].[item_campana] ([item_campana_id], [apellido_materno], [apellido_paterno], [correlativo], [correlativo_base], [detalle], [direccion], [distrito_id], [enviable], [idc], [nombres], [razon_social], [estado_item_campana_id], [campana_id]) VALUES (573, N'RODRIGUEZ', N'SANTOS', 0, 22, NULL, N'Locumba', 1827, 0, N'12345629', N'RONALD', N'', NULL, 15)
INSERT [dbo].[item_campana] ([item_campana_id], [apellido_materno], [apellido_paterno], [correlativo], [correlativo_base], [detalle], [direccion], [distrito_id], [enviable], [idc], [nombres], [razon_social], [estado_item_campana_id], [campana_id]) VALUES (574, N'CHAVEZ', N'BALTAZAR', 0, 33, NULL, N'Chorrillos', 1282, 0, N'12345640', N'CESAR', N'', NULL, 15)
INSERT [dbo].[item_campana] ([item_campana_id], [apellido_materno], [apellido_paterno], [correlativo], [correlativo_base], [detalle], [direccion], [distrito_id], [enviable], [idc], [nombres], [razon_social], [estado_item_campana_id], [campana_id]) VALUES (575, N'VILLEGAS', N'SANDOVAL', 0, 30, NULL, N'Lurin', 1293, 0, N'12345637', N'JUAN', N'', NULL, 15)
INSERT [dbo].[item_campana] ([item_campana_id], [apellido_materno], [apellido_paterno], [correlativo], [correlativo_base], [detalle], [direccion], [distrito_id], [enviable], [idc], [nombres], [razon_social], [estado_item_campana_id], [campana_id]) VALUES (576, N'TELLO', N'MEDINA', 0, 37, NULL, N'Manantay', 1857, 0, N'12345644', N'TELLO', N'', NULL, 15)
INSERT [dbo].[item_campana] ([item_campana_id], [apellido_materno], [apellido_paterno], [correlativo], [correlativo_base], [detalle], [direccion], [distrito_id], [enviable], [idc], [nombres], [razon_social], [estado_item_campana_id], [campana_id]) VALUES (577, N'TELLO', N'MEDINA', 0, 36, NULL, N'Yarinacocha', 1855, 0, N'12345643', N'TELLO', N'', NULL, 15)
INSERT [dbo].[item_campana] ([item_campana_id], [apellido_materno], [apellido_paterno], [correlativo], [correlativo_base], [detalle], [direccion], [distrito_id], [enviable], [idc], [nombres], [razon_social], [estado_item_campana_id], [campana_id]) VALUES (578, N'TELLO', N'MEDINA', 0, 3, NULL, N'Shatoja', 1749, 0, N'12345610', N'TELLO', N'', NULL, 15)
INSERT [dbo].[item_campana] ([item_campana_id], [apellido_materno], [apellido_paterno], [correlativo], [correlativo_base], [detalle], [direccion], [distrito_id], [enviable], [idc], [nombres], [razon_social], [estado_item_campana_id], [campana_id]) VALUES (579, N'SAAVEDRA', N'SANTOS', 0, 31, NULL, N'LIMA', 1275, 0, N'12345638', N'LEIDY', N'', NULL, 15)
INSERT [dbo].[item_campana] ([item_campana_id], [apellido_materno], [apellido_paterno], [correlativo], [correlativo_base], [detalle], [direccion], [distrito_id], [enviable], [idc], [nombres], [razon_social], [estado_item_campana_id], [campana_id]) VALUES (580, N'RODRIGUEZ', N'SANTOS', 0, 6, NULL, N'Choros', 618, 0, N'12345613', N'RONALD', N'', NULL, 15)
INSERT [dbo].[item_campana] ([item_campana_id], [apellido_materno], [apellido_paterno], [correlativo], [correlativo_base], [detalle], [direccion], [distrito_id], [enviable], [idc], [nombres], [razon_social], [estado_item_campana_id], [campana_id]) VALUES (581, N'RODRIGUEZ', N'SANTOS', 0, 2, NULL, N'Locumba', 1827, 0, N'12345609', N'RONALD', N'', NULL, 15)
INSERT [dbo].[item_campana] ([item_campana_id], [apellido_materno], [apellido_paterno], [correlativo], [correlativo_base], [detalle], [direccion], [distrito_id], [enviable], [idc], [nombres], [razon_social], [estado_item_campana_id], [campana_id]) VALUES (582, N'NAVA', N'FIGUEROA', 0, 28, NULL, N'Rímac', 1302, 0, N'12345635', N'MELISSA', N'', NULL, 15)
INSERT [dbo].[item_campana] ([item_campana_id], [apellido_materno], [apellido_paterno], [correlativo], [correlativo_base], [detalle], [direccion], [distrito_id], [enviable], [idc], [nombres], [razon_social], [estado_item_campana_id], [campana_id]) VALUES (583, N'CARRASCO', N'HEREDIA', 0, 7, NULL, N'Bagua', 22, 0, N'12345614', N'ORLANDO MARIO', N'', NULL, 15)
INSERT [dbo].[item_campana] ([item_campana_id], [apellido_materno], [apellido_paterno], [correlativo], [correlativo_base], [detalle], [direccion], [distrito_id], [enviable], [idc], [nombres], [razon_social], [estado_item_campana_id], [campana_id]) VALUES (584, N'TELLO', N'MEDINA', 0, 18, NULL, N'Shamboyacu', 1779, 0, N'12345625', N'TELLO', N'', NULL, 15)
INSERT [dbo].[item_campana] ([item_campana_id], [apellido_materno], [apellido_paterno], [correlativo], [correlativo_base], [detalle], [direccion], [distrito_id], [enviable], [idc], [nombres], [razon_social], [estado_item_campana_id], [campana_id]) VALUES (585, N'TELLO', N'MEDINA', 0, 19, NULL, N'Caspisapa', 1774, 0, N'12345626', N'TELLO', N'', NULL, 15)
INSERT [dbo].[item_campana] ([item_campana_id], [apellido_materno], [apellido_paterno], [correlativo], [correlativo_base], [detalle], [direccion], [distrito_id], [enviable], [idc], [nombres], [razon_social], [estado_item_campana_id], [campana_id]) VALUES (586, N'ISIDRO', N'PEREZ', 0, 9, NULL, N'Puente Piedra', 1299, 0, N'12345616', N'EUGENIA', N'', NULL, 15)
INSERT [dbo].[item_campana] ([item_campana_id], [apellido_materno], [apellido_paterno], [correlativo], [correlativo_base], [detalle], [direccion], [distrito_id], [enviable], [idc], [nombres], [razon_social], [estado_item_campana_id], [campana_id]) VALUES (587, N'TELLO', N'MEDINA', 0, 12, NULL, N'El Agustino', 1285, 0, N'12345619', N'TELLO', N'', NULL, 15)
INSERT [dbo].[item_campana] ([item_campana_id], [apellido_materno], [apellido_paterno], [correlativo], [correlativo_base], [detalle], [direccion], [distrito_id], [enviable], [idc], [nombres], [razon_social], [estado_item_campana_id], [campana_id]) VALUES (588, N'TELLO', N'MEDINA', 0, 23, NULL, N'Shatoja', 1749, 0, N'12345630', N'TELLO', N'', NULL, 15)
INSERT [dbo].[item_campana] ([item_campana_id], [apellido_materno], [apellido_paterno], [correlativo], [correlativo_base], [detalle], [direccion], [distrito_id], [enviable], [idc], [nombres], [razon_social], [estado_item_campana_id], [campana_id]) VALUES (589, N'TELLO', N'MEDINA', 0, 38, NULL, N'Shamboyacu', 1779, 0, N'12345645', N'TELLO', N'', NULL, 15)
INSERT [dbo].[item_campana] ([item_campana_id], [apellido_materno], [apellido_paterno], [correlativo], [correlativo_base], [detalle], [direccion], [distrito_id], [enviable], [idc], [nombres], [razon_social], [estado_item_campana_id], [campana_id]) VALUES (590, N'TOLEDO', N'CAMPOS', 0, 4, NULL, N'El Algarrobal', 1528, 0, N'12345611', N'CHRISTIAN', N'', NULL, 15)
INSERT [dbo].[item_campana] ([item_campana_id], [apellido_materno], [apellido_paterno], [correlativo], [correlativo_base], [detalle], [direccion], [distrito_id], [enviable], [idc], [nombres], [razon_social], [estado_item_campana_id], [campana_id]) VALUES (591, N'TELLO', N'MEDINA', 0, 39, NULL, N'Caspisapa', 1774, 0, N'12345646', N'TELLO', N'', NULL, 15)
INSERT [dbo].[item_campana] ([item_campana_id], [apellido_materno], [apellido_paterno], [correlativo], [correlativo_base], [detalle], [direccion], [distrito_id], [enviable], [idc], [nombres], [razon_social], [estado_item_campana_id], [campana_id]) VALUES (592, N'VILLEGAS', N'SANDOVAL', 0, 5, NULL, N'Llipata', 1018, 0, N'12345612', N'JUAN', N'', NULL, 15)
INSERT [dbo].[item_campana] ([item_campana_id], [apellido_materno], [apellido_paterno], [correlativo], [correlativo_base], [detalle], [direccion], [distrito_id], [enviable], [idc], [nombres], [razon_social], [estado_item_campana_id], [campana_id]) VALUES (593, N'ISIDRO', N'PEREZ', 0, 29, NULL, N'Puente Piedra', 1299, 0, N'12345636', N'EUGENIA', N'', NULL, 15)
INSERT [dbo].[item_campana] ([item_campana_id], [apellido_materno], [apellido_paterno], [correlativo], [correlativo_base], [detalle], [direccion], [distrito_id], [enviable], [idc], [nombres], [razon_social], [estado_item_campana_id], [campana_id]) VALUES (594, N'TELLO', N'MEDINA', 0, 17, NULL, N'Manantay', 1857, 0, N'12345624', N'TELLO', N'', NULL, 15)
INSERT [dbo].[item_campana] ([item_campana_id], [apellido_materno], [apellido_paterno], [correlativo], [correlativo_base], [detalle], [direccion], [distrito_id], [enviable], [idc], [nombres], [razon_social], [estado_item_campana_id], [campana_id]) VALUES (595, N'CARRASCO', N'ESPINOZA', 0, 34, NULL, N'Barranco', 1278, 0, N'12345641', N'TELLO', N'', NULL, 15)
INSERT [dbo].[item_campana] ([item_campana_id], [apellido_materno], [apellido_paterno], [correlativo], [correlativo_base], [detalle], [direccion], [distrito_id], [enviable], [idc], [nombres], [razon_social], [estado_item_campana_id], [campana_id]) VALUES (596, N'TELLO', N'MEDINA', 0, 21, NULL, N'Curimana', 1864, 0, N'12345628', N'TELLO', N'', NULL, 15)
INSERT [dbo].[item_campana] ([item_campana_id], [apellido_materno], [apellido_paterno], [correlativo], [correlativo_base], [detalle], [direccion], [distrito_id], [enviable], [idc], [nombres], [razon_social], [estado_item_campana_id], [campana_id]) VALUES (597, N'NAVA', N'FIGUEROA', 0, 8, NULL, N'Rímac', 1302, 0, N'12345615', N'MELISSA', N'', NULL, 15)
INSERT [dbo].[item_campana] ([item_campana_id], [apellido_materno], [apellido_paterno], [correlativo], [correlativo_base], [detalle], [direccion], [distrito_id], [enviable], [idc], [nombres], [razon_social], [estado_item_campana_id], [campana_id]) VALUES (598, N'TELLO', N'MEDINA', 0, 32, NULL, N'El Agustino', 1285, 0, N'12345639', N'TELLO', N'', NULL, 15)
INSERT [dbo].[item_campana] ([item_campana_id], [apellido_materno], [apellido_paterno], [correlativo], [correlativo_base], [detalle], [direccion], [distrito_id], [enviable], [idc], [nombres], [razon_social], [estado_item_campana_id], [campana_id]) VALUES (599, N'TELLO', N'MEDINA', 0, 16, NULL, N'Yarinacocha', 1855, 0, N'12345623', N'TELLO', N'', NULL, 15)

INSERT [dbo].[item_campana] ([item_campana_id], [apellido_materno], [apellido_paterno], [correlativo], [correlativo_base], [detalle], [direccion], [distrito_id], [enviable], [idc], [nombres], [razon_social], [estado_item_campana_id], [campana_id]) VALUES (600, N'TOLEDO', N'CAMPOS', 0, 24, NULL, N'El Algarrobal', 1528, 0, N'12345631', N'CHRISTIAN', N'', NULL, 15)
SET IDENTITY_INSERT [dbo].[item_campana] OFF
SET IDENTITY_INSERT [dbo].[estado_campana] ON 

INSERT [dbo].[estado_campana] ([estado_campana_id], [nombre]) VALUES (1, N'CREADO')
INSERT [dbo].[estado_campana] ([estado_campana_id], [nombre]) VALUES (2, N'ASIGNADA')
INSERT [dbo].[estado_campana] ([estado_campana_id], [nombre]) VALUES (3, N'GEOREFERENCIADA')
INSERT [dbo].[estado_campana] ([estado_campana_id], [nombre]) VALUES (4, N'GEOREFERENCIADA Y MODIFICADA')
INSERT [dbo].[estado_campana] ([estado_campana_id], [nombre]) VALUES (5, N'GEOREFERENCIADA Y CONFIRMADA')
INSERT [dbo].[estado_campana] ([estado_campana_id], [nombre]) VALUES (6, N'COTIZADA')
INSERT [dbo].[estado_campana] ([estado_campana_id], [nombre]) VALUES (7, N'CONFORMIDAD ADJUNTADA')
INSERT [dbo].[estado_campana] ([estado_campana_id], [nombre]) VALUES (8, N'CONFORMIDAD ACEPTADA')
INSERT [dbo].[estado_campana] ([estado_campana_id], [nombre]) VALUES (9, N'CONFORMIDAD DENEGADA')
INSERT [dbo].[estado_campana] ([estado_campana_id], [nombre]) VALUES (10, N'MUESTRA SOLICITADA')
INSERT [dbo].[estado_campana] ([estado_campana_id], [nombre]) VALUES (11, N'MUESTRA ADJUNTADA')
INSERT [dbo].[estado_campana] ([estado_campana_id], [nombre]) VALUES (12, N'MUESTRA ACEPTADA')
INSERT [dbo].[estado_campana] ([estado_campana_id], [nombre]) VALUES (13, N'MUESTRA DENEGADA')
INSERT [dbo].[estado_campana] ([estado_campana_id], [nombre]) VALUES (14, N'IMPRESION INICIADA')
INSERT [dbo].[estado_campana] ([estado_campana_id], [nombre]) VALUES (15, N'CAMPAÑA POR RECOGER')
INSERT [dbo].[estado_campana] ([estado_campana_id], [nombre]) VALUES (16, N'GUIA ADJUNTADA')
INSERT [dbo].[estado_campana] ([estado_campana_id], [nombre]) VALUES (17, N'GUIA VERIFICADA')
INSERT [dbo].[estado_campana] ([estado_campana_id], [nombre]) VALUES (18, N'GUIA DENEGADA')
INSERT [dbo].[estado_campana] ([estado_campana_id], [nombre]) VALUES (19, N'DISTRIBUICION INICIADA')
INSERT [dbo].[estado_campana] ([estado_campana_id], [nombre]) VALUES (20, N'REPORTE ADJUNTADO')
SET IDENTITY_INSERT [dbo].[estado_campana] OFF
SET IDENTITY_INSERT [dbo].[seguimiento_campana] ON 

INSERT [dbo].[seguimiento_campana] ([seguimiento_campana_id], [fecha], [matricula], [observacion], [usuario_id], [campana_id], [estado_campana_id]) VALUES (1, CAST(N'2019-01-31T15:12:20.4440000' AS DateTime2), N'OHEREDIA', N'', 1, 1, 1)
INSERT [dbo].[seguimiento_campana] ([seguimiento_campana_id], [fecha], [matricula], [observacion], [usuario_id], [campana_id], [estado_campana_id]) VALUES (2, CAST(N'2019-01-31T15:14:16.4910000' AS DateTime2), N'OHEREDIA', N'', 1, 2, 1)
INSERT [dbo].[seguimiento_campana] ([seguimiento_campana_id], [fecha], [matricula], [observacion], [usuario_id], [campana_id], [estado_campana_id]) VALUES (3, CAST(N'2019-01-31T15:15:13.7040000' AS DateTime2), N'OHEREDIA', N'', 1, 3, 1)
INSERT [dbo].[seguimiento_campana] ([seguimiento_campana_id], [fecha], [matricula], [observacion], [usuario_id], [campana_id], [estado_campana_id]) VALUES (4, CAST(N'2019-01-31T15:16:56.9980000' AS DateTime2), N'OHEREDIA', N'', 1, 4, 1)
INSERT [dbo].[seguimiento_campana] ([seguimiento_campana_id], [fecha], [matricula], [observacion], [usuario_id], [campana_id], [estado_campana_id]) VALUES (5, CAST(N'2019-01-31T15:18:05.2220000' AS DateTime2), N'OHEREDIA', N'', 1, 5, 1)
INSERT [dbo].[seguimiento_campana] ([seguimiento_campana_id], [fecha], [matricula], [observacion], [usuario_id], [campana_id], [estado_campana_id]) VALUES (6, CAST(N'2019-01-31T15:19:43.5840000' AS DateTime2), N'OHEREDIA', N'Proveedor: DOCFLOW. Costo: S/ 1500.0', 1, 1, 2)
INSERT [dbo].[seguimiento_campana] ([seguimiento_campana_id], [fecha], [matricula], [observacion], [usuario_id], [campana_id], [estado_campana_id]) VALUES (7, CAST(N'2019-01-31T15:19:54.0300000' AS DateTime2), N'OHEREDIA', N'Proveedor: DOCFLOW. Costo: S/ 1600.0', 1, 2, 2)
INSERT [dbo].[seguimiento_campana] ([seguimiento_campana_id], [fecha], [matricula], [observacion], [usuario_id], [campana_id], [estado_campana_id]) VALUES (8, CAST(N'2019-01-31T15:20:04.7890000' AS DateTime2), N'OHEREDIA', N'Proveedor: DOCFLOW. Costo: S/ 1600.0', 1, 3, 2)
INSERT [dbo].[seguimiento_campana] ([seguimiento_campana_id], [fecha], [matricula], [observacion], [usuario_id], [campana_id], [estado_campana_id]) VALUES (9, CAST(N'2019-01-31T15:21:35.0130000' AS DateTime2), N'OHEREDIA', NULL, 1, 1, 3)
INSERT [dbo].[seguimiento_campana] ([seguimiento_campana_id], [fecha], [matricula], [observacion], [usuario_id], [campana_id], [estado_campana_id]) VALUES (10, CAST(N'2019-01-31T15:22:29.7670000' AS DateTime2), N'OHEREDIA', NULL, 1, 2, 3)
INSERT [dbo].[seguimiento_campana] ([seguimiento_campana_id], [fecha], [matricula], [observacion], [usuario_id], [campana_id], [estado_campana_id]) VALUES (11, CAST(N'2019-01-31T15:23:06.1020000' AS DateTime2), N'OHEREDIA', NULL, 1, 1, 5)
INSERT [dbo].[seguimiento_campana] ([seguimiento_campana_id], [fecha], [matricula], [observacion], [usuario_id], [campana_id], [estado_campana_id]) VALUES (12, CAST(N'2019-01-31T15:23:09.0010000' AS DateTime2), N'OHEREDIA', NULL, 1, 2, 5)
INSERT [dbo].[seguimiento_campana] ([seguimiento_campana_id], [fecha], [matricula], [observacion], [usuario_id], [campana_id], [estado_campana_id]) VALUES (13, CAST(N'2019-01-31T15:23:22.3000000' AS DateTime2), N'OHEREDIA', N'. Costo: S/ 1100.0', 1, 1, 6)
INSERT [dbo].[seguimiento_campana] ([seguimiento_campana_id], [fecha], [matricula], [observacion], [usuario_id], [campana_id], [estado_campana_id]) VALUES (14, CAST(N'2019-01-31T15:23:28.9530000' AS DateTime2), N'OHEREDIA', N'. Costo: S/ 1000.0', 1, 2, 6)
INSERT [dbo].[seguimiento_campana] ([seguimiento_campana_id], [fecha], [matricula], [observacion], [usuario_id], [campana_id], [estado_campana_id]) VALUES (15, CAST(N'2019-01-31T15:26:29.9290000' AS DateTime2), N'OHEREDIA', NULL, 1, 1, 7)
INSERT [dbo].[seguimiento_campana] ([seguimiento_campana_id], [fecha], [matricula], [observacion], [usuario_id], [campana_id], [estado_campana_id]) VALUES (16, CAST(N'2019-01-31T15:26:36.2820000' AS DateTime2), N'OHEREDIA', NULL, 1, 2, 7)
INSERT [dbo].[seguimiento_campana] ([seguimiento_campana_id], [fecha], [matricula], [observacion], [usuario_id], [campana_id], [estado_campana_id]) VALUES (17, CAST(N'2019-01-31T15:26:45.6010000' AS DateTime2), N'OHEREDIA', NULL, 1, 1, 8)
INSERT [dbo].[seguimiento_campana] ([seguimiento_campana_id], [fecha], [matricula], [observacion], [usuario_id], [campana_id], [estado_campana_id]) VALUES (18, CAST(N'2019-01-31T15:26:47.7970000' AS DateTime2), N'OHEREDIA', NULL, 1, 2, 8)
INSERT [dbo].[seguimiento_campana] ([seguimiento_campana_id], [fecha], [matricula], [observacion], [usuario_id], [campana_id], [estado_campana_id]) VALUES (19, CAST(N'2019-01-31T15:26:57.9010000' AS DateTime2), N'OHEREDIA', NULL, 1, 1, 10)
INSERT [dbo].[seguimiento_campana] ([seguimiento_campana_id], [fecha], [matricula], [observacion], [usuario_id], [campana_id], [estado_campana_id]) VALUES (20, CAST(N'2019-01-31T15:27:01.8400000' AS DateTime2), N'OHEREDIA', NULL, 1, 2, 10)
INSERT [dbo].[seguimiento_campana] ([seguimiento_campana_id], [fecha], [matricula], [observacion], [usuario_id], [campana_id], [estado_campana_id]) VALUES (21, CAST(N'2019-01-31T15:27:24.3290000' AS DateTime2), N'OHEREDIA', NULL, 1, 1, 11)
INSERT [dbo].[seguimiento_campana] ([seguimiento_campana_id], [fecha], [matricula], [observacion], [usuario_id], [campana_id], [estado_campana_id]) VALUES (22, CAST(N'2019-01-31T15:27:32.7720000' AS DateTime2), N'OHEREDIA', NULL, 1, 2, 11)
INSERT [dbo].[seguimiento_campana] ([seguimiento_campana_id], [fecha], [matricula], [observacion], [usuario_id], [campana_id], [estado_campana_id]) VALUES (23, CAST(N'2019-01-31T15:27:41.3940000' AS DateTime2), N'OHEREDIA', NULL, 1, 1, 12)
INSERT [dbo].[seguimiento_campana] ([seguimiento_campana_id], [fecha], [matricula], [observacion], [usuario_id], [campana_id], [estado_campana_id]) VALUES (24, CAST(N'2019-01-31T15:27:43.7500000' AS DateTime2), N'OHEREDIA', NULL, 1, 2, 12)
INSERT [dbo].[seguimiento_campana] ([seguimiento_campana_id], [fecha], [matricula], [observacion], [usuario_id], [campana_id], [estado_campana_id]) VALUES (25, CAST(N'2019-01-31T15:34:00.3630000' AS DateTime2), N'OHEREDIA', N'', 1, 6, 1)
INSERT [dbo].[seguimiento_campana] ([seguimiento_campana_id], [fecha], [matricula], [observacion], [usuario_id], [campana_id], [estado_campana_id]) VALUES (26, CAST(N'2019-01-31T15:35:30.8350000' AS DateTime2), N'OHEREDIA', N'', 1, 7, 1)
INSERT [dbo].[seguimiento_campana] ([seguimiento_campana_id], [fecha], [matricula], [observacion], [usuario_id], [campana_id], [estado_campana_id]) VALUES (27, CAST(N'2019-01-31T15:37:47.8600000' AS DateTime2), N'OHEREDIA', N'', 1, 8, 1)
INSERT [dbo].[seguimiento_campana] ([seguimiento_campana_id], [fecha], [matricula], [observacion], [usuario_id], [campana_id], [estado_campana_id]) VALUES (28, CAST(N'2019-01-31T15:38:21.9670000' AS DateTime2), N'OHEREDIA', N'Proveedor: DOCFLOW. Costo: S/ 1500.0', 1, 4, 2)
INSERT [dbo].[seguimiento_campana] ([seguimiento_campana_id], [fecha], [matricula], [observacion], [usuario_id], [campana_id], [estado_campana_id]) VALUES (29, CAST(N'2019-01-31T15:38:35.6350000' AS DateTime2), N'OHEREDIA', N'Proveedor: DOCFLOW. Costo: S/ 6000.0', 1, 5, 2)
INSERT [dbo].[seguimiento_campana] ([seguimiento_campana_id], [fecha], [matricula], [observacion], [usuario_id], [campana_id], [estado_campana_id]) VALUES (30, CAST(N'2019-01-31T15:38:47.1450000' AS DateTime2), N'OHEREDIA', N'Proveedor: DOCFLOW. Costo: S/ 1400.0', 1, 6, 2)
INSERT [dbo].[seguimiento_campana] ([seguimiento_campana_id], [fecha], [matricula], [observacion], [usuario_id], [campana_id], [estado_campana_id]) VALUES (31, CAST(N'2019-01-31T15:39:25.1220000' AS DateTime2), N'OHEREDIA', NULL, 1, 3, 3)
INSERT [dbo].[seguimiento_campana] ([seguimiento_campana_id], [fecha], [matricula], [observacion], [usuario_id], [campana_id], [estado_campana_id]) VALUES (32, CAST(N'2019-01-31T15:41:18.2250000' AS DateTime2), N'OHEREDIA', NULL, 1, 4, 3)
INSERT [dbo].[seguimiento_campana] ([seguimiento_campana_id], [fecha], [matricula], [observacion], [usuario_id], [campana_id], [estado_campana_id]) VALUES (33, CAST(N'2019-01-31T15:42:42.1670000' AS DateTime2), N'OHEREDIA', NULL, 1, 5, 3)
INSERT [dbo].[seguimiento_campana] ([seguimiento_campana_id], [fecha], [matricula], [observacion], [usuario_id], [campana_id], [estado_campana_id]) VALUES (34, CAST(N'2019-01-31T15:43:04.1280000' AS DateTime2), N'OHEREDIA', NULL, 1, 3, 6)
INSERT [dbo].[seguimiento_campana] ([seguimiento_campana_id], [fecha], [matricula], [observacion], [usuario_id], [campana_id], [estado_campana_id]) VALUES (35, CAST(N'2019-01-31T15:43:07.0970000' AS DateTime2), N'OHEREDIA', NULL, 1, 4, 5)
INSERT [dbo].[seguimiento_campana] ([seguimiento_campana_id], [fecha], [matricula], [observacion], [usuario_id], [campana_id], [estado_campana_id]) VALUES (36, CAST(N'2019-01-31T15:44:03.6130000' AS DateTime2), N'OHEREDIA', N'. Costo: S/ 1110.0', 1, 4, 6)
INSERT [dbo].[seguimiento_campana] ([seguimiento_campana_id], [fecha], [matricula], [observacion], [usuario_id], [campana_id], [estado_campana_id]) VALUES (37, CAST(N'2019-01-31T15:44:23.8520000' AS DateTime2), N'OHEREDIA', NULL, 1, 4, 7)
INSERT [dbo].[seguimiento_campana] ([seguimiento_campana_id], [fecha], [matricula], [observacion], [usuario_id], [campana_id], [estado_campana_id]) VALUES (38, CAST(N'2019-01-31T15:44:33.7440000' AS DateTime2), N'OHEREDIA', NULL, 1, 4, 8)
INSERT [dbo].[seguimiento_campana] ([seguimiento_campana_id], [fecha], [matricula], [observacion], [usuario_id], [campana_id], [estado_campana_id]) VALUES (39, CAST(N'2019-01-31T15:51:43.1980000' AS DateTime2), N'OHEREDIA', N'', 1, 9, 1)
INSERT [dbo].[seguimiento_campana] ([seguimiento_campana_id], [fecha], [matricula], [observacion], [usuario_id], [campana_id], [estado_campana_id]) VALUES (40, CAST(N'2019-01-31T15:52:22.5160000' AS DateTime2), N'OHEREDIA', N'Proveedor: DOCFLOW. Costo: S/ 1500.0', 1, 7, 2)
INSERT [dbo].[seguimiento_campana] ([seguimiento_campana_id], [fecha], [matricula], [observacion], [usuario_id], [campana_id], [estado_campana_id]) VALUES (41, CAST(N'2019-01-31T15:52:31.6350000' AS DateTime2), N'OHEREDIA', N'Proveedor: URBANO. Costo: S/ 1600.0', 1, 8, 2)
INSERT [dbo].[seguimiento_campana] ([seguimiento_campana_id], [fecha], [matricula], [observacion], [usuario_id], [campana_id], [estado_campana_id]) VALUES (42, CAST(N'2019-01-31T15:53:20.5690000' AS DateTime2), N'OHEREDIA', NULL, 1, 6, 3)
INSERT [dbo].[seguimiento_campana] ([seguimiento_campana_id], [fecha], [matricula], [observacion], [usuario_id], [campana_id], [estado_campana_id]) VALUES (43, CAST(N'2019-01-31T15:53:35.9630000' AS DateTime2), N'OHEREDIA', NULL, 1, 6, 5)
INSERT [dbo].[seguimiento_campana] ([seguimiento_campana_id], [fecha], [matricula], [observacion], [usuario_id], [campana_id], [estado_campana_id]) VALUES (44, CAST(N'2019-01-31T15:54:38.6320000' AS DateTime2), N'OHEREDIA', NULL, 1, 7, 3)
INSERT [dbo].[seguimiento_campana] ([seguimiento_campana_id], [fecha], [matricula], [observacion], [usuario_id], [campana_id], [estado_campana_id]) VALUES (45, CAST(N'2019-01-31T15:54:49.6040000' AS DateTime2), N'OHEREDIA', NULL, 1, 5, 5)
INSERT [dbo].[seguimiento_campana] ([seguimiento_campana_id], [fecha], [matricula], [observacion], [usuario_id], [campana_id], [estado_campana_id]) VALUES (46, CAST(N'2019-01-31T15:55:01.6740000' AS DateTime2), N'OHEREDIA', N'. Costo: S/ 5500.0', 1, 5, 6)
INSERT [dbo].[seguimiento_campana] ([seguimiento_campana_id], [fecha], [matricula], [observacion], [usuario_id], [campana_id], [estado_campana_id]) VALUES (47, CAST(N'2019-01-31T15:55:18.6200000' AS DateTime2), N'OHEREDIA', NULL, 1, 3, 7)
INSERT [dbo].[seguimiento_campana] ([seguimiento_campana_id], [fecha], [matricula], [observacion], [usuario_id], [campana_id], [estado_campana_id]) VALUES (48, CAST(N'2019-02-04T17:00:57.0100000' AS DateTime2), N'OHEREDIA', N'', 1, 10, 1)
INSERT [dbo].[seguimiento_campana] ([seguimiento_campana_id], [fecha], [matricula], [observacion], [usuario_id], [campana_id], [estado_campana_id]) VALUES (49, CAST(N'2019-02-04T17:02:31.5480000' AS DateTime2), N'OHEREDIA', N'', 1, 11, 1)
INSERT [dbo].[seguimiento_campana] ([seguimiento_campana_id], [fecha], [matricula], [observacion], [usuario_id], [campana_id], [estado_campana_id]) VALUES (50, CAST(N'2019-02-04T17:03:54.8030000' AS DateTime2), N'OHEREDIA', N'', 1, 12, 1)
INSERT [dbo].[seguimiento_campana] ([seguimiento_campana_id], [fecha], [matricula], [observacion], [usuario_id], [campana_id], [estado_campana_id]) VALUES (51, CAST(N'2019-02-04T17:04:53.5120000' AS DateTime2), N'OHEREDIA', N'', 1, 13, 1)
INSERT [dbo].[seguimiento_campana] ([seguimiento_campana_id], [fecha], [matricula], [observacion], [usuario_id], [campana_id], [estado_campana_id]) VALUES (52, CAST(N'2019-02-04T17:05:37.2150000' AS DateTime2), N'OHEREDIA', N'', 1, 14, 1)
INSERT [dbo].[seguimiento_campana] ([seguimiento_campana_id], [fecha], [matricula], [observacion], [usuario_id], [campana_id], [estado_campana_id]) VALUES (53, CAST(N'2019-02-04T17:06:30.8000000' AS DateTime2), N'OHEREDIA', N'', 1, 15, 1)
INSERT [dbo].[seguimiento_campana] ([seguimiento_campana_id], [fecha], [matricula], [observacion], [usuario_id], [campana_id], [estado_campana_id]) VALUES (54, CAST(N'2019-02-04T17:06:44.4290000' AS DateTime2), N'OHEREDIA', N'Proveedor: DOCFLOW. Costo: S/ 1500.0', 1, 9, 2)
INSERT [dbo].[seguimiento_campana] ([seguimiento_campana_id], [fecha], [matricula], [observacion], [usuario_id], [campana_id], [estado_campana_id]) VALUES (55, CAST(N'2019-02-04T17:06:53.2840000' AS DateTime2), N'OHEREDIA', N'Proveedor: DOCFLOW. Costo: S/ 6000.0', 1, 10, 2)
INSERT [dbo].[seguimiento_campana] ([seguimiento_campana_id], [fecha], [matricula], [observacion], [usuario_id], [campana_id], [estado_campana_id]) VALUES (56, CAST(N'2019-02-04T17:07:02.8450000' AS DateTime2), N'OHEREDIA', N'Proveedor: URBANO. Costo: S/ 1500.0', 1, 11, 2)
INSERT [dbo].[seguimiento_campana] ([seguimiento_campana_id], [fecha], [matricula], [observacion], [usuario_id], [campana_id], [estado_campana_id]) VALUES (57, CAST(N'2019-02-04T17:07:22.9320000' AS DateTime2), N'OHEREDIA', N'Proveedor: URBANO. Costo: S/ 1600.0', 1, 12, 2)
INSERT [dbo].[seguimiento_campana] ([seguimiento_campana_id], [fecha], [matricula], [observacion], [usuario_id], [campana_id], [estado_campana_id]) VALUES (58, CAST(N'2019-02-04T17:07:33.0400000' AS DateTime2), N'OHEREDIA', N'Proveedor: URBANO. Costo: S/ 4500.0', 1, 13, 2)
INSERT [dbo].[seguimiento_campana] ([seguimiento_campana_id], [fecha], [matricula], [observacion], [usuario_id], [campana_id], [estado_campana_id]) VALUES (59, CAST(N'2019-02-04T17:07:58.9840000' AS DateTime2), N'OHEREDIA', N'Proveedor: DOCFLOW. Costo: S/ 1060.0', 1, 14, 2)
INSERT [dbo].[seguimiento_campana] ([seguimiento_campana_id], [fecha], [matricula], [observacion], [usuario_id], [campana_id], [estado_campana_id]) VALUES (60, CAST(N'2019-02-04T17:08:58.4360000' AS DateTime2), N'OHEREDIA', NULL, 1, 8, 3)
INSERT [dbo].[seguimiento_campana] ([seguimiento_campana_id], [fecha], [matricula], [observacion], [usuario_id], [campana_id], [estado_campana_id]) VALUES (61, CAST(N'2019-02-04T17:09:48.5780000' AS DateTime2), N'OHEREDIA', NULL, 1, 9, 3)
INSERT [dbo].[seguimiento_campana] ([seguimiento_campana_id], [fecha], [matricula], [observacion], [usuario_id], [campana_id], [estado_campana_id]) VALUES (62, CAST(N'2019-02-04T17:10:49.7390000' AS DateTime2), N'OHEREDIA', NULL, 1, 10, 3)
INSERT [dbo].[seguimiento_campana] ([seguimiento_campana_id], [fecha], [matricula], [observacion], [usuario_id], [campana_id], [estado_campana_id]) VALUES (63, CAST(N'2019-02-04T17:11:53.3940000' AS DateTime2), N'OHEREDIA', NULL, 1, 11, 3)
INSERT [dbo].[seguimiento_campana] ([seguimiento_campana_id], [fecha], [matricula], [observacion], [usuario_id], [campana_id], [estado_campana_id]) VALUES (64, CAST(N'2019-02-04T17:13:27.9420000' AS DateTime2), N'OHEREDIA', NULL, 1, 12, 3)
INSERT [dbo].[seguimiento_campana] ([seguimiento_campana_id], [fecha], [matricula], [observacion], [usuario_id], [campana_id], [estado_campana_id]) VALUES (65, CAST(N'2019-02-04T17:13:43.2480000' AS DateTime2), N'OHEREDIA', NULL, 1, 7, 5)
INSERT [dbo].[seguimiento_campana] ([seguimiento_campana_id], [fecha], [matricula], [observacion], [usuario_id], [campana_id], [estado_campana_id]) VALUES (66, CAST(N'2019-02-04T17:14:06.8170000' AS DateTime2), N'OHEREDIA', NULL, 1, 8, 5)
INSERT [dbo].[seguimiento_campana] ([seguimiento_campana_id], [fecha], [matricula], [observacion], [usuario_id], [campana_id], [estado_campana_id]) VALUES (67, CAST(N'2019-02-04T17:14:09.3820000' AS DateTime2), N'OHEREDIA', NULL, 1, 9, 5)
INSERT [dbo].[seguimiento_campana] ([seguimiento_campana_id], [fecha], [matricula], [observacion], [usuario_id], [campana_id], [estado_campana_id]) VALUES (68, CAST(N'2019-02-04T17:14:12.2450000' AS DateTime2), N'OHEREDIA', NULL, 1, 10, 5)
INSERT [dbo].[seguimiento_campana] ([seguimiento_campana_id], [fecha], [matricula], [observacion], [usuario_id], [campana_id], [estado_campana_id]) VALUES (69, CAST(N'2019-02-04T17:14:36.0130000' AS DateTime2), N'OHEREDIA', NULL, 1, 11, 5)
INSERT [dbo].[seguimiento_campana] ([seguimiento_campana_id], [fecha], [matricula], [observacion], [usuario_id], [campana_id], [estado_campana_id]) VALUES (70, CAST(N'2019-02-04T17:15:27.8390000' AS DateTime2), N'OHEREDIA', N'. Costo: S/ 1600.0', 1, 6, 6)
INSERT [dbo].[seguimiento_campana] ([seguimiento_campana_id], [fecha], [matricula], [observacion], [usuario_id], [campana_id], [estado_campana_id]) VALUES (71, CAST(N'2019-02-04T17:15:34.8080000' AS DateTime2), N'OHEREDIA', N'. Costo: S/ 1450.0', 1, 7, 6)
INSERT [dbo].[seguimiento_campana] ([seguimiento_campana_id], [fecha], [matricula], [observacion], [usuario_id], [campana_id], [estado_campana_id]) VALUES (72, CAST(N'2019-02-04T17:15:42.0970000' AS DateTime2), N'OHEREDIA', N'. Costo: S/ 1100.0', 1, 8, 6)
INSERT [dbo].[seguimiento_campana] ([seguimiento_campana_id], [fecha], [matricula], [observacion], [usuario_id], [campana_id], [estado_campana_id]) VALUES (73, CAST(N'2019-02-04T17:16:00.0970000' AS DateTime2), N'OHEREDIA', N'. Costo: S/ 1200.0', 1, 9, 6)
INSERT [dbo].[seguimiento_campana] ([seguimiento_campana_id], [fecha], [matricula], [observacion], [usuario_id], [campana_id], [estado_campana_id]) VALUES (74, CAST(N'2019-02-04T17:16:20.2560000' AS DateTime2), N'OHEREDIA', N'. Costo: S/ 4500.0', 1, 10, 6)
INSERT [dbo].[seguimiento_campana] ([seguimiento_campana_id], [fecha], [matricula], [observacion], [usuario_id], [campana_id], [estado_campana_id]) VALUES (75, CAST(N'2019-02-04T17:17:12.2100000' AS DateTime2), N'OHEREDIA', NULL, 1, 5, 7)
INSERT [dbo].[seguimiento_campana] ([seguimiento_campana_id], [fecha], [matricula], [observacion], [usuario_id], [campana_id], [estado_campana_id]) VALUES (76, CAST(N'2019-02-04T17:18:07.0570000' AS DateTime2), N'OHEREDIA', NULL, 1, 6, 7)
INSERT [dbo].[seguimiento_campana] ([seguimiento_campana_id], [fecha], [matricula], [observacion], [usuario_id], [campana_id], [estado_campana_id]) VALUES (77, CAST(N'2019-02-04T17:18:16.0760000' AS DateTime2), N'OHEREDIA', NULL, 1, 7, 7)
INSERT [dbo].[seguimiento_campana] ([seguimiento_campana_id], [fecha], [matricula], [observacion], [usuario_id], [campana_id], [estado_campana_id]) VALUES (78, CAST(N'2019-02-04T17:18:23.9030000' AS DateTime2), N'OHEREDIA', NULL, 1, 8, 7)
INSERT [dbo].[seguimiento_campana] ([seguimiento_campana_id], [fecha], [matricula], [observacion], [usuario_id], [campana_id], [estado_campana_id]) VALUES (79, CAST(N'2019-02-04T17:20:32.4940000' AS DateTime2), N'OHEREDIA', NULL, 1, 3, 8)
INSERT [dbo].[seguimiento_campana] ([seguimiento_campana_id], [fecha], [matricula], [observacion], [usuario_id], [campana_id], [estado_campana_id]) VALUES (80, CAST(N'2019-02-04T17:20:37.4090000' AS DateTime2), N'OHEREDIA', NULL, 1, 5, 8)
INSERT [dbo].[seguimiento_campana] ([seguimiento_campana_id], [fecha], [matricula], [observacion], [usuario_id], [campana_id], [estado_campana_id]) VALUES (81, CAST(N'2019-02-04T17:20:40.4330000' AS DateTime2), N'OHEREDIA', NULL, 1, 6, 8)
INSERT [dbo].[seguimiento_campana] ([seguimiento_campana_id], [fecha], [matricula], [observacion], [usuario_id], [campana_id], [estado_campana_id]) VALUES (82, CAST(N'2019-02-04T17:20:44.3150000' AS DateTime2), N'OHEREDIA', NULL, 1, 7, 8)
INSERT [dbo].[seguimiento_campana] ([seguimiento_campana_id], [fecha], [matricula], [observacion], [usuario_id], [campana_id], [estado_campana_id]) VALUES (83, CAST(N'2019-02-04T17:21:08.4480000' AS DateTime2), N'OHEREDIA', NULL, 1, 3, 10)
INSERT [dbo].[seguimiento_campana] ([seguimiento_campana_id], [fecha], [matricula], [observacion], [usuario_id], [campana_id], [estado_campana_id]) VALUES (84, CAST(N'2019-02-04T17:21:11.3570000' AS DateTime2), N'OHEREDIA', NULL, 1, 4, 10)
INSERT [dbo].[seguimiento_campana] ([seguimiento_campana_id], [fecha], [matricula], [observacion], [usuario_id], [campana_id], [estado_campana_id]) VALUES (85, CAST(N'2019-02-04T17:21:17.2360000' AS DateTime2), N'OHEREDIA', NULL, 1, 5, 10)
INSERT [dbo].[seguimiento_campana] ([seguimiento_campana_id], [fecha], [matricula], [observacion], [usuario_id], [campana_id], [estado_campana_id]) VALUES (86, CAST(N'2019-02-04T17:21:20.1770000' AS DateTime2), N'OHEREDIA', NULL, 1, 6, 10)
INSERT [dbo].[seguimiento_campana] ([seguimiento_campana_id], [fecha], [matricula], [observacion], [usuario_id], [campana_id], [estado_campana_id]) VALUES (87, CAST(N'2019-02-04T17:21:42.5210000' AS DateTime2), N'OHEREDIA', NULL, 1, 3, 11)
INSERT [dbo].[seguimiento_campana] ([seguimiento_campana_id], [fecha], [matricula], [observacion], [usuario_id], [campana_id], [estado_campana_id]) VALUES (88, CAST(N'2019-02-04T17:21:49.6010000' AS DateTime2), N'OHEREDIA', NULL, 1, 4, 11)
INSERT [dbo].[seguimiento_campana] ([seguimiento_campana_id], [fecha], [matricula], [observacion], [usuario_id], [campana_id], [estado_campana_id]) VALUES (89, CAST(N'2019-02-04T17:21:58.0640000' AS DateTime2), N'OHEREDIA', NULL, 1, 5, 11)
INSERT [dbo].[seguimiento_campana] ([seguimiento_campana_id], [fecha], [matricula], [observacion], [usuario_id], [campana_id], [estado_campana_id]) VALUES (90, CAST(N'2019-02-04T17:22:07.2940000' AS DateTime2), N'OHEREDIA', NULL, 1, 6, 11)
INSERT [dbo].[seguimiento_campana] ([seguimiento_campana_id], [fecha], [matricula], [observacion], [usuario_id], [campana_id], [estado_campana_id]) VALUES (91, CAST(N'2019-02-04T17:22:45.2020000' AS DateTime2), N'OHEREDIA', NULL, 1, 3, 12)
INSERT [dbo].[seguimiento_campana] ([seguimiento_campana_id], [fecha], [matricula], [observacion], [usuario_id], [campana_id], [estado_campana_id]) VALUES (92, CAST(N'2019-02-04T17:22:47.9010000' AS DateTime2), N'OHEREDIA', NULL, 1, 4, 12)
INSERT [dbo].[seguimiento_campana] ([seguimiento_campana_id], [fecha], [matricula], [observacion], [usuario_id], [campana_id], [estado_campana_id]) VALUES (93, CAST(N'2019-02-04T17:22:50.4910000' AS DateTime2), N'OHEREDIA', NULL, 1, 5, 12)
INSERT [dbo].[seguimiento_campana] ([seguimiento_campana_id], [fecha], [matricula], [observacion], [usuario_id], [campana_id], [estado_campana_id]) VALUES (94, CAST(N'2019-02-04T17:22:53.7120000' AS DateTime2), N'OHEREDIA', NULL, 1, 6, 12)
INSERT [dbo].[seguimiento_campana] ([seguimiento_campana_id], [fecha], [matricula], [observacion], [usuario_id], [campana_id], [estado_campana_id]) VALUES (95, CAST(N'2019-02-04T17:23:20.7230000' AS DateTime2), N'OHEREDIA', NULL, 1, 1, 14)
INSERT [dbo].[seguimiento_campana] ([seguimiento_campana_id], [fecha], [matricula], [observacion], [usuario_id], [campana_id], [estado_campana_id]) VALUES (96, CAST(N'2019-02-04T17:23:25.2320000' AS DateTime2), N'OHEREDIA', NULL, 1, 2, 14)
INSERT [dbo].[seguimiento_campana] ([seguimiento_campana_id], [fecha], [matricula], [observacion], [usuario_id], [campana_id], [estado_campana_id]) VALUES (97, CAST(N'2019-02-04T17:24:23.5980000' AS DateTime2), N'OHEREDIA', NULL, 1, 3, 14)
INSERT [dbo].[seguimiento_campana] ([seguimiento_campana_id], [fecha], [matricula], [observacion], [usuario_id], [campana_id], [estado_campana_id]) VALUES (98, CAST(N'2019-02-04T17:24:26.0890000' AS DateTime2), N'OHEREDIA', NULL, 1, 4, 14)
INSERT [dbo].[seguimiento_campana] ([seguimiento_campana_id], [fecha], [matricula], [observacion], [usuario_id], [campana_id], [estado_campana_id]) VALUES (99, CAST(N'2019-02-04T17:24:28.7670000' AS DateTime2), N'OHEREDIA', NULL, 1, 5, 14)

INSERT [dbo].[seguimiento_campana] ([seguimiento_campana_id], [fecha], [matricula], [observacion], [usuario_id], [campana_id], [estado_campana_id]) VALUES (100, CAST(N'2019-02-04T17:25:23.8750000' AS DateTime2), N'OHEREDIA', NULL, 1, 1, 15)
INSERT [dbo].[seguimiento_campana] ([seguimiento_campana_id], [fecha], [matricula], [observacion], [usuario_id], [campana_id], [estado_campana_id]) VALUES (101, CAST(N'2019-02-04T17:25:39.6990000' AS DateTime2), N'OHEREDIA', NULL, 1, 2, 15)
INSERT [dbo].[seguimiento_campana] ([seguimiento_campana_id], [fecha], [matricula], [observacion], [usuario_id], [campana_id], [estado_campana_id]) VALUES (102, CAST(N'2019-02-04T17:26:08.2250000' AS DateTime2), N'OHEREDIA', NULL, 1, 3, 15)
INSERT [dbo].[seguimiento_campana] ([seguimiento_campana_id], [fecha], [matricula], [observacion], [usuario_id], [campana_id], [estado_campana_id]) VALUES (103, CAST(N'2019-02-04T17:26:24.7190000' AS DateTime2), N'OHEREDIA', NULL, 1, 4, 15)
INSERT [dbo].[seguimiento_campana] ([seguimiento_campana_id], [fecha], [matricula], [observacion], [usuario_id], [campana_id], [estado_campana_id]) VALUES (104, CAST(N'2019-02-04T17:27:04.2940000' AS DateTime2), N'OHEREDIA', NULL, 1, 5, 15)
INSERT [dbo].[seguimiento_campana] ([seguimiento_campana_id], [fecha], [matricula], [observacion], [usuario_id], [campana_id], [estado_campana_id]) VALUES (105, CAST(N'2019-02-04T17:27:41.2230000' AS DateTime2), N'OHEREDIA', NULL, 1, 1, 16)
INSERT [dbo].[seguimiento_campana] ([seguimiento_campana_id], [fecha], [matricula], [observacion], [usuario_id], [campana_id], [estado_campana_id]) VALUES (106, CAST(N'2019-02-04T17:27:45.5390000' AS DateTime2), N'OHEREDIA', NULL, 1, 2, 16)
INSERT [dbo].[seguimiento_campana] ([seguimiento_campana_id], [fecha], [matricula], [observacion], [usuario_id], [campana_id], [estado_campana_id]) VALUES (107, CAST(N'2019-02-04T17:27:52.2450000' AS DateTime2), N'OHEREDIA', NULL, 1, 3, 16)
INSERT [dbo].[seguimiento_campana] ([seguimiento_campana_id], [fecha], [matricula], [observacion], [usuario_id], [campana_id], [estado_campana_id]) VALUES (108, CAST(N'2019-02-04T17:28:05.1590000' AS DateTime2), N'OHEREDIA', NULL, 1, 4, 16)
INSERT [dbo].[seguimiento_campana] ([seguimiento_campana_id], [fecha], [matricula], [observacion], [usuario_id], [campana_id], [estado_campana_id]) VALUES (109, CAST(N'2019-02-04T17:28:09.6500000' AS DateTime2), N'OHEREDIA', NULL, 1, 5, 16)
INSERT [dbo].[seguimiento_campana] ([seguimiento_campana_id], [fecha], [matricula], [observacion], [usuario_id], [campana_id], [estado_campana_id]) VALUES (110, CAST(N'2019-02-04T17:28:44.3840000' AS DateTime2), N'OHEREDIA', NULL, 1, 1, 17)
INSERT [dbo].[seguimiento_campana] ([seguimiento_campana_id], [fecha], [matricula], [observacion], [usuario_id], [campana_id], [estado_campana_id]) VALUES (111, CAST(N'2019-02-04T17:28:48.3140000' AS DateTime2), N'OHEREDIA', NULL, 1, 2, 17)
INSERT [dbo].[seguimiento_campana] ([seguimiento_campana_id], [fecha], [matricula], [observacion], [usuario_id], [campana_id], [estado_campana_id]) VALUES (112, CAST(N'2019-02-04T17:28:52.7760000' AS DateTime2), N'OHEREDIA', NULL, 1, 3, 17)
INSERT [dbo].[seguimiento_campana] ([seguimiento_campana_id], [fecha], [matricula], [observacion], [usuario_id], [campana_id], [estado_campana_id]) VALUES (113, CAST(N'2019-02-04T17:28:57.5810000' AS DateTime2), N'OHEREDIA', NULL, 1, 4, 17)
INSERT [dbo].[seguimiento_campana] ([seguimiento_campana_id], [fecha], [matricula], [observacion], [usuario_id], [campana_id], [estado_campana_id]) VALUES (114, CAST(N'2019-02-04T17:29:10.0100000' AS DateTime2), N'OHEREDIA', NULL, 1, 1, 19)
INSERT [dbo].[seguimiento_campana] ([seguimiento_campana_id], [fecha], [matricula], [observacion], [usuario_id], [campana_id], [estado_campana_id]) VALUES (115, CAST(N'2019-02-04T17:29:12.8040000' AS DateTime2), N'OHEREDIA', NULL, 1, 2, 19)
INSERT [dbo].[seguimiento_campana] ([seguimiento_campana_id], [fecha], [matricula], [observacion], [usuario_id], [campana_id], [estado_campana_id]) VALUES (116, CAST(N'2019-02-04T17:29:15.4660000' AS DateTime2), N'OHEREDIA', NULL, 1, 3, 19)
SET IDENTITY_INSERT [dbo].[seguimiento_campana] OFF
SET IDENTITY_INSERT [dbo].[tipo_agrupado] ON 

INSERT [dbo].[tipo_agrupado] ([tipo_agrupado_id], [nombre]) VALUES (1, N'POR AGENCIA')
INSERT [dbo].[tipo_agrupado] ([tipo_agrupado_id], [nombre]) VALUES (2, N'POR UNIDAD ORGANIZATIVA')
INSERT [dbo].[tipo_agrupado] ([tipo_agrupado_id], [nombre]) VALUES (3, N'POR SUCURSAL - SEDE')
SET IDENTITY_INSERT [dbo].[tipo_agrupado] OFF
SET IDENTITY_INSERT [dbo].[tipo_entrega] ON 

INSERT [dbo].[tipo_entrega] ([tipo_entrega_id], [nombre]) VALUES (1, N'ENTREGA CON SELLO')
INSERT [dbo].[tipo_entrega] ([tipo_entrega_id], [nombre]) VALUES (2, N'ENTREGADO A TITULAR')
INSERT [dbo].[tipo_entrega] ([tipo_entrega_id], [nombre]) VALUES (3, N'BUZON')
INSERT [dbo].[tipo_entrega] ([tipo_entrega_id], [nombre]) VALUES (4, N'ENTREGA SIN DATOS')
INSERT [dbo].[tipo_entrega] ([tipo_entrega_id], [nombre]) VALUES (5, N'BAJO PUERTA')
INSERT [dbo].[tipo_entrega] ([tipo_entrega_id], [nombre]) VALUES (6, N'ENTREGADO A TERCERO')
SET IDENTITY_INSERT [dbo].[tipo_entrega] OFF
INSERT [dbo].[tipo_entrega_campana] ([campana_id], [tipo_entrega_id]) VALUES (1, 1)
INSERT [dbo].[tipo_entrega_campana] ([campana_id], [tipo_entrega_id]) VALUES (1, 2)
INSERT [dbo].[tipo_entrega_campana] ([campana_id], [tipo_entrega_id]) VALUES (2, 6)
INSERT [dbo].[tipo_entrega_campana] ([campana_id], [tipo_entrega_id]) VALUES (4, 3)
INSERT [dbo].[tipo_entrega_campana] ([campana_id], [tipo_entrega_id]) VALUES (4, 4)
INSERT [dbo].[tipo_entrega_campana] ([campana_id], [tipo_entrega_id]) VALUES (6, 1)
INSERT [dbo].[tipo_entrega_campana] ([campana_id], [tipo_entrega_id]) VALUES (6, 2)
INSERT [dbo].[tipo_entrega_campana] ([campana_id], [tipo_entrega_id]) VALUES (7, 3)
INSERT [dbo].[tipo_entrega_campana] ([campana_id], [tipo_entrega_id]) VALUES (7, 4)
INSERT [dbo].[tipo_entrega_campana] ([campana_id], [tipo_entrega_id]) VALUES (9, 2)
INSERT [dbo].[tipo_entrega_campana] ([campana_id], [tipo_entrega_id]) VALUES (9, 3)
INSERT [dbo].[tipo_entrega_campana] ([campana_id], [tipo_entrega_id]) VALUES (9, 4)
INSERT [dbo].[tipo_entrega_campana] ([campana_id], [tipo_entrega_id]) VALUES (10, 1)
INSERT [dbo].[tipo_entrega_campana] ([campana_id], [tipo_entrega_id]) VALUES (10, 2)
INSERT [dbo].[tipo_entrega_campana] ([campana_id], [tipo_entrega_id]) VALUES (10, 4)
INSERT [dbo].[tipo_entrega_campana] ([campana_id], [tipo_entrega_id]) VALUES (11, 2)
INSERT [dbo].[tipo_entrega_campana] ([campana_id], [tipo_entrega_id]) VALUES (11, 3)
INSERT [dbo].[tipo_entrega_campana] ([campana_id], [tipo_entrega_id]) VALUES (12, 1)
INSERT [dbo].[tipo_entrega_campana] ([campana_id], [tipo_entrega_id]) VALUES (12, 2)
INSERT [dbo].[tipo_entrega_campana] ([campana_id], [tipo_entrega_id]) VALUES (12, 4)
INSERT [dbo].[tipo_entrega_campana] ([campana_id], [tipo_entrega_id]) VALUES (13, 2)
INSERT [dbo].[tipo_entrega_campana] ([campana_id], [tipo_entrega_id]) VALUES (13, 5)
INSERT [dbo].[tipo_entrega_campana] ([campana_id], [tipo_entrega_id]) VALUES (14, 1)
INSERT [dbo].[tipo_entrega_campana] ([campana_id], [tipo_entrega_id]) VALUES (14, 5)
INSERT [dbo].[tipo_entrega_campana] ([campana_id], [tipo_entrega_id]) VALUES (15, 1)
INSERT [dbo].[tipo_entrega_campana] ([campana_id], [tipo_entrega_id]) VALUES (15, 4)
INSERT [dbo].[tipo_entrega_campana] ([campana_id], [tipo_entrega_id]) VALUES (15, 6)
SET IDENTITY_INSERT [dbo].[centro_costos] ON 

INSERT [dbo].[centro_costos] ([centro_costos_id], [centro_costos_codigo], [cuenta_contable_codigo], [grupo_articulo], [orden_estadistica], [porcentaje], [auspiciador_id]) VALUES (1, N'asdas', N'sdasd', N'dasdas', N'dasdas', 100, 3)
INSERT [dbo].[centro_costos] ([centro_costos_id], [centro_costos_codigo], [cuenta_contable_codigo], [grupo_articulo], [orden_estadistica], [porcentaje], [auspiciador_id]) VALUES (2, N'010-010', N'011-0100', N'05', N'101', 100, 4)
INSERT [dbo].[centro_costos] ([centro_costos_id], [centro_costos_codigo], [cuenta_contable_codigo], [grupo_articulo], [orden_estadistica], [porcentaje], [auspiciador_id]) VALUES (3, N'010', N'0100-010', N'06', N'1002', 100, 5)
INSERT [dbo].[centro_costos] ([centro_costos_id], [centro_costos_codigo], [cuenta_contable_codigo], [grupo_articulo], [orden_estadistica], [porcentaje], [auspiciador_id]) VALUES (4, N'0159', N'0100-0200', N'09', N'150', 100, 6)
INSERT [dbo].[centro_costos] ([centro_costos_id], [centro_costos_codigo], [cuenta_contable_codigo], [grupo_articulo], [orden_estadistica], [porcentaje], [auspiciador_id]) VALUES (5, N'0165', N'0100-0502', N'05', N'158', 100, 7)
INSERT [dbo].[centro_costos] ([centro_costos_id], [centro_costos_codigo], [cuenta_contable_codigo], [grupo_articulo], [orden_estadistica], [porcentaje], [auspiciador_id]) VALUES (6, N'0100-52', N'0100-05500', N'05', N'0100-5', 100, 8)
INSERT [dbo].[centro_costos] ([centro_costos_id], [centro_costos_codigo], [cuenta_contable_codigo], [grupo_articulo], [orden_estadistica], [porcentaje], [auspiciador_id]) VALUES (7, N'0110', N'0100-0500-5', N'05', N'02063', 100, 9)
INSERT [dbo].[centro_costos] ([centro_costos_id], [centro_costos_codigo], [cuenta_contable_codigo], [grupo_articulo], [orden_estadistica], [porcentaje], [auspiciador_id]) VALUES (8, N'100-5', N'100-2', N'100-5', N'100-20', 100, 10)
INSERT [dbo].[centro_costos] ([centro_costos_id], [centro_costos_codigo], [cuenta_contable_codigo], [grupo_articulo], [orden_estadistica], [porcentaje], [auspiciador_id]) VALUES (9, N'100-9', N'100-56', N'100-3', N'100-8', 100, 11)
INSERT [dbo].[centro_costos] ([centro_costos_id], [centro_costos_codigo], [cuenta_contable_codigo], [grupo_articulo], [orden_estadistica], [porcentaje], [auspiciador_id]) VALUES (10, N'100-3', N'100-5', N'100-6', N'100-2', 100, 12)
INSERT [dbo].[centro_costos] ([centro_costos_id], [centro_costos_codigo], [cuenta_contable_codigo], [grupo_articulo], [orden_estadistica], [porcentaje], [auspiciador_id]) VALUES (11, N'100-5', N'100-6', N'100-9', N'100-3', 100, 13)
INSERT [dbo].[centro_costos] ([centro_costos_id], [centro_costos_codigo], [cuenta_contable_codigo], [grupo_articulo], [orden_estadistica], [porcentaje], [auspiciador_id]) VALUES (12, N'100-6', N'100-5', N'100-8|', N'100-8', 100, 14)
INSERT [dbo].[centro_costos] ([centro_costos_id], [centro_costos_codigo], [cuenta_contable_codigo], [grupo_articulo], [orden_estadistica], [porcentaje], [auspiciador_id]) VALUES (13, N'100-6', N'100-5', N'100-8', N'100-9', 100, 15)
INSERT [dbo].[centro_costos] ([centro_costos_id], [centro_costos_codigo], [cuenta_contable_codigo], [grupo_articulo], [orden_estadistica], [porcentaje], [auspiciador_id]) VALUES (14, N'100-8', N'100-9', N'100-6', N'100-7', 100, 16)
INSERT [dbo].[centro_costos] ([centro_costos_id], [centro_costos_codigo], [cuenta_contable_codigo], [grupo_articulo], [orden_estadistica], [porcentaje], [auspiciador_id]) VALUES (15, N'100-6|', N'100-5', N'100-8', N'100-9', 100, 17)
INSERT [dbo].[centro_costos] ([centro_costos_id], [centro_costos_codigo], [cuenta_contable_codigo], [grupo_articulo], [orden_estadistica], [porcentaje], [auspiciador_id]) VALUES (16, N'100-5', N'100-9', N'100-8', N'100-5', 100, 18)
INSERT [dbo].[centro_costos] ([centro_costos_id], [centro_costos_codigo], [cuenta_contable_codigo], [grupo_articulo], [orden_estadistica], [porcentaje], [auspiciador_id]) VALUES (17, N'100-5', N'100-5', N'100-89', N'100-69', 100, 19)
INSERT [dbo].[centro_costos] ([centro_costos_id], [centro_costos_codigo], [cuenta_contable_codigo], [grupo_articulo], [orden_estadistica], [porcentaje], [auspiciador_id]) VALUES (18, N'100-5', N'100-8', N'100-8', N'100-7', 100, 20)
INSERT [dbo].[centro_costos] ([centro_costos_id], [centro_costos_codigo], [cuenta_contable_codigo], [grupo_articulo], [orden_estadistica], [porcentaje], [auspiciador_id]) VALUES (19, N'100-5', N'100-9', N'100-5', N'100-7', 100, 21)
INSERT [dbo].[centro_costos] ([centro_costos_id], [centro_costos_codigo], [cuenta_contable_codigo], [grupo_articulo], [orden_estadistica], [porcentaje], [auspiciador_id]) VALUES (20, N'100-7', N'100-5', N'100-6', N'100-2', 100, 22)
INSERT [dbo].[centro_costos] ([centro_costos_id], [centro_costos_codigo], [cuenta_contable_codigo], [grupo_articulo], [orden_estadistica], [porcentaje], [auspiciador_id]) VALUES (21, N'100-5', N'100-6', N'100-5', N'100-7', 100, 23)
INSERT [dbo].[centro_costos] ([centro_costos_id], [centro_costos_codigo], [cuenta_contable_codigo], [grupo_articulo], [orden_estadistica], [porcentaje], [auspiciador_id]) VALUES (22, N'100-7', N'100-5', N'100-3', N'100-2', 100, 24)
SET IDENTITY_INSERT [dbo].[centro_costos] OFF
SET IDENTITY_INSERT [dbo].[region] ON 

INSERT [dbo].[region] ([region_id], [nombre], [plazo]) VALUES (1, N'LIMA', 5)
INSERT [dbo].[region] ([region_id], [nombre], [plazo]) VALUES (2, N'PROVINCIA', 10)
SET IDENTITY_INSERT [dbo].[region] OFF

