USE [db_campana_core]
GO
SET IDENTITY_INSERT [dbo].[accion_restos_campana] ON 

INSERT [dbo].[accion_restos_campana] ([accion_restos_campana_id]) VALUES (1)
INSERT [dbo].[accion_restos_campana] ([accion_restos_campana_id]) VALUES (2)
INSERT [dbo].[accion_restos_campana] ([accion_restos_campana_id]) VALUES (3)
INSERT [dbo].[accion_restos_campana] ([accion_restos_campana_id]) VALUES (4)
INSERT [dbo].[accion_restos_campana] ([accion_restos_campana_id]) VALUES (5)
INSERT [dbo].[accion_restos_campana] ([accion_restos_campana_id]) VALUES (6)
INSERT [dbo].[accion_restos_campana] ([accion_restos_campana_id]) VALUES (7)
INSERT [dbo].[accion_restos_campana] ([accion_restos_campana_id]) VALUES (8)
INSERT [dbo].[accion_restos_campana] ([accion_restos_campana_id]) VALUES (9)
INSERT [dbo].[accion_restos_campana] ([accion_restos_campana_id]) VALUES (10)
INSERT [dbo].[accion_restos_campana] ([accion_restos_campana_id]) VALUES (11)
INSERT [dbo].[accion_restos_campana] ([accion_restos_campana_id]) VALUES (12)
SET IDENTITY_INSERT [dbo].[accion_restos_campana] OFF
SET IDENTITY_INSERT [dbo].[accion_restos_proveedor] ON 

INSERT [dbo].[accion_restos_proveedor] ([accion_restos_proveedor_id], [nombre]) VALUES (1, N'Que el proveedor los destruya')
INSERT [dbo].[accion_restos_proveedor] ([accion_restos_proveedor_id], [nombre]) VALUES (2, N'Devolver a almacén')
SET IDENTITY_INSERT [dbo].[accion_restos_proveedor] OFF
INSERT [dbo].[accion_restos_campana_proveedor] ([accion_restos_campana_id], [accion_restos_proveedor_id]) VALUES (1, 1)
INSERT [dbo].[accion_restos_campana_proveedor] ([accion_restos_campana_id], [accion_restos_proveedor_id]) VALUES (2, 1)
INSERT [dbo].[accion_restos_campana_proveedor] ([accion_restos_campana_id], [accion_restos_proveedor_id]) VALUES (3, 1)
INSERT [dbo].[accion_restos_campana_proveedor] ([accion_restos_campana_id], [accion_restos_proveedor_id]) VALUES (4, 1)
INSERT [dbo].[accion_restos_campana_proveedor] ([accion_restos_campana_id], [accion_restos_proveedor_id]) VALUES (5, 1)
INSERT [dbo].[accion_restos_campana_proveedor] ([accion_restos_campana_id], [accion_restos_proveedor_id]) VALUES (6, 1)
INSERT [dbo].[accion_restos_campana_proveedor] ([accion_restos_campana_id], [accion_restos_proveedor_id]) VALUES (7, 1)
INSERT [dbo].[accion_restos_campana_proveedor] ([accion_restos_campana_id], [accion_restos_proveedor_id]) VALUES (8, 2)
INSERT [dbo].[accion_restos_campana_proveedor] ([accion_restos_campana_id], [accion_restos_proveedor_id]) VALUES (9, 1)
INSERT [dbo].[accion_restos_campana_proveedor] ([accion_restos_campana_id], [accion_restos_proveedor_id]) VALUES (10, 2)
INSERT [dbo].[accion_restos_campana_proveedor] ([accion_restos_campana_id], [accion_restos_proveedor_id]) VALUES (11, 2)
INSERT [dbo].[accion_restos_campana_proveedor] ([accion_restos_campana_id], [accion_restos_proveedor_id]) VALUES (12, 1)
SET IDENTITY_INSERT [dbo].[accion_restos_cargos_campana] ON 

INSERT [dbo].[accion_restos_cargos_campana] ([accion_restos_cargos_campana_id], [accion_restos_campana_id]) VALUES (1, 1)
INSERT [dbo].[accion_restos_cargos_campana] ([accion_restos_cargos_campana_id], [accion_restos_campana_id]) VALUES (2, 3)
INSERT [dbo].[accion_restos_cargos_campana] ([accion_restos_cargos_campana_id], [accion_restos_campana_id]) VALUES (3, 5)
INSERT [dbo].[accion_restos_cargos_campana] ([accion_restos_cargos_campana_id], [accion_restos_campana_id]) VALUES (4, 7)
INSERT [dbo].[accion_restos_cargos_campana] ([accion_restos_cargos_campana_id], [accion_restos_campana_id]) VALUES (5, 9)
INSERT [dbo].[accion_restos_cargos_campana] ([accion_restos_cargos_campana_id], [accion_restos_campana_id]) VALUES (6, 11)
SET IDENTITY_INSERT [dbo].[accion_restos_cargos_campana] OFF
SET IDENTITY_INSERT [dbo].[accion_restos_rezagos_campana] ON 

INSERT [dbo].[accion_restos_rezagos_campana] ([accion_restos_rezagos_campana_id], [accion_restos_campana_id]) VALUES (1, 2)
INSERT [dbo].[accion_restos_rezagos_campana] ([accion_restos_rezagos_campana_id], [accion_restos_campana_id]) VALUES (2, 4)
INSERT [dbo].[accion_restos_rezagos_campana] ([accion_restos_rezagos_campana_id], [accion_restos_campana_id]) VALUES (3, 6)
INSERT [dbo].[accion_restos_rezagos_campana] ([accion_restos_rezagos_campana_id], [accion_restos_campana_id]) VALUES (4, 8)
INSERT [dbo].[accion_restos_rezagos_campana] ([accion_restos_rezagos_campana_id], [accion_restos_campana_id]) VALUES (5, 10)
INSERT [dbo].[accion_restos_rezagos_campana] ([accion_restos_rezagos_campana_id], [accion_restos_campana_id]) VALUES (6, 12)
SET IDENTITY_INSERT [dbo].[accion_restos_rezagos_campana] OFF
SET IDENTITY_INSERT [dbo].[auspiciador] ON 

INSERT [dbo].[auspiciador] ([auspiciador_id]) VALUES (1)
INSERT [dbo].[auspiciador] ([auspiciador_id]) VALUES (2)
INSERT [dbo].[auspiciador] ([auspiciador_id]) VALUES (3)
INSERT [dbo].[auspiciador] ([auspiciador_id]) VALUES (4)
INSERT [dbo].[auspiciador] ([auspiciador_id]) VALUES (5)
INSERT [dbo].[auspiciador] ([auspiciador_id]) VALUES (6)
SET IDENTITY_INSERT [dbo].[auspiciador] OFF
SET IDENTITY_INSERT [dbo].[proveedor_impresion] ON 

INSERT [dbo].[proveedor_impresion] ([proveedor_impresion_id], [contacto], [direccion], [fecha_recojo], [nombre]) VALUES (1, N'abc', N'abc', CAST(N'2019-02-11T15:15:00.0000000' AS DateTime2), N'abc')
INSERT [dbo].[proveedor_impresion] ([proveedor_impresion_id], [contacto], [direccion], [fecha_recojo], [nombre]) VALUES (2, N'abc', N'abc', CAST(N'2019-02-11T10:10:00.0000000' AS DateTime2), N'abc')
INSERT [dbo].[proveedor_impresion] ([proveedor_impresion_id], [contacto], [direccion], [fecha_recojo], [nombre]) VALUES (3, N'abc', N'abc', CAST(N'2019-02-11T15:15:00.0000000' AS DateTime2), N'abc')
SET IDENTITY_INSERT [dbo].[proveedor_impresion] OFF
SET IDENTITY_INSERT [dbo].[tipo_campana] ON 

INSERT [dbo].[tipo_campana] ([tipo_campana_id], [nombre]) VALUES (1, N'SENSIBLE')
INSERT [dbo].[tipo_campana] ([tipo_campana_id], [nombre]) VALUES (2, N'NO SENSIBLE')
SET IDENTITY_INSERT [dbo].[tipo_campana] OFF
SET IDENTITY_INSERT [dbo].[tipo_destino] ON 

INSERT [dbo].[tipo_destino] ([tipo_destino_id], [nombre]) VALUES (1, N'INTERNA')
INSERT [dbo].[tipo_destino] ([tipo_destino_id], [nombre]) VALUES (2, N'EXTERNA')
SET IDENTITY_INSERT [dbo].[tipo_destino] OFF
SET IDENTITY_INSERT [dbo].[campana] ON 

INSERT [dbo].[campana] ([campana_id], [autorizado], [buzon_id], [costo_campana], [fecha_distribucion], [nombre], [observacion], [paquete_habilitado_id], [plazo_id], [proveedor_id], [regulatorio], [requiere_georreferencia], [requiere_gps], [requiere_impresion], [ruta_autorizacion], [ruta_guia], [ruta_muestra], [tipo_documento_id], [accion_restos_cargos_campana_id], [accion_restos_rezagos_campana_id], [auspiciador_id], [proveedor_impresion_id], [tipo_campana], [tipo_destino_id]) VALUES (1, 0, 1, 1400, CAST(N'2019-02-11T00:00:00.0000000' AS DateTime2), N'CAMPAÑA REGALOS', N'', 2, 1, 2, 0, 1, 1, 1, N'1.jpg', N'1.png', N'1.jpg', 1, 1, 1, 1, 1, 1, 2)
INSERT [dbo].[campana] ([campana_id], [autorizado], [buzon_id], [costo_campana], [fecha_distribucion], [nombre], [observacion], [paquete_habilitado_id], [plazo_id], [proveedor_id], [regulatorio], [requiere_georreferencia], [requiere_gps], [requiere_impresion], [ruta_autorizacion], [ruta_guia], [ruta_muestra], [tipo_documento_id], [accion_restos_cargos_campana_id], [accion_restos_rezagos_campana_id], [auspiciador_id], [proveedor_impresion_id], [tipo_campana], [tipo_destino_id]) VALUES (2, 0, 1, 1500, NULL, N'CAMPAÑA RELOJES', N'', 1, 1, 2, 0, 1, 0, 1, NULL, NULL, NULL, 1, 2, 2, 2, NULL, 2, 2)
INSERT [dbo].[campana] ([campana_id], [autorizado], [buzon_id], [costo_campana], [fecha_distribucion], [nombre], [observacion], [paquete_habilitado_id], [plazo_id], [proveedor_id], [regulatorio], [requiere_georreferencia], [requiere_gps], [requiere_impresion], [ruta_autorizacion], [ruta_guia], [ruta_muestra], [tipo_documento_id], [accion_restos_cargos_campana_id], [accion_restos_rezagos_campana_id], [auspiciador_id], [proveedor_impresion_id], [tipo_campana], [tipo_destino_id]) VALUES (3, 0, 1, 1500, CAST(N'2019-02-13T00:00:00.0000000' AS DateTime2), N'CAMPAÑA REPELENTES 2019', N'', 1, 1, 1, 1, 1, 1, 1, N'3.jpg', N'3.png', N'3.jpg', 2, 3, 3, 3, 2, 1, 2)
INSERT [dbo].[campana] ([campana_id], [autorizado], [buzon_id], [costo_campana], [fecha_distribucion], [nombre], [observacion], [paquete_habilitado_id], [plazo_id], [proveedor_id], [regulatorio], [requiere_georreferencia], [requiere_gps], [requiere_impresion], [ruta_autorizacion], [ruta_guia], [ruta_muestra], [tipo_documento_id], [accion_restos_cargos_campana_id], [accion_restos_rezagos_campana_id], [auspiciador_id], [proveedor_impresion_id], [tipo_campana], [tipo_destino_id]) VALUES (4, 0, 1, 1500, NULL, N'CAMPAÑA POLOS VERANO', N'', 1, 1, 2, 0, 1, 1, 1, NULL, NULL, NULL, 1, 4, 4, 4, NULL, 1, 2)
INSERT [dbo].[campana] ([campana_id], [autorizado], [buzon_id], [costo_campana], [fecha_distribucion], [nombre], [observacion], [paquete_habilitado_id], [plazo_id], [proveedor_id], [regulatorio], [requiere_georreferencia], [requiere_gps], [requiere_impresion], [ruta_autorizacion], [ruta_guia], [ruta_muestra], [tipo_documento_id], [accion_restos_cargos_campana_id], [accion_restos_rezagos_campana_id], [auspiciador_id], [proveedor_impresion_id], [tipo_campana], [tipo_destino_id]) VALUES (5, 0, 1, 1500, CAST(N'2019-02-13T00:00:00.0000000' AS DateTime2), N'CAMPAÑA NAVIDAD 2019', N'', 1, 1, 1, 0, 1, 1, 1, N'5.jpg', N'5.png', N'5.png', 2, 5, 5, 5, 3, 2, 2)
INSERT [dbo].[campana] ([campana_id], [autorizado], [buzon_id], [costo_campana], [fecha_distribucion], [nombre], [observacion], [paquete_habilitado_id], [plazo_id], [proveedor_id], [regulatorio], [requiere_georreferencia], [requiere_gps], [requiere_impresion], [ruta_autorizacion], [ruta_guia], [ruta_muestra], [tipo_documento_id], [accion_restos_cargos_campana_id], [accion_restos_rezagos_campana_id], [auspiciador_id], [proveedor_impresion_id], [tipo_campana], [tipo_destino_id]) VALUES (6, 0, 1, 1500, NULL, N'CAMPAÑA FAMILIAR', N'', 2, 1, 1, 0, 1, 1, 1, N'6.jpg', NULL, NULL, 1, 6, 6, 6, NULL, 1, 2)
SET IDENTITY_INSERT [dbo].[campana] OFF
INSERT [dbo].[grupo_centro_costos] ([auspiciador_id]) VALUES (1)
INSERT [dbo].[grupo_centro_costos] ([auspiciador_id]) VALUES (2)
INSERT [dbo].[grupo_centro_costos] ([auspiciador_id]) VALUES (3)
INSERT [dbo].[grupo_centro_costos] ([auspiciador_id]) VALUES (4)
INSERT [dbo].[grupo_centro_costos] ([auspiciador_id]) VALUES (5)
INSERT [dbo].[grupo_centro_costos] ([auspiciador_id]) VALUES (6)
SET IDENTITY_INSERT [dbo].[estado_item_campana] ON 

INSERT [dbo].[estado_item_campana] ([estado_item_campana_id], [nombre]) VALUES (1, N'ENTREGADO')
INSERT [dbo].[estado_item_campana] ([estado_item_campana_id], [nombre]) VALUES (2, N'REZAGADO')
INSERT [dbo].[estado_item_campana] ([estado_item_campana_id], [nombre]) VALUES (3, N'NO DISTRIBUIBLE')
INSERT [dbo].[estado_item_campana] ([estado_item_campana_id], [nombre]) VALUES (4, N'FALTANTE')
SET IDENTITY_INSERT [dbo].[estado_item_campana] OFF
SET IDENTITY_INSERT [dbo].[item_campana] ON 

INSERT [dbo].[item_campana] ([item_campana_id], [apellido_materno], [apellido_paterno], [correlativo], [correlativo_base], [detalle], [direccion], [distrito_id], [enviable], [idc], [nombres], [razon_social], [estado_item_campana_id], [campana_id]) VALUES (1, N'CHAVEZ', N'BALTAZAR', 27, 13, N'Bajo Puerta', N'Chorrillos', 1282, 1, N'12345620', N'CESAR', N'', 1, 1)
INSERT [dbo].[item_campana] ([item_campana_id], [apellido_materno], [apellido_paterno], [correlativo], [correlativo_base], [detalle], [direccion], [distrito_id], [enviable], [idc], [nombres], [razon_social], [estado_item_campana_id], [campana_id]) VALUES (2, N'VILLEGAS', N'SANDOVAL', 15, 5, N'Bajo Puerta', N'Llipata', 1018, 1, N'12345612', N'JUAN', N'', 1, 1)
INSERT [dbo].[item_campana] ([item_campana_id], [apellido_materno], [apellido_paterno], [correlativo], [correlativo_base], [detalle], [direccion], [distrito_id], [enviable], [idc], [nombres], [razon_social], [estado_item_campana_id], [campana_id]) VALUES (3, N'ISIDRO', N'PEREZ', 21, 9, N'Bajo Puerta', N'Puente Piedra', 1299, 1, N'12345616', N'EUGENIA', N'', 1, 1)
INSERT [dbo].[item_campana] ([item_campana_id], [apellido_materno], [apellido_paterno], [correlativo], [correlativo_base], [detalle], [direccion], [distrito_id], [enviable], [idc], [nombres], [razon_social], [estado_item_campana_id], [campana_id]) VALUES (4, N'TELLO', N'MEDINA', 0, 37, NULL, N'Manantay', 1857, 0, N'12345644', N'TELLO', N'', NULL, 1)
INSERT [dbo].[item_campana] ([item_campana_id], [apellido_materno], [apellido_paterno], [correlativo], [correlativo_base], [detalle], [direccion], [distrito_id], [enviable], [idc], [nombres], [razon_social], [estado_item_campana_id], [campana_id]) VALUES (5, N'TELLO', N'MEDINA', 4, 36, N'Bajo Puerta', N'Yarinacocha', 1855, 1, N'12345643', N'TELLO', N'', 1, 1)
INSERT [dbo].[item_campana] ([item_campana_id], [apellido_materno], [apellido_paterno], [correlativo], [correlativo_base], [detalle], [direccion], [distrito_id], [enviable], [idc], [nombres], [razon_social], [estado_item_campana_id], [campana_id]) VALUES (6, N'RODRIGUEZ', N'SANTOS', 0, 6, NULL, N'Choros', 618, 0, N'12345613', N'RONALD', N'', NULL, 1)
INSERT [dbo].[item_campana] ([item_campana_id], [apellido_materno], [apellido_paterno], [correlativo], [correlativo_base], [detalle], [direccion], [distrito_id], [enviable], [idc], [nombres], [razon_social], [estado_item_campana_id], [campana_id]) VALUES (7, N'RODRIGUEZ', N'SANTOS', 0, 22, NULL, N'Locumba', 1827, 0, N'12345629', N'RONALD', N'', NULL, 1)
INSERT [dbo].[item_campana] ([item_campana_id], [apellido_materno], [apellido_paterno], [correlativo], [correlativo_base], [detalle], [direccion], [distrito_id], [enviable], [idc], [nombres], [razon_social], [estado_item_campana_id], [campana_id]) VALUES (8, N'TELLO', N'MEDINA', 1, 1, N'Bajo Puerta', N'Curimana', 1864, 1, N'12345608', N'TELLO', N'', 1, 1)
INSERT [dbo].[item_campana] ([item_campana_id], [apellido_materno], [apellido_paterno], [correlativo], [correlativo_base], [detalle], [direccion], [distrito_id], [enviable], [idc], [nombres], [razon_social], [estado_item_campana_id], [campana_id]) VALUES (9, N'SAAVEDRA', N'SANTOS', 25, 11, N'Bajo Puerta', N'LIMA', 1275, 1, N'12345618', N'LEIDY', N'', 1, 1)
INSERT [dbo].[item_campana] ([item_campana_id], [apellido_materno], [apellido_paterno], [correlativo], [correlativo_base], [detalle], [direccion], [distrito_id], [enviable], [idc], [nombres], [razon_social], [estado_item_campana_id], [campana_id]) VALUES (10, N'TOLEDO', N'CAMPOS', 14, 24, N'Bajo Puerta', N'El Algarrobal', 1528, 1, N'12345631', N'CHRISTIAN', N'', 1, 1)
INSERT [dbo].[item_campana] ([item_campana_id], [apellido_materno], [apellido_paterno], [correlativo], [correlativo_base], [detalle], [direccion], [distrito_id], [enviable], [idc], [nombres], [razon_social], [estado_item_campana_id], [campana_id]) VALUES (11, N'TELLO', N'MEDINA', 0, 32, NULL, N'El Agustino', 1285, 0, N'12345639', N'TELLO', N'', NULL, 1)
INSERT [dbo].[item_campana] ([item_campana_id], [apellido_materno], [apellido_paterno], [correlativo], [correlativo_base], [detalle], [direccion], [distrito_id], [enviable], [idc], [nombres], [razon_social], [estado_item_campana_id], [campana_id]) VALUES (12, N'CHAVEZ', N'BALTAZAR', 26, 33, N'Bajo Puerta', N'Chorrillos', 1282, 1, N'12345640', N'CESAR', N'', 1, 1)
INSERT [dbo].[item_campana] ([item_campana_id], [apellido_materno], [apellido_paterno], [correlativo], [correlativo_base], [detalle], [direccion], [distrito_id], [enviable], [idc], [nombres], [razon_social], [estado_item_campana_id], [campana_id]) VALUES (13, N'TELLO', N'MEDINA', 12, 23, N'Bajo Puerta', N'Shatoja', 1749, 1, N'12345630', N'TELLO', N'', 1, 1)
INSERT [dbo].[item_campana] ([item_campana_id], [apellido_materno], [apellido_paterno], [correlativo], [correlativo_base], [detalle], [direccion], [distrito_id], [enviable], [idc], [nombres], [razon_social], [estado_item_campana_id], [campana_id]) VALUES (14, N'TELLO', N'MEDINA', 5, 17, N'Bajo Puerta', N'Manantay', 1857, 1, N'12345624', N'TELLO', N'', 1, 1)
INSERT [dbo].[item_campana] ([item_campana_id], [apellido_materno], [apellido_paterno], [correlativo], [correlativo_base], [detalle], [direccion], [distrito_id], [enviable], [idc], [nombres], [razon_social], [estado_item_campana_id], [campana_id]) VALUES (15, N'CARRASCO', N'ESPINOZA', 29, 34, N'Bajo Puerta', N'Barranco', 1278, 1, N'12345641', N'TELLO', N'', 1, 1)
INSERT [dbo].[item_campana] ([item_campana_id], [apellido_materno], [apellido_paterno], [correlativo], [correlativo_base], [detalle], [direccion], [distrito_id], [enviable], [idc], [nombres], [razon_social], [estado_item_campana_id], [campana_id]) VALUES (16, N'TELLO', N'MEDINA', 11, 39, N'Bajo Puerta', N'Caspisapa', 1774, 1, N'12345646', N'TELLO', N'', 1, 1)
INSERT [dbo].[item_campana] ([item_campana_id], [apellido_materno], [apellido_paterno], [correlativo], [correlativo_base], [detalle], [direccion], [distrito_id], [enviable], [idc], [nombres], [razon_social], [estado_item_campana_id], [campana_id]) VALUES (17, N'TELLO', N'MEDINA', 9, 18, N'Bajo Puerta', N'Shamboyacu', 1779, 1, N'12345625', N'TELLO', N'', 1, 1)
INSERT [dbo].[item_campana] ([item_campana_id], [apellido_materno], [apellido_paterno], [correlativo], [correlativo_base], [detalle], [direccion], [distrito_id], [enviable], [idc], [nombres], [razon_social], [estado_item_campana_id], [campana_id]) VALUES (18, N'TOLEDO', N'CAMPOS', 13, 4, N'Bajo Puerta', N'El Algarrobal', 1528, 1, N'12345611', N'CHRISTIAN', N'', 1, 1)
INSERT [dbo].[item_campana] ([item_campana_id], [apellido_materno], [apellido_paterno], [correlativo], [correlativo_base], [detalle], [direccion], [distrito_id], [enviable], [idc], [nombres], [razon_social], [estado_item_campana_id], [campana_id]) VALUES (19, N'TELLO', N'MEDINA', 3, 16, N'Bajo Puerta', N'Yarinacocha', 1855, 1, N'12345623', N'TELLO', N'', 1, 1)
INSERT [dbo].[item_campana] ([item_campana_id], [apellido_materno], [apellido_paterno], [correlativo], [correlativo_base], [detalle], [direccion], [distrito_id], [enviable], [idc], [nombres], [razon_social], [estado_item_campana_id], [campana_id]) VALUES (20, N'TOLEDO', N'CAMPOS', 30, 35, N'Bajo Puerta', N'Ate', 1277, 1, N'12345642', N'CHRISTIAN', N'', 1, 1)
INSERT [dbo].[item_campana] ([item_campana_id], [apellido_materno], [apellido_paterno], [correlativo], [correlativo_base], [detalle], [direccion], [distrito_id], [enviable], [idc], [nombres], [razon_social], [estado_item_campana_id], [campana_id]) VALUES (21, N'CARRASCO', N'HEREDIA', 18, 7, N'Bajo Puerta', N'Bagua', 22, 1, N'12345614', N'ORLANDO MARIO', N'', 1, 1)
INSERT [dbo].[item_campana] ([item_campana_id], [apellido_materno], [apellido_paterno], [correlativo], [correlativo_base], [detalle], [direccion], [distrito_id], [enviable], [idc], [nombres], [razon_social], [estado_item_campana_id], [campana_id]) VALUES (22, N'TELLO', N'MEDINA', 0, 19, NULL, N'Caspisapa', 1774, 0, N'12345626', N'TELLO', N'', NULL, 1)
INSERT [dbo].[item_campana] ([item_campana_id], [apellido_materno], [apellido_paterno], [correlativo], [correlativo_base], [detalle], [direccion], [distrito_id], [enviable], [idc], [nombres], [razon_social], [estado_item_campana_id], [campana_id]) VALUES (23, N'RODRIGUEZ', N'SANTOS', 6, 2, N'Bajo Puerta', N'Locumba', 1827, 1, N'12345609', N'RONALD', N'', 1, 1)
INSERT [dbo].[item_campana] ([item_campana_id], [apellido_materno], [apellido_paterno], [correlativo], [correlativo_base], [detalle], [direccion], [distrito_id], [enviable], [idc], [nombres], [razon_social], [estado_item_campana_id], [campana_id]) VALUES (24, N'TELLO', N'MEDINA', 10, 38, N'Bajo Puerta', N'Shamboyacu', 1779, 1, N'12345645', N'TELLO', N'', 1, 1)
INSERT [dbo].[item_campana] ([item_campana_id], [apellido_materno], [apellido_paterno], [correlativo], [correlativo_base], [detalle], [direccion], [distrito_id], [enviable], [idc], [nombres], [razon_social], [estado_item_campana_id], [campana_id]) VALUES (25, N'NAVA', N'FIGUEROA', 20, 8, N'Bajo Puerta', N'Rímac', 1302, 1, N'12345615', N'MELISSA', N'', 1, 1)
INSERT [dbo].[item_campana] ([item_campana_id], [apellido_materno], [apellido_paterno], [correlativo], [correlativo_base], [detalle], [direccion], [distrito_id], [enviable], [idc], [nombres], [razon_social], [estado_item_campana_id], [campana_id]) VALUES (26, N'TOLEDO', N'CAMPOS', 0, 15, NULL, N'Ate', 1277, 0, N'12345622', N'CHRISTIAN', N'', NULL, 1)
INSERT [dbo].[item_campana] ([item_campana_id], [apellido_materno], [apellido_paterno], [correlativo], [correlativo_base], [detalle], [direccion], [distrito_id], [enviable], [idc], [nombres], [razon_social], [estado_item_campana_id], [campana_id]) VALUES (27, N'VILLEGAS', N'SANDOVAL', 0, 25, NULL, N'Llipata', 1018, 0, N'12345632', N'JUAN', N'', NULL, 1)
INSERT [dbo].[item_campana] ([item_campana_id], [apellido_materno], [apellido_paterno], [correlativo], [correlativo_base], [detalle], [direccion], [distrito_id], [enviable], [idc], [nombres], [razon_social], [estado_item_campana_id], [campana_id]) VALUES (28, N'ISIDRO', N'PEREZ', 0, 29, NULL, N'Puente Piedra', 1299, 0, N'12345636', N'EUGENIA', N'', NULL, 1)
INSERT [dbo].[item_campana] ([item_campana_id], [apellido_materno], [apellido_paterno], [correlativo], [correlativo_base], [detalle], [direccion], [distrito_id], [enviable], [idc], [nombres], [razon_social], [estado_item_campana_id], [campana_id]) VALUES (29, N'TELLO', N'MEDINA', 2, 21, N'Bajo Puerta', N'Curimana', 1864, 1, N'12345628', N'TELLO', N'', 1, 1)
INSERT [dbo].[item_campana] ([item_campana_id], [apellido_materno], [apellido_paterno], [correlativo], [correlativo_base], [detalle], [direccion], [distrito_id], [enviable], [idc], [nombres], [razon_social], [estado_item_campana_id], [campana_id]) VALUES (30, N'CARRASCO', N'HEREDIA', 17, 27, N'Bajo Puerta', N'Bagua', 22, 1, N'12345634', N'ORLANDO MARIO', N'', 1, 1)
INSERT [dbo].[item_campana] ([item_campana_id], [apellido_materno], [apellido_paterno], [correlativo], [correlativo_base], [detalle], [direccion], [distrito_id], [enviable], [idc], [nombres], [razon_social], [estado_item_campana_id], [campana_id]) VALUES (31, N'RODRIGUEZ', N'SANTOS', 16, 26, N'Bajo Puerta', N'Choros', 618, 1, N'12345633', N'RONALD', N'', 1, 1)
INSERT [dbo].[item_campana] ([item_campana_id], [apellido_materno], [apellido_paterno], [correlativo], [correlativo_base], [detalle], [direccion], [distrito_id], [enviable], [idc], [nombres], [razon_social], [estado_item_campana_id], [campana_id]) VALUES (32, N'TELLO', N'MEDINA', 0, 3, NULL, N'Shatoja', 1749, 0, N'12345610', N'TELLO', N'', NULL, 1)
INSERT [dbo].[item_campana] ([item_campana_id], [apellido_materno], [apellido_paterno], [correlativo], [correlativo_base], [detalle], [direccion], [distrito_id], [enviable], [idc], [nombres], [razon_social], [estado_item_campana_id], [campana_id]) VALUES (33, N'VILLEGAS', N'SANDOVAL', 22, 10, N'Bajo Puerta', N'Lurin', 1293, 1, N'12345617', N'JUAN', N'', 1, 1)
INSERT [dbo].[item_campana] ([item_campana_id], [apellido_materno], [apellido_paterno], [correlativo], [correlativo_base], [detalle], [direccion], [distrito_id], [enviable], [idc], [nombres], [razon_social], [estado_item_campana_id], [campana_id]) VALUES (34, N'CARRASCO', N'ESPINOZA', 28, 14, N'Bajo Puerta', N'Barranco', 1278, 1, N'12345621', N'TELLO', N'', 1, 1)
INSERT [dbo].[item_campana] ([item_campana_id], [apellido_materno], [apellido_paterno], [correlativo], [correlativo_base], [detalle], [direccion], [distrito_id], [enviable], [idc], [nombres], [razon_social], [estado_item_campana_id], [campana_id]) VALUES (35, N'RODRIGUEZ', N'SANTOS', 8, 40, N'Bajo Puerta', N'Ilabaya', 1828, 1, N'12345645', N'RONALD', N'', 1, 1)
INSERT [dbo].[item_campana] ([item_campana_id], [apellido_materno], [apellido_paterno], [correlativo], [correlativo_base], [detalle], [direccion], [distrito_id], [enviable], [idc], [nombres], [razon_social], [estado_item_campana_id], [campana_id]) VALUES (36, N'SAAVEDRA', N'SANTOS', 24, 31, N'Bajo Puerta', N'LIMA', 1275, 1, N'12345638', N'LEIDY', N'', 1, 1)
INSERT [dbo].[item_campana] ([item_campana_id], [apellido_materno], [apellido_paterno], [correlativo], [correlativo_base], [detalle], [direccion], [distrito_id], [enviable], [idc], [nombres], [razon_social], [estado_item_campana_id], [campana_id]) VALUES (37, N'TELLO', N'MEDINA', 0, 12, NULL, N'El Agustino', 1285, 0, N'12345619', N'TELLO', N'', NULL, 1)
INSERT [dbo].[item_campana] ([item_campana_id], [apellido_materno], [apellido_paterno], [correlativo], [correlativo_base], [detalle], [direccion], [distrito_id], [enviable], [idc], [nombres], [razon_social], [estado_item_campana_id], [campana_id]) VALUES (38, N'VILLEGAS', N'SANDOVAL', 23, 30, N'Bajo Puerta', N'Lurin', 1293, 1, N'12345637', N'JUAN', N'', 1, 1)
INSERT [dbo].[item_campana] ([item_campana_id], [apellido_materno], [apellido_paterno], [correlativo], [correlativo_base], [detalle], [direccion], [distrito_id], [enviable], [idc], [nombres], [razon_social], [estado_item_campana_id], [campana_id]) VALUES (39, N'NAVA', N'FIGUEROA', 19, 28, N'Bajo Puerta', N'Rímac', 1302, 1, N'12345635', N'MELISSA', N'', 1, 1)
INSERT [dbo].[item_campana] ([item_campana_id], [apellido_materno], [apellido_paterno], [correlativo], [correlativo_base], [detalle], [direccion], [distrito_id], [enviable], [idc], [nombres], [razon_social], [estado_item_campana_id], [campana_id]) VALUES (40, N'RODRIGUEZ', N'SANTOS', 7, 20, N'Bajo Puerta', N'Ilabaya', 1828, 1, N'12345627', N'RONALD', N'', 1, 1)
INSERT [dbo].[item_campana] ([item_campana_id], [apellido_materno], [apellido_paterno], [correlativo], [correlativo_base], [detalle], [direccion], [distrito_id], [enviable], [idc], [nombres], [razon_social], [estado_item_campana_id], [campana_id]) VALUES (41, N'CARRASCO', N'ESPINOZA', 0, 14, NULL, N'Barranco', 1278, 1, N'12345621', N'TELLO', N'', NULL, 2)
INSERT [dbo].[item_campana] ([item_campana_id], [apellido_materno], [apellido_paterno], [correlativo], [correlativo_base], [detalle], [direccion], [distrito_id], [enviable], [idc], [nombres], [razon_social], [estado_item_campana_id], [campana_id]) VALUES (42, N'TOLEDO', N'CAMPOS', 0, 24, NULL, N'El Algarrobal', 1528, 1, N'12345631', N'CHRISTIAN', N'', NULL, 2)
INSERT [dbo].[item_campana] ([item_campana_id], [apellido_materno], [apellido_paterno], [correlativo], [correlativo_base], [detalle], [direccion], [distrito_id], [enviable], [idc], [nombres], [razon_social], [estado_item_campana_id], [campana_id]) VALUES (43, N'VILLEGAS', N'SANDOVAL', 0, 30, NULL, N'Lurin', 1293, 1, N'12345637', N'JUAN', N'', NULL, 2)
INSERT [dbo].[item_campana] ([item_campana_id], [apellido_materno], [apellido_paterno], [correlativo], [correlativo_base], [detalle], [direccion], [distrito_id], [enviable], [idc], [nombres], [razon_social], [estado_item_campana_id], [campana_id]) VALUES (44, N'TELLO', N'MEDINA', 0, 39, NULL, N'Caspisapa', 1774, 1, N'12345646', N'TELLO', N'', NULL, 2)
INSERT [dbo].[item_campana] ([item_campana_id], [apellido_materno], [apellido_paterno], [correlativo], [correlativo_base], [detalle], [direccion], [distrito_id], [enviable], [idc], [nombres], [razon_social], [estado_item_campana_id], [campana_id]) VALUES (45, N'VILLEGAS', N'SANDOVAL', 0, 25, NULL, N'Llipata', 1018, 1, N'12345632', N'JUAN', N'', NULL, 2)
INSERT [dbo].[item_campana] ([item_campana_id], [apellido_materno], [apellido_paterno], [correlativo], [correlativo_base], [detalle], [direccion], [distrito_id], [enviable], [idc], [nombres], [razon_social], [estado_item_campana_id], [campana_id]) VALUES (46, N'TOLEDO', N'CAMPOS', 0, 15, NULL, N'Ate', 1277, 1, N'12345622', N'CHRISTIAN', N'', NULL, 2)
INSERT [dbo].[item_campana] ([item_campana_id], [apellido_materno], [apellido_paterno], [correlativo], [correlativo_base], [detalle], [direccion], [distrito_id], [enviable], [idc], [nombres], [razon_social], [estado_item_campana_id], [campana_id]) VALUES (47, N'ISIDRO', N'PEREZ', 0, 9, NULL, N'Puente Piedra', 1299, 1, N'12345616', N'EUGENIA', N'', NULL, 2)
INSERT [dbo].[item_campana] ([item_campana_id], [apellido_materno], [apellido_paterno], [correlativo], [correlativo_base], [detalle], [direccion], [distrito_id], [enviable], [idc], [nombres], [razon_social], [estado_item_campana_id], [campana_id]) VALUES (48, N'TOLEDO', N'CAMPOS', 0, 4, NULL, N'El Algarrobal', 1528, 1, N'12345611', N'CHRISTIAN', N'', NULL, 2)
INSERT [dbo].[item_campana] ([item_campana_id], [apellido_materno], [apellido_paterno], [correlativo], [correlativo_base], [detalle], [direccion], [distrito_id], [enviable], [idc], [nombres], [razon_social], [estado_item_campana_id], [campana_id]) VALUES (49, N'TELLO', N'MEDINA', 0, 16, NULL, N'Yarinacocha', 1855, 1, N'12345623', N'TELLO', N'', NULL, 2)
INSERT [dbo].[item_campana] ([item_campana_id], [apellido_materno], [apellido_paterno], [correlativo], [correlativo_base], [detalle], [direccion], [distrito_id], [enviable], [idc], [nombres], [razon_social], [estado_item_campana_id], [campana_id]) VALUES (50, N'TELLO', N'MEDINA', 0, 3, NULL, N'Shatoja', 1749, 1, N'12345610', N'TELLO', N'', NULL, 2)
INSERT [dbo].[item_campana] ([item_campana_id], [apellido_materno], [apellido_paterno], [correlativo], [correlativo_base], [detalle], [direccion], [distrito_id], [enviable], [idc], [nombres], [razon_social], [estado_item_campana_id], [campana_id]) VALUES (51, N'VILLEGAS', N'SANDOVAL', 0, 10, NULL, N'Lurin', 1293, 1, N'12345617', N'JUAN', N'', NULL, 2)
INSERT [dbo].[item_campana] ([item_campana_id], [apellido_materno], [apellido_paterno], [correlativo], [correlativo_base], [detalle], [direccion], [distrito_id], [enviable], [idc], [nombres], [razon_social], [estado_item_campana_id], [campana_id]) VALUES (52, N'TELLO', N'MEDINA', 0, 19, NULL, N'Caspisapa', 1774, 1, N'12345626', N'TELLO', N'', NULL, 2)
INSERT [dbo].[item_campana] ([item_campana_id], [apellido_materno], [apellido_paterno], [correlativo], [correlativo_base], [detalle], [direccion], [distrito_id], [enviable], [idc], [nombres], [razon_social], [estado_item_campana_id], [campana_id]) VALUES (53, N'CHAVEZ', N'BALTAZAR', 0, 13, NULL, N'Chorrillos', 1282, 1, N'12345620', N'CESAR', N'', NULL, 2)
INSERT [dbo].[item_campana] ([item_campana_id], [apellido_materno], [apellido_paterno], [correlativo], [correlativo_base], [detalle], [direccion], [distrito_id], [enviable], [idc], [nombres], [razon_social], [estado_item_campana_id], [campana_id]) VALUES (54, N'TELLO', N'MEDINA', 0, 12, NULL, N'El Agustino', 1285, 1, N'12345619', N'TELLO', N'', NULL, 2)
INSERT [dbo].[item_campana] ([item_campana_id], [apellido_materno], [apellido_paterno], [correlativo], [correlativo_base], [detalle], [direccion], [distrito_id], [enviable], [idc], [nombres], [razon_social], [estado_item_campana_id], [campana_id]) VALUES (55, N'TELLO', N'MEDINA', 0, 23, NULL, N'Shatoja', 1749, 1, N'12345630', N'TELLO', N'', NULL, 2)
INSERT [dbo].[item_campana] ([item_campana_id], [apellido_materno], [apellido_paterno], [correlativo], [correlativo_base], [detalle], [direccion], [distrito_id], [enviable], [idc], [nombres], [razon_social], [estado_item_campana_id], [campana_id]) VALUES (56, N'VILLEGAS', N'SANDOVAL', 0, 5, NULL, N'Llipata', 1018, 1, N'12345612', N'JUAN', N'', NULL, 2)
INSERT [dbo].[item_campana] ([item_campana_id], [apellido_materno], [apellido_paterno], [correlativo], [correlativo_base], [detalle], [direccion], [distrito_id], [enviable], [idc], [nombres], [razon_social], [estado_item_campana_id], [campana_id]) VALUES (57, N'TOLEDO', N'CAMPOS', 0, 35, NULL, N'Ate', 1277, 1, N'12345642', N'CHRISTIAN', N'', NULL, 2)
INSERT [dbo].[item_campana] ([item_campana_id], [apellido_materno], [apellido_paterno], [correlativo], [correlativo_base], [detalle], [direccion], [distrito_id], [enviable], [idc], [nombres], [razon_social], [estado_item_campana_id], [campana_id]) VALUES (58, N'RODRIGUEZ', N'SANTOS', 0, 6, NULL, N'Choros', 618, 1, N'12345613', N'RONALD', N'', NULL, 2)
INSERT [dbo].[item_campana] ([item_campana_id], [apellido_materno], [apellido_paterno], [correlativo], [correlativo_base], [detalle], [direccion], [distrito_id], [enviable], [idc], [nombres], [razon_social], [estado_item_campana_id], [campana_id]) VALUES (59, N'NAVA', N'FIGUEROA', 0, 28, NULL, N'Rímac', 1302, 1, N'12345635', N'MELISSA', N'', NULL, 2)
INSERT [dbo].[item_campana] ([item_campana_id], [apellido_materno], [apellido_paterno], [correlativo], [correlativo_base], [detalle], [direccion], [distrito_id], [enviable], [idc], [nombres], [razon_social], [estado_item_campana_id], [campana_id]) VALUES (60, N'CHAVEZ', N'BALTAZAR', 0, 33, NULL, N'Chorrillos', 1282, 1, N'12345640', N'CESAR', N'', NULL, 2)
INSERT [dbo].[item_campana] ([item_campana_id], [apellido_materno], [apellido_paterno], [correlativo], [correlativo_base], [detalle], [direccion], [distrito_id], [enviable], [idc], [nombres], [razon_social], [estado_item_campana_id], [campana_id]) VALUES (61, N'TELLO', N'MEDINA', 0, 21, NULL, N'Curimana', 1864, 1, N'12345628', N'TELLO', N'', NULL, 2)
INSERT [dbo].[item_campana] ([item_campana_id], [apellido_materno], [apellido_paterno], [correlativo], [correlativo_base], [detalle], [direccion], [distrito_id], [enviable], [idc], [nombres], [razon_social], [estado_item_campana_id], [campana_id]) VALUES (62, N'TELLO', N'MEDINA', 0, 1, NULL, N'Curimana', 1864, 1, N'12345608', N'TELLO', N'', NULL, 2)
INSERT [dbo].[item_campana] ([item_campana_id], [apellido_materno], [apellido_paterno], [correlativo], [correlativo_base], [detalle], [direccion], [distrito_id], [enviable], [idc], [nombres], [razon_social], [estado_item_campana_id], [campana_id]) VALUES (63, N'ISIDRO', N'PEREZ', 0, 29, NULL, N'Puente Piedra', 1299, 1, N'12345636', N'EUGENIA', N'', NULL, 2)
INSERT [dbo].[item_campana] ([item_campana_id], [apellido_materno], [apellido_paterno], [correlativo], [correlativo_base], [detalle], [direccion], [distrito_id], [enviable], [idc], [nombres], [razon_social], [estado_item_campana_id], [campana_id]) VALUES (64, N'RODRIGUEZ', N'SANTOS', 0, 22, NULL, N'Locumba', 1827, 1, N'12345629', N'RONALD', N'', NULL, 2)
INSERT [dbo].[item_campana] ([item_campana_id], [apellido_materno], [apellido_paterno], [correlativo], [correlativo_base], [detalle], [direccion], [distrito_id], [enviable], [idc], [nombres], [razon_social], [estado_item_campana_id], [campana_id]) VALUES (65, N'CARRASCO', N'ESPINOZA', 0, 34, NULL, N'Barranco', 1278, 1, N'12345641', N'TELLO', N'', NULL, 2)
INSERT [dbo].[item_campana] ([item_campana_id], [apellido_materno], [apellido_paterno], [correlativo], [correlativo_base], [detalle], [direccion], [distrito_id], [enviable], [idc], [nombres], [razon_social], [estado_item_campana_id], [campana_id]) VALUES (66, N'CARRASCO', N'HEREDIA', 0, 7, NULL, N'Bagua', 22, 1, N'12345614', N'ORLANDO MARIO', N'', NULL, 2)
INSERT [dbo].[item_campana] ([item_campana_id], [apellido_materno], [apellido_paterno], [correlativo], [correlativo_base], [detalle], [direccion], [distrito_id], [enviable], [idc], [nombres], [razon_social], [estado_item_campana_id], [campana_id]) VALUES (67, N'RODRIGUEZ', N'SANTOS', 0, 20, NULL, N'Ilabaya', 1828, 1, N'12345627', N'RONALD', N'', NULL, 2)
INSERT [dbo].[item_campana] ([item_campana_id], [apellido_materno], [apellido_paterno], [correlativo], [correlativo_base], [detalle], [direccion], [distrito_id], [enviable], [idc], [nombres], [razon_social], [estado_item_campana_id], [campana_id]) VALUES (68, N'RODRIGUEZ', N'SANTOS', 0, 26, NULL, N'Choros', 618, 1, N'12345633', N'RONALD', N'', NULL, 2)
INSERT [dbo].[item_campana] ([item_campana_id], [apellido_materno], [apellido_paterno], [correlativo], [correlativo_base], [detalle], [direccion], [distrito_id], [enviable], [idc], [nombres], [razon_social], [estado_item_campana_id], [campana_id]) VALUES (69, N'TELLO', N'MEDINA', 0, 32, NULL, N'El Agustino', 1285, 1, N'12345639', N'TELLO', N'', NULL, 2)
INSERT [dbo].[item_campana] ([item_campana_id], [apellido_materno], [apellido_paterno], [correlativo], [correlativo_base], [detalle], [direccion], [distrito_id], [enviable], [idc], [nombres], [razon_social], [estado_item_campana_id], [campana_id]) VALUES (70, N'RODRIGUEZ', N'SANTOS', 0, 40, NULL, N'Ilabaya', 1828, 1, N'12345645', N'RONALD', N'', NULL, 2)
INSERT [dbo].[item_campana] ([item_campana_id], [apellido_materno], [apellido_paterno], [correlativo], [correlativo_base], [detalle], [direccion], [distrito_id], [enviable], [idc], [nombres], [razon_social], [estado_item_campana_id], [campana_id]) VALUES (71, N'CARRASCO', N'HEREDIA', 0, 27, NULL, N'Bagua', 22, 1, N'12345634', N'ORLANDO MARIO', N'', NULL, 2)
INSERT [dbo].[item_campana] ([item_campana_id], [apellido_materno], [apellido_paterno], [correlativo], [correlativo_base], [detalle], [direccion], [distrito_id], [enviable], [idc], [nombres], [razon_social], [estado_item_campana_id], [campana_id]) VALUES (72, N'TELLO', N'MEDINA', 0, 38, NULL, N'Shamboyacu', 1779, 1, N'12345645', N'TELLO', N'', NULL, 2)
INSERT [dbo].[item_campana] ([item_campana_id], [apellido_materno], [apellido_paterno], [correlativo], [correlativo_base], [detalle], [direccion], [distrito_id], [enviable], [idc], [nombres], [razon_social], [estado_item_campana_id], [campana_id]) VALUES (73, N'NAVA', N'FIGUEROA', 0, 8, NULL, N'Rímac', 1302, 1, N'12345615', N'MELISSA', N'', NULL, 2)
INSERT [dbo].[item_campana] ([item_campana_id], [apellido_materno], [apellido_paterno], [correlativo], [correlativo_base], [detalle], [direccion], [distrito_id], [enviable], [idc], [nombres], [razon_social], [estado_item_campana_id], [campana_id]) VALUES (74, N'SAAVEDRA', N'SANTOS', 0, 11, NULL, N'LIMA', 1275, 1, N'12345618', N'LEIDY', N'', NULL, 2)
INSERT [dbo].[item_campana] ([item_campana_id], [apellido_materno], [apellido_paterno], [correlativo], [correlativo_base], [detalle], [direccion], [distrito_id], [enviable], [idc], [nombres], [razon_social], [estado_item_campana_id], [campana_id]) VALUES (75, N'RODRIGUEZ', N'SANTOS', 0, 2, NULL, N'Locumba', 1827, 1, N'12345609', N'RONALD', N'', NULL, 2)
INSERT [dbo].[item_campana] ([item_campana_id], [apellido_materno], [apellido_paterno], [correlativo], [correlativo_base], [detalle], [direccion], [distrito_id], [enviable], [idc], [nombres], [razon_social], [estado_item_campana_id], [campana_id]) VALUES (76, N'TELLO', N'MEDINA', 0, 37, NULL, N'Manantay', 1857, 1, N'12345644', N'TELLO', N'', NULL, 2)
INSERT [dbo].[item_campana] ([item_campana_id], [apellido_materno], [apellido_paterno], [correlativo], [correlativo_base], [detalle], [direccion], [distrito_id], [enviable], [idc], [nombres], [razon_social], [estado_item_campana_id], [campana_id]) VALUES (77, N'SAAVEDRA', N'SANTOS', 0, 31, NULL, N'LIMA', 1275, 1, N'12345638', N'LEIDY', N'', NULL, 2)
INSERT [dbo].[item_campana] ([item_campana_id], [apellido_materno], [apellido_paterno], [correlativo], [correlativo_base], [detalle], [direccion], [distrito_id], [enviable], [idc], [nombres], [razon_social], [estado_item_campana_id], [campana_id]) VALUES (78, N'TELLO', N'MEDINA', 0, 18, NULL, N'Shamboyacu', 1779, 1, N'12345625', N'TELLO', N'', NULL, 2)
INSERT [dbo].[item_campana] ([item_campana_id], [apellido_materno], [apellido_paterno], [correlativo], [correlativo_base], [detalle], [direccion], [distrito_id], [enviable], [idc], [nombres], [razon_social], [estado_item_campana_id], [campana_id]) VALUES (79, N'TELLO', N'MEDINA', 0, 36, NULL, N'Yarinacocha', 1855, 1, N'12345643', N'TELLO', N'', NULL, 2)
INSERT [dbo].[item_campana] ([item_campana_id], [apellido_materno], [apellido_paterno], [correlativo], [correlativo_base], [detalle], [direccion], [distrito_id], [enviable], [idc], [nombres], [razon_social], [estado_item_campana_id], [campana_id]) VALUES (80, N'TELLO', N'MEDINA', 0, 17, NULL, N'Manantay', 1857, 1, N'12345624', N'TELLO', N'', NULL, 2)
INSERT [dbo].[item_campana] ([item_campana_id], [apellido_materno], [apellido_paterno], [correlativo], [correlativo_base], [detalle], [direccion], [distrito_id], [enviable], [idc], [nombres], [razon_social], [estado_item_campana_id], [campana_id]) VALUES (81, N'TOLEDO', N'CAMPOS', 15, 4, N'Bajo Puerta', N'El Algarrobal', 1528, 1, N'12345611', N'CHRISTIAN', N'', 1, 3)
INSERT [dbo].[item_campana] ([item_campana_id], [apellido_materno], [apellido_paterno], [correlativo], [correlativo_base], [detalle], [direccion], [distrito_id], [enviable], [idc], [nombres], [razon_social], [estado_item_campana_id], [campana_id]) VALUES (82, N'VILLEGAS', N'SANDOVAL', 0, 30, NULL, N'Lurin', 1293, 0, N'12345637', N'JUAN', N'', NULL, 3)
INSERT [dbo].[item_campana] ([item_campana_id], [apellido_materno], [apellido_paterno], [correlativo], [correlativo_base], [detalle], [direccion], [distrito_id], [enviable], [idc], [nombres], [razon_social], [estado_item_campana_id], [campana_id]) VALUES (83, N'ISIDRO', N'PEREZ', 26, 9, N'Bajo Puerta', N'Puente Piedra', 1299, 1, N'12345616', N'EUGENIA', N'', 1, 3)
INSERT [dbo].[item_campana] ([item_campana_id], [apellido_materno], [apellido_paterno], [correlativo], [correlativo_base], [detalle], [direccion], [distrito_id], [enviable], [idc], [nombres], [razon_social], [estado_item_campana_id], [campana_id]) VALUES (84, N'TELLO', N'MEDINA', 6, 17, N'Bajo Puerta', N'Manantay', 1857, 1, N'12345624', N'TELLO', N'', 1, 3)
INSERT [dbo].[item_campana] ([item_campana_id], [apellido_materno], [apellido_paterno], [correlativo], [correlativo_base], [detalle], [direccion], [distrito_id], [enviable], [idc], [nombres], [razon_social], [estado_item_campana_id], [campana_id]) VALUES (85, N'CARRASCO', N'ESPINOZA', 34, 34, N'Bajo Puerta', N'Barranco', 1278, 1, N'12345641', N'TELLO', N'', 1, 3)
INSERT [dbo].[item_campana] ([item_campana_id], [apellido_materno], [apellido_paterno], [correlativo], [correlativo_base], [detalle], [direccion], [distrito_id], [enviable], [idc], [nombres], [razon_social], [estado_item_campana_id], [campana_id]) VALUES (86, N'SAAVEDRA', N'SANTOS', 29, 11, N'Bajo Puerta', N'LIMA', 1275, 1, N'12345618', N'LEIDY', N'', 1, 3)
INSERT [dbo].[item_campana] ([item_campana_id], [apellido_materno], [apellido_paterno], [correlativo], [correlativo_base], [detalle], [direccion], [distrito_id], [enviable], [idc], [nombres], [razon_social], [estado_item_campana_id], [campana_id]) VALUES (87, N'NAVA', N'FIGUEROA', 24, 8, N'Bajo Puerta', N'Rímac', 1302, 1, N'12345615', N'MELISSA', N'', 1, 3)
INSERT [dbo].[item_campana] ([item_campana_id], [apellido_materno], [apellido_paterno], [correlativo], [correlativo_base], [detalle], [direccion], [distrito_id], [enviable], [idc], [nombres], [razon_social], [estado_item_campana_id], [campana_id]) VALUES (88, N'TOLEDO', N'CAMPOS', 37, 35, N'Bajo Puerta', N'Ate', 1277, 1, N'12345642', N'CHRISTIAN', N'', 1, 3)
INSERT [dbo].[item_campana] ([item_campana_id], [apellido_materno], [apellido_paterno], [correlativo], [correlativo_base], [detalle], [direccion], [distrito_id], [enviable], [idc], [nombres], [razon_social], [estado_item_campana_id], [campana_id]) VALUES (89, N'TELLO', N'MEDINA', 0, 38, NULL, N'Shamboyacu', 1779, 0, N'12345645', N'TELLO', N'', NULL, 3)
INSERT [dbo].[item_campana] ([item_campana_id], [apellido_materno], [apellido_paterno], [correlativo], [correlativo_base], [detalle], [direccion], [distrito_id], [enviable], [idc], [nombres], [razon_social], [estado_item_campana_id], [campana_id]) VALUES (90, N'TOLEDO', N'CAMPOS', 16, 24, N'Bajo Puerta', N'El Algarrobal', 1528, 1, N'12345631', N'CHRISTIAN', N'', 1, 3)
INSERT [dbo].[item_campana] ([item_campana_id], [apellido_materno], [apellido_paterno], [correlativo], [correlativo_base], [detalle], [direccion], [distrito_id], [enviable], [idc], [nombres], [razon_social], [estado_item_campana_id], [campana_id]) VALUES (91, N'TELLO', N'MEDINA', 13, 23, N'Bajo Puerta', N'Shatoja', 1749, 1, N'12345630', N'TELLO', N'', 1, 3)
INSERT [dbo].[item_campana] ([item_campana_id], [apellido_materno], [apellido_paterno], [correlativo], [correlativo_base], [detalle], [direccion], [distrito_id], [enviable], [idc], [nombres], [razon_social], [estado_item_campana_id], [campana_id]) VALUES (92, N'TELLO', N'MEDINA', 4, 16, N'Bajo Puerta', N'Yarinacocha', 1855, 1, N'12345623', N'TELLO', N'', 1, 3)
INSERT [dbo].[item_campana] ([item_campana_id], [apellido_materno], [apellido_paterno], [correlativo], [correlativo_base], [detalle], [direccion], [distrito_id], [enviable], [idc], [nombres], [razon_social], [estado_item_campana_id], [campana_id]) VALUES (93, N'SAAVEDRA', N'SANTOS', 28, 31, N'Bajo Puerta', N'LIMA', 1275, 1, N'12345638', N'LEIDY', N'', 1, 3)
INSERT [dbo].[item_campana] ([item_campana_id], [apellido_materno], [apellido_paterno], [correlativo], [correlativo_base], [detalle], [direccion], [distrito_id], [enviable], [idc], [nombres], [razon_social], [estado_item_campana_id], [campana_id]) VALUES (94, N'RODRIGUEZ', N'SANTOS', 0, 20, NULL, N'Ilabaya', 1828, 0, N'12345627', N'RONALD', N'', NULL, 3)
INSERT [dbo].[item_campana] ([item_campana_id], [apellido_materno], [apellido_paterno], [correlativo], [correlativo_base], [detalle], [direccion], [distrito_id], [enviable], [idc], [nombres], [razon_social], [estado_item_campana_id], [campana_id]) VALUES (95, N'RODRIGUEZ', N'SANTOS', 20, 26, N'Bajo Puerta', N'Choros', 618, 1, N'12345633', N'RONALD', N'', 1, 3)
INSERT [dbo].[item_campana] ([item_campana_id], [apellido_materno], [apellido_paterno], [correlativo], [correlativo_base], [detalle], [direccion], [distrito_id], [enviable], [idc], [nombres], [razon_social], [estado_item_campana_id], [campana_id]) VALUES (96, N'TELLO', N'MEDINA', 10, 18, N'Bajo Puerta', N'Shamboyacu', 1779, 1, N'12345625', N'TELLO', N'', 1, 3)
INSERT [dbo].[item_campana] ([item_campana_id], [apellido_materno], [apellido_paterno], [correlativo], [correlativo_base], [detalle], [direccion], [distrito_id], [enviable], [idc], [nombres], [razon_social], [estado_item_campana_id], [campana_id]) VALUES (97, N'TELLO', N'MEDINA', 31, 12, N'Bajo Puerta', N'El Agustino', 1285, 1, N'12345619', N'TELLO', N'', 1, 3)
INSERT [dbo].[item_campana] ([item_campana_id], [apellido_materno], [apellido_paterno], [correlativo], [correlativo_base], [detalle], [direccion], [distrito_id], [enviable], [idc], [nombres], [razon_social], [estado_item_campana_id], [campana_id]) VALUES (98, N'TELLO', N'MEDINA', 11, 39, N'Bajo Puerta', N'Caspisapa', 1774, 1, N'12345646', N'TELLO', N'', 1, 3)
INSERT [dbo].[item_campana] ([item_campana_id], [apellido_materno], [apellido_paterno], [correlativo], [correlativo_base], [detalle], [direccion], [distrito_id], [enviable], [idc], [nombres], [razon_social], [estado_item_campana_id], [campana_id]) VALUES (99, N'TELLO', N'MEDINA', 5, 37, N'Bajo Puerta', N'Manantay', 1857, 1, N'12345644', N'TELLO', N'', 1, 3)
GO
INSERT [dbo].[item_campana] ([item_campana_id], [apellido_materno], [apellido_paterno], [correlativo], [correlativo_base], [detalle], [direccion], [distrito_id], [enviable], [idc], [nombres], [razon_social], [estado_item_campana_id], [campana_id]) VALUES (100, N'VILLEGAS', N'SANDOVAL', 27, 10, N'Bajo Puerta', N'Lurinn', 1293, 1, N'12345617', N'JUAN', N'', 1, 3)
INSERT [dbo].[item_campana] ([item_campana_id], [apellido_materno], [apellido_paterno], [correlativo], [correlativo_base], [detalle], [direccion], [distrito_id], [enviable], [idc], [nombres], [razon_social], [estado_item_campana_id], [campana_id]) VALUES (101, N'RODRIGUEZ', N'SANTOS', 8, 22, N'Bajo Puerta', N'Locumba', 1827, 1, N'12345629', N'RONALD', N'', 1, 3)
INSERT [dbo].[item_campana] ([item_campana_id], [apellido_materno], [apellido_paterno], [correlativo], [correlativo_base], [detalle], [direccion], [distrito_id], [enviable], [idc], [nombres], [razon_social], [estado_item_campana_id], [campana_id]) VALUES (102, N'CARRASCO', N'ESPINOZA', 35, 14, N'Bajo Puerta', N'Barranco', 1278, 1, N'12345621', N'TELLO', N'', 1, 3)
INSERT [dbo].[item_campana] ([item_campana_id], [apellido_materno], [apellido_paterno], [correlativo], [correlativo_base], [detalle], [direccion], [distrito_id], [enviable], [idc], [nombres], [razon_social], [estado_item_campana_id], [campana_id]) VALUES (103, N'ISIDRO', N'PEREZ', 25, 29, N'Bajo Puerta', N'Puente Piedra', 1299, 1, N'12345636', N'EUGENIA', N'', 1, 3)
INSERT [dbo].[item_campana] ([item_campana_id], [apellido_materno], [apellido_paterno], [correlativo], [correlativo_base], [detalle], [direccion], [distrito_id], [enviable], [idc], [nombres], [razon_social], [estado_item_campana_id], [campana_id]) VALUES (104, N'TELLO', N'MEDINA', 14, 3, N'Bajo Puerta', N'Shatoja', 1749, 1, N'12345610', N'TELLO', N'', 1, 3)
INSERT [dbo].[item_campana] ([item_campana_id], [apellido_materno], [apellido_paterno], [correlativo], [correlativo_base], [detalle], [direccion], [distrito_id], [enviable], [idc], [nombres], [razon_social], [estado_item_campana_id], [campana_id]) VALUES (105, N'TELLO', N'MEDINA', 12, 19, N'Bajo Puerta', N'Caspisapa', 1774, 1, N'12345626', N'TELLO', N'', 1, 3)
INSERT [dbo].[item_campana] ([item_campana_id], [apellido_materno], [apellido_paterno], [correlativo], [correlativo_base], [detalle], [direccion], [distrito_id], [enviable], [idc], [nombres], [razon_social], [estado_item_campana_id], [campana_id]) VALUES (106, N'TELLO', N'MEDINA', 30, 32, N'Bajo Puerta', N'El Agustino', 1285, 1, N'12345639', N'TELLO', N'', 1, 3)
INSERT [dbo].[item_campana] ([item_campana_id], [apellido_materno], [apellido_paterno], [correlativo], [correlativo_base], [detalle], [direccion], [distrito_id], [enviable], [idc], [nombres], [razon_social], [estado_item_campana_id], [campana_id]) VALUES (107, N'VILLEGAS', N'SANDOVAL', 18, 5, N'Bajo Puerta', N'Llipata', 1018, 1, N'12345612', N'JUAN', N'', 1, 3)
INSERT [dbo].[item_campana] ([item_campana_id], [apellido_materno], [apellido_paterno], [correlativo], [correlativo_base], [detalle], [direccion], [distrito_id], [enviable], [idc], [nombres], [razon_social], [estado_item_campana_id], [campana_id]) VALUES (108, N'RODRIGUEZ', N'SANTOS', 7, 2, N'Bajo Puerta', N'Locumba', 1827, 1, N'12345609', N'RONALD', N'', 1, 3)
INSERT [dbo].[item_campana] ([item_campana_id], [apellido_materno], [apellido_paterno], [correlativo], [correlativo_base], [detalle], [direccion], [distrito_id], [enviable], [idc], [nombres], [razon_social], [estado_item_campana_id], [campana_id]) VALUES (109, N'RODRIGUEZ', N'SANTOS', 19, 6, N'Bajo Puerta', N'Choros', 618, 1, N'12345613', N'RONALD', N'', 1, 3)
INSERT [dbo].[item_campana] ([item_campana_id], [apellido_materno], [apellido_paterno], [correlativo], [correlativo_base], [detalle], [direccion], [distrito_id], [enviable], [idc], [nombres], [razon_social], [estado_item_campana_id], [campana_id]) VALUES (110, N'CHAVEZ', N'BALTAZAR', 32, 33, N'Bajo Puerta', N'Chorrillos', 1282, 1, N'12345640', N'CESAR', N'', 1, 3)
INSERT [dbo].[item_campana] ([item_campana_id], [apellido_materno], [apellido_paterno], [correlativo], [correlativo_base], [detalle], [direccion], [distrito_id], [enviable], [idc], [nombres], [razon_social], [estado_item_campana_id], [campana_id]) VALUES (111, N'TELLO', N'MEDINA', 2, 21, N'Bajo Puerta', N'Curimana', 1864, 1, N'12345628', N'TELLO', N'', 1, 3)
INSERT [dbo].[item_campana] ([item_campana_id], [apellido_materno], [apellido_paterno], [correlativo], [correlativo_base], [detalle], [direccion], [distrito_id], [enviable], [idc], [nombres], [razon_social], [estado_item_campana_id], [campana_id]) VALUES (112, N'TELLO', N'MEDINA', 3, 36, N'Bajo Puerta', N'Yarinacocha', 1855, 1, N'12345643', N'TELLO', N'', 1, 3)
INSERT [dbo].[item_campana] ([item_campana_id], [apellido_materno], [apellido_paterno], [correlativo], [correlativo_base], [detalle], [direccion], [distrito_id], [enviable], [idc], [nombres], [razon_social], [estado_item_campana_id], [campana_id]) VALUES (113, N'TELLO', N'MEDINA', 1, 1, N'Bajo Puerta', N'Curimana', 1864, 1, N'12345608', N'TELLO', N'', 1, 3)
INSERT [dbo].[item_campana] ([item_campana_id], [apellido_materno], [apellido_paterno], [correlativo], [correlativo_base], [detalle], [direccion], [distrito_id], [enviable], [idc], [nombres], [razon_social], [estado_item_campana_id], [campana_id]) VALUES (114, N'CARRASCO', N'HEREDIA', 22, 7, N'Bajo Puerta', N'Bagua', 22, 1, N'12345614', N'ORLANDO MARIO', N'', 1, 3)
INSERT [dbo].[item_campana] ([item_campana_id], [apellido_materno], [apellido_paterno], [correlativo], [correlativo_base], [detalle], [direccion], [distrito_id], [enviable], [idc], [nombres], [razon_social], [estado_item_campana_id], [campana_id]) VALUES (115, N'CHAVEZ', N'BALTAZAR', 33, 13, N'Bajo Puerta', N'Chorrillos', 1282, 1, N'12345620', N'CESAR', N'', 1, 3)
INSERT [dbo].[item_campana] ([item_campana_id], [apellido_materno], [apellido_paterno], [correlativo], [correlativo_base], [detalle], [direccion], [distrito_id], [enviable], [idc], [nombres], [razon_social], [estado_item_campana_id], [campana_id]) VALUES (116, N'RODRIGUEZ', N'SANTOS', 9, 40, N'Bajo Puerta', N'Ilabaya', 1828, 1, N'12345645', N'RONALD', N'', 1, 3)
INSERT [dbo].[item_campana] ([item_campana_id], [apellido_materno], [apellido_paterno], [correlativo], [correlativo_base], [detalle], [direccion], [distrito_id], [enviable], [idc], [nombres], [razon_social], [estado_item_campana_id], [campana_id]) VALUES (117, N'TOLEDO', N'CAMPOS', 36, 15, N'Bajo Puerta', N'Ate', 1277, 1, N'12345622', N'CHRISTIAN', N'', 1, 3)
INSERT [dbo].[item_campana] ([item_campana_id], [apellido_materno], [apellido_paterno], [correlativo], [correlativo_base], [detalle], [direccion], [distrito_id], [enviable], [idc], [nombres], [razon_social], [estado_item_campana_id], [campana_id]) VALUES (118, N'CARRASCO', N'HEREDIA', 21, 27, N'Bajo Puerta', N'Bagua', 22, 1, N'12345634', N'ORLANDO MARIO', N'', 1, 3)
INSERT [dbo].[item_campana] ([item_campana_id], [apellido_materno], [apellido_paterno], [correlativo], [correlativo_base], [detalle], [direccion], [distrito_id], [enviable], [idc], [nombres], [razon_social], [estado_item_campana_id], [campana_id]) VALUES (119, N'NAVA', N'FIGUEROA', 23, 28, N'Bajo Puerta', N'Rímac', 1302, 1, N'12345635', N'MELISSA', N'', 1, 3)
INSERT [dbo].[item_campana] ([item_campana_id], [apellido_materno], [apellido_paterno], [correlativo], [correlativo_base], [detalle], [direccion], [distrito_id], [enviable], [idc], [nombres], [razon_social], [estado_item_campana_id], [campana_id]) VALUES (120, N'VILLEGAS', N'SANDOVAL', 17, 25, N'Bajo Puerta', N'Llipata', 1018, 1, N'12345632', N'JUAN', N'', 1, 3)
INSERT [dbo].[item_campana] ([item_campana_id], [apellido_materno], [apellido_paterno], [correlativo], [correlativo_base], [detalle], [direccion], [distrito_id], [enviable], [idc], [nombres], [razon_social], [estado_item_campana_id], [campana_id]) VALUES (121, N'TELLO', N'MEDINA', 0, 16, NULL, N'Yarinacocha', 1855, 1, N'12345623', N'TELLO', N'', NULL, 4)
INSERT [dbo].[item_campana] ([item_campana_id], [apellido_materno], [apellido_paterno], [correlativo], [correlativo_base], [detalle], [direccion], [distrito_id], [enviable], [idc], [nombres], [razon_social], [estado_item_campana_id], [campana_id]) VALUES (122, N'ISIDRO', N'PEREZ', 0, 9, NULL, N'Puente Piedra', 1299, 0, N'12345616', N'EUGENIA', N'', NULL, 4)
INSERT [dbo].[item_campana] ([item_campana_id], [apellido_materno], [apellido_paterno], [correlativo], [correlativo_base], [detalle], [direccion], [distrito_id], [enviable], [idc], [nombres], [razon_social], [estado_item_campana_id], [campana_id]) VALUES (123, N'TELLO', N'MEDINA', 0, 18, NULL, N'Shamboyacu', 1779, 1, N'12345625', N'TELLO', N'', NULL, 4)
INSERT [dbo].[item_campana] ([item_campana_id], [apellido_materno], [apellido_paterno], [correlativo], [correlativo_base], [detalle], [direccion], [distrito_id], [enviable], [idc], [nombres], [razon_social], [estado_item_campana_id], [campana_id]) VALUES (124, N'TELLO', N'MEDINA', 0, 1, NULL, N'Curimana', 1864, 1, N'12345608', N'TELLO', N'', NULL, 4)
INSERT [dbo].[item_campana] ([item_campana_id], [apellido_materno], [apellido_paterno], [correlativo], [correlativo_base], [detalle], [direccion], [distrito_id], [enviable], [idc], [nombres], [razon_social], [estado_item_campana_id], [campana_id]) VALUES (125, N'VILLEGAS', N'SANDOVAL', 0, 10, NULL, N'Lurin', 1293, 1, N'12345617', N'JUAN', N'', NULL, 4)
INSERT [dbo].[item_campana] ([item_campana_id], [apellido_materno], [apellido_paterno], [correlativo], [correlativo_base], [detalle], [direccion], [distrito_id], [enviable], [idc], [nombres], [razon_social], [estado_item_campana_id], [campana_id]) VALUES (126, N'ISIDRO', N'PEREZ', 0, 29, NULL, N'Puente Piedra', 1299, 1, N'12345636', N'EUGENIA', N'', NULL, 4)
INSERT [dbo].[item_campana] ([item_campana_id], [apellido_materno], [apellido_paterno], [correlativo], [correlativo_base], [detalle], [direccion], [distrito_id], [enviable], [idc], [nombres], [razon_social], [estado_item_campana_id], [campana_id]) VALUES (127, N'TOLEDO', N'CAMPOS', 0, 15, NULL, N'Atee', 1277, 1, N'12345622', N'CHRISTIAN', N'', NULL, 4)
INSERT [dbo].[item_campana] ([item_campana_id], [apellido_materno], [apellido_paterno], [correlativo], [correlativo_base], [detalle], [direccion], [distrito_id], [enviable], [idc], [nombres], [razon_social], [estado_item_campana_id], [campana_id]) VALUES (128, N'RODRIGUEZ', N'SANTOS', 0, 6, NULL, N'Choros', 618, 1, N'12345613', N'RONALD', N'', NULL, 4)
INSERT [dbo].[item_campana] ([item_campana_id], [apellido_materno], [apellido_paterno], [correlativo], [correlativo_base], [detalle], [direccion], [distrito_id], [enviable], [idc], [nombres], [razon_social], [estado_item_campana_id], [campana_id]) VALUES (129, N'TELLO', N'MEDINA', 0, 3, NULL, N'Shatoja', 1749, 1, N'12345610', N'TELLO', N'', NULL, 4)
INSERT [dbo].[item_campana] ([item_campana_id], [apellido_materno], [apellido_paterno], [correlativo], [correlativo_base], [detalle], [direccion], [distrito_id], [enviable], [idc], [nombres], [razon_social], [estado_item_campana_id], [campana_id]) VALUES (130, N'TOLEDO', N'CAMPOS', 0, 24, NULL, N'El Algarrobal', 1528, 1, N'12345631', N'CHRISTIAN', N'', NULL, 4)
INSERT [dbo].[item_campana] ([item_campana_id], [apellido_materno], [apellido_paterno], [correlativo], [correlativo_base], [detalle], [direccion], [distrito_id], [enviable], [idc], [nombres], [razon_social], [estado_item_campana_id], [campana_id]) VALUES (131, N'VILLEGAS', N'SANDOVAL', 0, 25, NULL, N'Llipata', 1018, 1, N'12345632', N'JUAN', N'', NULL, 4)
INSERT [dbo].[item_campana] ([item_campana_id], [apellido_materno], [apellido_paterno], [correlativo], [correlativo_base], [detalle], [direccion], [distrito_id], [enviable], [idc], [nombres], [razon_social], [estado_item_campana_id], [campana_id]) VALUES (132, N'CARRASCO', N'HEREDIA', 0, 27, NULL, N'Bagua', 22, 1, N'12345634', N'ORLANDO MARIO', N'', NULL, 4)
INSERT [dbo].[item_campana] ([item_campana_id], [apellido_materno], [apellido_paterno], [correlativo], [correlativo_base], [detalle], [direccion], [distrito_id], [enviable], [idc], [nombres], [razon_social], [estado_item_campana_id], [campana_id]) VALUES (133, N'VILLEGAS', N'SANDOVAL', 0, 30, NULL, N'Lurin', 1293, 1, N'12345637', N'JUAN', N'', NULL, 4)
INSERT [dbo].[item_campana] ([item_campana_id], [apellido_materno], [apellido_paterno], [correlativo], [correlativo_base], [detalle], [direccion], [distrito_id], [enviable], [idc], [nombres], [razon_social], [estado_item_campana_id], [campana_id]) VALUES (134, N'TELLO', N'MEDINA', 0, 38, NULL, N'Shamboyacu', 1779, 1, N'12345645', N'TELLO', N'', NULL, 4)
INSERT [dbo].[item_campana] ([item_campana_id], [apellido_materno], [apellido_paterno], [correlativo], [correlativo_base], [detalle], [direccion], [distrito_id], [enviable], [idc], [nombres], [razon_social], [estado_item_campana_id], [campana_id]) VALUES (135, N'RODRIGUEZ', N'SANTOS', 0, 40, NULL, N'Ilabayaa', 1828, 1, N'12345645', N'RONALD', N'', NULL, 4)
INSERT [dbo].[item_campana] ([item_campana_id], [apellido_materno], [apellido_paterno], [correlativo], [correlativo_base], [detalle], [direccion], [distrito_id], [enviable], [idc], [nombres], [razon_social], [estado_item_campana_id], [campana_id]) VALUES (136, N'TOLEDO', N'CAMPOS', 0, 4, NULL, N'El Algarrobal', 1528, 0, N'12345611', N'CHRISTIAN', N'', NULL, 4)
INSERT [dbo].[item_campana] ([item_campana_id], [apellido_materno], [apellido_paterno], [correlativo], [correlativo_base], [detalle], [direccion], [distrito_id], [enviable], [idc], [nombres], [razon_social], [estado_item_campana_id], [campana_id]) VALUES (137, N'RODRIGUEZ', N'SANTOS', 0, 26, NULL, N'Choros', 618, 1, N'12345633', N'RONALD', N'', NULL, 4)
INSERT [dbo].[item_campana] ([item_campana_id], [apellido_materno], [apellido_paterno], [correlativo], [correlativo_base], [detalle], [direccion], [distrito_id], [enviable], [idc], [nombres], [razon_social], [estado_item_campana_id], [campana_id]) VALUES (138, N'NAVA', N'FIGUEROA', 0, 28, NULL, N'Rímacc', 1302, 1, N'12345635', N'MELISSA', N'', NULL, 4)
INSERT [dbo].[item_campana] ([item_campana_id], [apellido_materno], [apellido_paterno], [correlativo], [correlativo_base], [detalle], [direccion], [distrito_id], [enviable], [idc], [nombres], [razon_social], [estado_item_campana_id], [campana_id]) VALUES (139, N'RODRIGUEZ', N'SANTOS', 0, 2, NULL, N'Locumba', 1827, 0, N'12345609', N'RONALD', N'', NULL, 4)
INSERT [dbo].[item_campana] ([item_campana_id], [apellido_materno], [apellido_paterno], [correlativo], [correlativo_base], [detalle], [direccion], [distrito_id], [enviable], [idc], [nombres], [razon_social], [estado_item_campana_id], [campana_id]) VALUES (140, N'TELLO', N'MEDINA', 0, 17, NULL, N'Manantay', 1857, 1, N'12345624', N'TELLO', N'', NULL, 4)
INSERT [dbo].[item_campana] ([item_campana_id], [apellido_materno], [apellido_paterno], [correlativo], [correlativo_base], [detalle], [direccion], [distrito_id], [enviable], [idc], [nombres], [razon_social], [estado_item_campana_id], [campana_id]) VALUES (141, N'CHAVEZ', N'BALTAZAR', 0, 33, NULL, N'Chorrillos', 1282, 1, N'12345640', N'CESAR', N'', NULL, 4)
INSERT [dbo].[item_campana] ([item_campana_id], [apellido_materno], [apellido_paterno], [correlativo], [correlativo_base], [detalle], [direccion], [distrito_id], [enviable], [idc], [nombres], [razon_social], [estado_item_campana_id], [campana_id]) VALUES (142, N'TELLO', N'MEDINA', 0, 21, NULL, N'Curimana', 1864, 1, N'12345628', N'TELLO', N'', NULL, 4)
INSERT [dbo].[item_campana] ([item_campana_id], [apellido_materno], [apellido_paterno], [correlativo], [correlativo_base], [detalle], [direccion], [distrito_id], [enviable], [idc], [nombres], [razon_social], [estado_item_campana_id], [campana_id]) VALUES (143, N'TELLO', N'MEDINA', 0, 36, NULL, N'Yarinacocha', 1855, 1, N'12345643', N'TELLO', N'', NULL, 4)
INSERT [dbo].[item_campana] ([item_campana_id], [apellido_materno], [apellido_paterno], [correlativo], [correlativo_base], [detalle], [direccion], [distrito_id], [enviable], [idc], [nombres], [razon_social], [estado_item_campana_id], [campana_id]) VALUES (144, N'TELLO', N'MEDINA', 0, 37, NULL, N'Manantay', 1857, 0, N'12345644', N'TELLO', N'', NULL, 4)
INSERT [dbo].[item_campana] ([item_campana_id], [apellido_materno], [apellido_paterno], [correlativo], [correlativo_base], [detalle], [direccion], [distrito_id], [enviable], [idc], [nombres], [razon_social], [estado_item_campana_id], [campana_id]) VALUES (145, N'TELLO', N'MEDINA', 0, 32, NULL, N'El Agustino', 1285, 0, N'12345639', N'TELLO', N'', NULL, 4)
INSERT [dbo].[item_campana] ([item_campana_id], [apellido_materno], [apellido_paterno], [correlativo], [correlativo_base], [detalle], [direccion], [distrito_id], [enviable], [idc], [nombres], [razon_social], [estado_item_campana_id], [campana_id]) VALUES (146, N'SAAVEDRA', N'SANTOS', 0, 11, NULL, N'LIMA', 1275, 1, N'12345618', N'LEIDY', N'', NULL, 4)
INSERT [dbo].[item_campana] ([item_campana_id], [apellido_materno], [apellido_paterno], [correlativo], [correlativo_base], [detalle], [direccion], [distrito_id], [enviable], [idc], [nombres], [razon_social], [estado_item_campana_id], [campana_id]) VALUES (147, N'TELLO', N'MEDINA', 0, 39, NULL, N'Caspisapa', 1774, 1, N'12345646', N'TELLO', N'', NULL, 4)
INSERT [dbo].[item_campana] ([item_campana_id], [apellido_materno], [apellido_paterno], [correlativo], [correlativo_base], [detalle], [direccion], [distrito_id], [enviable], [idc], [nombres], [razon_social], [estado_item_campana_id], [campana_id]) VALUES (148, N'RODRIGUEZ', N'SANTOS', 0, 22, NULL, N'Locumba', 1827, 1, N'12345629', N'RONALD', N'', NULL, 4)
INSERT [dbo].[item_campana] ([item_campana_id], [apellido_materno], [apellido_paterno], [correlativo], [correlativo_base], [detalle], [direccion], [distrito_id], [enviable], [idc], [nombres], [razon_social], [estado_item_campana_id], [campana_id]) VALUES (149, N'TELLO', N'MEDINA', 0, 23, NULL, N'Shatoja', 1749, 0, N'12345630', N'TELLO', N'', NULL, 4)
INSERT [dbo].[item_campana] ([item_campana_id], [apellido_materno], [apellido_paterno], [correlativo], [correlativo_base], [detalle], [direccion], [distrito_id], [enviable], [idc], [nombres], [razon_social], [estado_item_campana_id], [campana_id]) VALUES (150, N'SAAVEDRA', N'SANTOS', 0, 31, NULL, N'LIMA', 1275, 1, N'12345638', N'LEIDY', N'', NULL, 4)
INSERT [dbo].[item_campana] ([item_campana_id], [apellido_materno], [apellido_paterno], [correlativo], [correlativo_base], [detalle], [direccion], [distrito_id], [enviable], [idc], [nombres], [razon_social], [estado_item_campana_id], [campana_id]) VALUES (151, N'TELLO', N'MEDINA', 0, 19, NULL, N'Caspisapa', 1774, 1, N'12345626', N'TELLO', N'', NULL, 4)
INSERT [dbo].[item_campana] ([item_campana_id], [apellido_materno], [apellido_paterno], [correlativo], [correlativo_base], [detalle], [direccion], [distrito_id], [enviable], [idc], [nombres], [razon_social], [estado_item_campana_id], [campana_id]) VALUES (152, N'VILLEGAS', N'SANDOVAL', 0, 5, NULL, N'Llipata', 1018, 1, N'12345612', N'JUAN', N'', NULL, 4)
INSERT [dbo].[item_campana] ([item_campana_id], [apellido_materno], [apellido_paterno], [correlativo], [correlativo_base], [detalle], [direccion], [distrito_id], [enviable], [idc], [nombres], [razon_social], [estado_item_campana_id], [campana_id]) VALUES (153, N'CHAVEZ', N'BALTAZAR', 0, 13, NULL, N'Chorrillos', 1282, 1, N'12345620', N'CESAR', N'', NULL, 4)
INSERT [dbo].[item_campana] ([item_campana_id], [apellido_materno], [apellido_paterno], [correlativo], [correlativo_base], [detalle], [direccion], [distrito_id], [enviable], [idc], [nombres], [razon_social], [estado_item_campana_id], [campana_id]) VALUES (154, N'CARRASCO', N'ESPINOZA', 0, 14, NULL, N'Barranco', 1278, 1, N'12345621', N'TELLO', N'', NULL, 4)
INSERT [dbo].[item_campana] ([item_campana_id], [apellido_materno], [apellido_paterno], [correlativo], [correlativo_base], [detalle], [direccion], [distrito_id], [enviable], [idc], [nombres], [razon_social], [estado_item_campana_id], [campana_id]) VALUES (155, N'RODRIGUEZ', N'SANTOS', 0, 20, NULL, N'Ilabaya', 1828, 0, N'12345627', N'RONALD', N'', NULL, 4)
INSERT [dbo].[item_campana] ([item_campana_id], [apellido_materno], [apellido_paterno], [correlativo], [correlativo_base], [detalle], [direccion], [distrito_id], [enviable], [idc], [nombres], [razon_social], [estado_item_campana_id], [campana_id]) VALUES (156, N'TELLO', N'MEDINA', 0, 12, NULL, N'El Agustino', 1285, 1, N'12345619', N'TELLO', N'', NULL, 4)
INSERT [dbo].[item_campana] ([item_campana_id], [apellido_materno], [apellido_paterno], [correlativo], [correlativo_base], [detalle], [direccion], [distrito_id], [enviable], [idc], [nombres], [razon_social], [estado_item_campana_id], [campana_id]) VALUES (157, N'TOLEDO', N'CAMPOS', 0, 35, NULL, N'Ate', 1277, 1, N'12345642', N'CHRISTIAN', N'', NULL, 4)
INSERT [dbo].[item_campana] ([item_campana_id], [apellido_materno], [apellido_paterno], [correlativo], [correlativo_base], [detalle], [direccion], [distrito_id], [enviable], [idc], [nombres], [razon_social], [estado_item_campana_id], [campana_id]) VALUES (158, N'CARRASCO', N'HEREDIA', 0, 7, NULL, N'Bagua', 22, 1, N'12345614', N'ORLANDO MARIO', N'', NULL, 4)
INSERT [dbo].[item_campana] ([item_campana_id], [apellido_materno], [apellido_paterno], [correlativo], [correlativo_base], [detalle], [direccion], [distrito_id], [enviable], [idc], [nombres], [razon_social], [estado_item_campana_id], [campana_id]) VALUES (159, N'NAVA', N'FIGUEROA', 0, 8, NULL, N'Rímac', 1302, 1, N'12345615', N'MELISSA', N'', NULL, 4)
INSERT [dbo].[item_campana] ([item_campana_id], [apellido_materno], [apellido_paterno], [correlativo], [correlativo_base], [detalle], [direccion], [distrito_id], [enviable], [idc], [nombres], [razon_social], [estado_item_campana_id], [campana_id]) VALUES (160, N'CARRASCO', N'ESPINOZA', 0, 34, NULL, N'Barranco', 1278, 0, N'12345641', N'TELLO', N'', NULL, 4)
INSERT [dbo].[item_campana] ([item_campana_id], [apellido_materno], [apellido_paterno], [correlativo], [correlativo_base], [detalle], [direccion], [distrito_id], [enviable], [idc], [nombres], [razon_social], [estado_item_campana_id], [campana_id]) VALUES (161, N'TELLO', N'MEDINA', 5, 37, N'Bajo Puerta', N'Manantay', 1857, 1, N'12345644', N'TELLO', N'', 1, 5)
INSERT [dbo].[item_campana] ([item_campana_id], [apellido_materno], [apellido_paterno], [correlativo], [correlativo_base], [detalle], [direccion], [distrito_id], [enviable], [idc], [nombres], [razon_social], [estado_item_campana_id], [campana_id]) VALUES (162, N'CHAVEZ', N'BALTAZAR', 28, 13, N'', N'Chorrillos', 1282, 1, N'12345620', N'CESAR', N'', 4, 5)
INSERT [dbo].[item_campana] ([item_campana_id], [apellido_materno], [apellido_paterno], [correlativo], [correlativo_base], [detalle], [direccion], [distrito_id], [enviable], [idc], [nombres], [razon_social], [estado_item_campana_id], [campana_id]) VALUES (163, N'TELLO', N'MEDINA', 0, 39, NULL, N'Caspisapa', 1774, 0, N'12345646', N'TELLO', N'', NULL, 5)
INSERT [dbo].[item_campana] ([item_campana_id], [apellido_materno], [apellido_paterno], [correlativo], [correlativo_base], [detalle], [direccion], [distrito_id], [enviable], [idc], [nombres], [razon_social], [estado_item_campana_id], [campana_id]) VALUES (164, N'TELLO', N'MEDINA', 4, 17, N'Bajo Puerta', N'Manantay', 1857, 1, N'12345624', N'TELLO', N'', 1, 5)
INSERT [dbo].[item_campana] ([item_campana_id], [apellido_materno], [apellido_paterno], [correlativo], [correlativo_base], [detalle], [direccion], [distrito_id], [enviable], [idc], [nombres], [razon_social], [estado_item_campana_id], [campana_id]) VALUES (165, N'TELLO', N'MEDINA', 0, 19, NULL, N'Caspisapa', 1774, 0, N'12345626', N'TELLO', N'', NULL, 5)
INSERT [dbo].[item_campana] ([item_campana_id], [apellido_materno], [apellido_paterno], [correlativo], [correlativo_base], [detalle], [direccion], [distrito_id], [enviable], [idc], [nombres], [razon_social], [estado_item_campana_id], [campana_id]) VALUES (166, N'TELLO', N'MEDINA', 2, 1, N'Bajo Puerta', N'Curimana', 1864, 1, N'12345608', N'TELLO', N'', 1, 5)
INSERT [dbo].[item_campana] ([item_campana_id], [apellido_materno], [apellido_paterno], [correlativo], [correlativo_base], [detalle], [direccion], [distrito_id], [enviable], [idc], [nombres], [razon_social], [estado_item_campana_id], [campana_id]) VALUES (167, N'CARRASCO', N'HEREDIA', 0, 7, NULL, N'Baguaa', 22, 0, N'12345614', N'ORLANDO MARIO', N'', NULL, 5)
INSERT [dbo].[item_campana] ([item_campana_id], [apellido_materno], [apellido_paterno], [correlativo], [correlativo_base], [detalle], [direccion], [distrito_id], [enviable], [idc], [nombres], [razon_social], [estado_item_campana_id], [campana_id]) VALUES (168, N'SAAVEDRA', N'SANTOS', 0, 11, NULL, N'LIMA', 1275, 0, N'12345618', N'LEIDY', N'', NULL, 5)
INSERT [dbo].[item_campana] ([item_campana_id], [apellido_materno], [apellido_paterno], [correlativo], [correlativo_base], [detalle], [direccion], [distrito_id], [enviable], [idc], [nombres], [razon_social], [estado_item_campana_id], [campana_id]) VALUES (169, N'TELLO', N'MEDINA', 27, 32, N'', N'El Agustino', 1285, 1, N'12345639', N'TELLO', N'', 4, 5)
INSERT [dbo].[item_campana] ([item_campana_id], [apellido_materno], [apellido_paterno], [correlativo], [correlativo_base], [detalle], [direccion], [distrito_id], [enviable], [idc], [nombres], [razon_social], [estado_item_campana_id], [campana_id]) VALUES (170, N'TOLEDO', N'CAMPOS', 32, 15, N'', N'Ate', 1277, 1, N'12345622', N'CHRISTIAN', N'', 3, 5)
INSERT [dbo].[item_campana] ([item_campana_id], [apellido_materno], [apellido_paterno], [correlativo], [correlativo_base], [detalle], [direccion], [distrito_id], [enviable], [idc], [nombres], [razon_social], [estado_item_campana_id], [campana_id]) VALUES (171, N'NAVA', N'FIGUEROA', 20, 8, N'No vive en la direccion', N'Rímac', 1302, 1, N'12345615', N'MELISSA', N'', 2, 5)
INSERT [dbo].[item_campana] ([item_campana_id], [apellido_materno], [apellido_paterno], [correlativo], [correlativo_base], [detalle], [direccion], [distrito_id], [enviable], [idc], [nombres], [razon_social], [estado_item_campana_id], [campana_id]) VALUES (172, N'RODRIGUEZ', N'SANTOS', 8, 40, N'Bajo Puerta', N'Ilabaya', 1828, 1, N'12345645', N'RONALD', N'', 1, 5)
INSERT [dbo].[item_campana] ([item_campana_id], [apellido_materno], [apellido_paterno], [correlativo], [correlativo_base], [detalle], [direccion], [distrito_id], [enviable], [idc], [nombres], [razon_social], [estado_item_campana_id], [campana_id]) VALUES (173, N'VILLEGAS', N'SANDOVAL', 24, 30, N'', N'Lurin', 1293, 1, N'12345637', N'JUAN', N'', 4, 5)
INSERT [dbo].[item_campana] ([item_campana_id], [apellido_materno], [apellido_paterno], [correlativo], [correlativo_base], [detalle], [direccion], [distrito_id], [enviable], [idc], [nombres], [razon_social], [estado_item_campana_id], [campana_id]) VALUES (174, N'TELLO', N'MEDINA', 13, 23, N'Bajo Puerta', N'Shatoja', 1749, 1, N'12345630', N'TELLO', N'', 1, 5)
INSERT [dbo].[item_campana] ([item_campana_id], [apellido_materno], [apellido_paterno], [correlativo], [correlativo_base], [detalle], [direccion], [distrito_id], [enviable], [idc], [nombres], [razon_social], [estado_item_campana_id], [campana_id]) VALUES (175, N'CARRASCO', N'ESPINOZA', 0, 14, NULL, N'Barrancoo', 1278, 0, N'12345621', N'TELLO', N'', NULL, 5)
INSERT [dbo].[item_campana] ([item_campana_id], [apellido_materno], [apellido_paterno], [correlativo], [correlativo_base], [detalle], [direccion], [distrito_id], [enviable], [idc], [nombres], [razon_social], [estado_item_campana_id], [campana_id]) VALUES (176, N'TOLEDO', N'CAMPOS', 14, 4, N'No vive en la direccion', N'El Algarrobal', 1528, 1, N'12345611', N'CHRISTIAN', N'', 2, 5)
INSERT [dbo].[item_campana] ([item_campana_id], [apellido_materno], [apellido_paterno], [correlativo], [correlativo_base], [detalle], [direccion], [distrito_id], [enviable], [idc], [nombres], [razon_social], [estado_item_campana_id], [campana_id]) VALUES (177, N'TOLEDO', N'CAMPOS', 31, 35, N'', N'Ate', 1277, 1, N'12345642', N'CHRISTIAN', N'', 3, 5)
INSERT [dbo].[item_campana] ([item_campana_id], [apellido_materno], [apellido_paterno], [correlativo], [correlativo_base], [detalle], [direccion], [distrito_id], [enviable], [idc], [nombres], [razon_social], [estado_item_campana_id], [campana_id]) VALUES (178, N'RODRIGUEZ', N'SANTOS', 9, 20, N'Bajo Puerta', N'Ilabaya', 1828, 1, N'12345627', N'RONALD', N'', 1, 5)
INSERT [dbo].[item_campana] ([item_campana_id], [apellido_materno], [apellido_paterno], [correlativo], [correlativo_base], [detalle], [direccion], [distrito_id], [enviable], [idc], [nombres], [razon_social], [estado_item_campana_id], [campana_id]) VALUES (179, N'CHAVEZ', N'BALTAZAR', 29, 33, N'', N'Chorrillos', 1282, 1, N'12345640', N'CESAR', N'', 4, 5)
INSERT [dbo].[item_campana] ([item_campana_id], [apellido_materno], [apellido_paterno], [correlativo], [correlativo_base], [detalle], [direccion], [distrito_id], [enviable], [idc], [nombres], [razon_social], [estado_item_campana_id], [campana_id]) VALUES (180, N'ISIDRO', N'PEREZ', 23, 9, N'No vive en la direccion', N'Puente Piedra', 1299, 1, N'12345616', N'EUGENIA', N'', 2, 5)
INSERT [dbo].[item_campana] ([item_campana_id], [apellido_materno], [apellido_paterno], [correlativo], [correlativo_base], [detalle], [direccion], [distrito_id], [enviable], [idc], [nombres], [razon_social], [estado_item_campana_id], [campana_id]) VALUES (181, N'TELLO', N'MEDINA', 0, 36, NULL, N'Yarinacocha', 1855, 0, N'12345643', N'TELLO', N'', NULL, 5)
INSERT [dbo].[item_campana] ([item_campana_id], [apellido_materno], [apellido_paterno], [correlativo], [correlativo_base], [detalle], [direccion], [distrito_id], [enviable], [idc], [nombres], [razon_social], [estado_item_campana_id], [campana_id]) VALUES (182, N'TELLO', N'MEDINA', 12, 3, N'Bajo Puerta', N'Shatoja', 1749, 1, N'12345610', N'TELLO', N'', 1, 5)
INSERT [dbo].[item_campana] ([item_campana_id], [apellido_materno], [apellido_paterno], [correlativo], [correlativo_base], [detalle], [direccion], [distrito_id], [enviable], [idc], [nombres], [razon_social], [estado_item_campana_id], [campana_id]) VALUES (183, N'RODRIGUEZ', N'SANTOS', 18, 26, N'No vive en la direccion', N'Choros', 618, 1, N'12345633', N'RONALD', N'', 2, 5)
INSERT [dbo].[item_campana] ([item_campana_id], [apellido_materno], [apellido_paterno], [correlativo], [correlativo_base], [detalle], [direccion], [distrito_id], [enviable], [idc], [nombres], [razon_social], [estado_item_campana_id], [campana_id]) VALUES (184, N'VILLEGAS', N'SANDOVAL', 16, 25, N'No vive en la direccion', N'Llipata', 1018, 1, N'12345632', N'JUAN', N'', 2, 5)
INSERT [dbo].[item_campana] ([item_campana_id], [apellido_materno], [apellido_paterno], [correlativo], [correlativo_base], [detalle], [direccion], [distrito_id], [enviable], [idc], [nombres], [razon_social], [estado_item_campana_id], [campana_id]) VALUES (185, N'CARRASCO', N'ESPINOZA', 30, 34, N'', N'Barranco', 1278, 1, N'12345641', N'TELLO', N'', 3, 5)
INSERT [dbo].[item_campana] ([item_campana_id], [apellido_materno], [apellido_paterno], [correlativo], [correlativo_base], [detalle], [direccion], [distrito_id], [enviable], [idc], [nombres], [razon_social], [estado_item_campana_id], [campana_id]) VALUES (186, N'TELLO', N'MEDINA', 1, 21, N'Bajo Puerta', N'Curimana', 1864, 1, N'12345628', N'TELLO', N'', 1, 5)
INSERT [dbo].[item_campana] ([item_campana_id], [apellido_materno], [apellido_paterno], [correlativo], [correlativo_base], [detalle], [direccion], [distrito_id], [enviable], [idc], [nombres], [razon_social], [estado_item_campana_id], [campana_id]) VALUES (187, N'NAVA', N'FIGUEROA', 21, 28, N'No vive en la direccion', N'Rímac', 1302, 1, N'12345635', N'MELISSA', N'', 2, 5)
INSERT [dbo].[item_campana] ([item_campana_id], [apellido_materno], [apellido_paterno], [correlativo], [correlativo_base], [detalle], [direccion], [distrito_id], [enviable], [idc], [nombres], [razon_social], [estado_item_campana_id], [campana_id]) VALUES (188, N'ISIDRO', N'PEREZ', 22, 29, N'No vive en la direccion', N'Puente Piedra', 1299, 1, N'12345636', N'EUGENIA', N'', 2, 5)
INSERT [dbo].[item_campana] ([item_campana_id], [apellido_materno], [apellido_paterno], [correlativo], [correlativo_base], [detalle], [direccion], [distrito_id], [enviable], [idc], [nombres], [razon_social], [estado_item_campana_id], [campana_id]) VALUES (189, N'TELLO', N'MEDINA', 3, 16, N'Bajo Puerta', N'Yarinacocha', 1855, 1, N'12345623', N'TELLO', N'', 1, 5)
INSERT [dbo].[item_campana] ([item_campana_id], [apellido_materno], [apellido_paterno], [correlativo], [correlativo_base], [detalle], [direccion], [distrito_id], [enviable], [idc], [nombres], [razon_social], [estado_item_campana_id], [campana_id]) VALUES (190, N'TELLO', N'MEDINA', 26, 12, N'', N'El Agustino', 1285, 1, N'12345619', N'TELLO', N'', 4, 5)
INSERT [dbo].[item_campana] ([item_campana_id], [apellido_materno], [apellido_paterno], [correlativo], [correlativo_base], [detalle], [direccion], [distrito_id], [enviable], [idc], [nombres], [razon_social], [estado_item_campana_id], [campana_id]) VALUES (191, N'TELLO', N'MEDINA', 10, 18, N'Bajo Puerta', N'Shamboyacu', 1779, 1, N'12345625', N'TELLO', N'', 1, 5)
INSERT [dbo].[item_campana] ([item_campana_id], [apellido_materno], [apellido_paterno], [correlativo], [correlativo_base], [detalle], [direccion], [distrito_id], [enviable], [idc], [nombres], [razon_social], [estado_item_campana_id], [campana_id]) VALUES (192, N'CARRASCO', N'HEREDIA', 19, 27, N'No vive en la direccion', N'Bagua', 22, 1, N'12345634', N'ORLANDO MARIO', N'', 2, 5)
INSERT [dbo].[item_campana] ([item_campana_id], [apellido_materno], [apellido_paterno], [correlativo], [correlativo_base], [detalle], [direccion], [distrito_id], [enviable], [idc], [nombres], [razon_social], [estado_item_campana_id], [campana_id]) VALUES (193, N'TOLEDO', N'CAMPOS', 0, 24, NULL, N'El Algarrobal', 1528, 0, N'12345631', N'CHRISTIAN', N'', NULL, 5)
INSERT [dbo].[item_campana] ([item_campana_id], [apellido_materno], [apellido_paterno], [correlativo], [correlativo_base], [detalle], [direccion], [distrito_id], [enviable], [idc], [nombres], [razon_social], [estado_item_campana_id], [campana_id]) VALUES (194, N'RODRIGUEZ', N'SANTOS', 6, 22, N'Bajo Puerta', N'Locumba', 1827, 1, N'12345629', N'RONALD', N'', 1, 5)
INSERT [dbo].[item_campana] ([item_campana_id], [apellido_materno], [apellido_paterno], [correlativo], [correlativo_base], [detalle], [direccion], [distrito_id], [enviable], [idc], [nombres], [razon_social], [estado_item_campana_id], [campana_id]) VALUES (195, N'SAAVEDRA', N'SANTOS', 0, 31, NULL, N'LIMA', 1275, 0, N'12345638', N'LEIDY', N'', NULL, 5)
INSERT [dbo].[item_campana] ([item_campana_id], [apellido_materno], [apellido_paterno], [correlativo], [correlativo_base], [detalle], [direccion], [distrito_id], [enviable], [idc], [nombres], [razon_social], [estado_item_campana_id], [campana_id]) VALUES (196, N'RODRIGUEZ', N'SANTOS', 17, 6, N'No vive en la direccion', N'Choros', 618, 1, N'12345613', N'RONALD', N'', 2, 5)
INSERT [dbo].[item_campana] ([item_campana_id], [apellido_materno], [apellido_paterno], [correlativo], [correlativo_base], [detalle], [direccion], [distrito_id], [enviable], [idc], [nombres], [razon_social], [estado_item_campana_id], [campana_id]) VALUES (197, N'VILLEGAS', N'SANDOVAL', 25, 10, N'', N'Lurin', 1293, 1, N'12345617', N'JUAN', N'', 4, 5)
INSERT [dbo].[item_campana] ([item_campana_id], [apellido_materno], [apellido_paterno], [correlativo], [correlativo_base], [detalle], [direccion], [distrito_id], [enviable], [idc], [nombres], [razon_social], [estado_item_campana_id], [campana_id]) VALUES (198, N'TELLO', N'MEDINA', 11, 38, N'Bajo Puerta', N'Shamboyacu', 1779, 1, N'12345645', N'TELLO', N'', 1, 5)
INSERT [dbo].[item_campana] ([item_campana_id], [apellido_materno], [apellido_paterno], [correlativo], [correlativo_base], [detalle], [direccion], [distrito_id], [enviable], [idc], [nombres], [razon_social], [estado_item_campana_id], [campana_id]) VALUES (199, N'RODRIGUEZ', N'SANTOS', 7, 2, N'Bajo Puerta', N'Locumbaa', 1827, 1, N'12345609', N'RONALD', N'', 1, 5)
GO
INSERT [dbo].[item_campana] ([item_campana_id], [apellido_materno], [apellido_paterno], [correlativo], [correlativo_base], [detalle], [direccion], [distrito_id], [enviable], [idc], [nombres], [razon_social], [estado_item_campana_id], [campana_id]) VALUES (200, N'VILLEGAS', N'SANDOVAL', 15, 5, N'No vive en la direccion', N'Llipata', 1018, 1, N'12345612', N'JUAN', N'', 2, 5)
INSERT [dbo].[item_campana] ([item_campana_id], [apellido_materno], [apellido_paterno], [correlativo], [correlativo_base], [detalle], [direccion], [distrito_id], [enviable], [idc], [nombres], [razon_social], [estado_item_campana_id], [campana_id]) VALUES (201, N'TELLO', N'MEDINA', 0, 21, NULL, N'Curimana', 1864, 1, N'12345628', N'TELLO', N'', NULL, 6)
INSERT [dbo].[item_campana] ([item_campana_id], [apellido_materno], [apellido_paterno], [correlativo], [correlativo_base], [detalle], [direccion], [distrito_id], [enviable], [idc], [nombres], [razon_social], [estado_item_campana_id], [campana_id]) VALUES (202, N'ISIDRO', N'PEREZ', 0, 29, NULL, N'Puente Piedra', 1299, 1, N'12345636', N'EUGENIA', N'', NULL, 6)
INSERT [dbo].[item_campana] ([item_campana_id], [apellido_materno], [apellido_paterno], [correlativo], [correlativo_base], [detalle], [direccion], [distrito_id], [enviable], [idc], [nombres], [razon_social], [estado_item_campana_id], [campana_id]) VALUES (203, N'TELLO', N'MEDINA', 0, 32, NULL, N'El Agustino', 1285, 1, N'12345639', N'TELLO', N'', NULL, 6)
INSERT [dbo].[item_campana] ([item_campana_id], [apellido_materno], [apellido_paterno], [correlativo], [correlativo_base], [detalle], [direccion], [distrito_id], [enviable], [idc], [nombres], [razon_social], [estado_item_campana_id], [campana_id]) VALUES (204, N'TELLO', N'MEDINA', 0, 37, NULL, N'Manantay', 1857, 1, N'12345644', N'TELLO', N'', NULL, 6)
INSERT [dbo].[item_campana] ([item_campana_id], [apellido_materno], [apellido_paterno], [correlativo], [correlativo_base], [detalle], [direccion], [distrito_id], [enviable], [idc], [nombres], [razon_social], [estado_item_campana_id], [campana_id]) VALUES (205, N'TELLO', N'MEDINA', 0, 1, NULL, N'Curimana', 1864, 1, N'12345608', N'TELLO', N'', NULL, 6)
INSERT [dbo].[item_campana] ([item_campana_id], [apellido_materno], [apellido_paterno], [correlativo], [correlativo_base], [detalle], [direccion], [distrito_id], [enviable], [idc], [nombres], [razon_social], [estado_item_campana_id], [campana_id]) VALUES (206, N'TELLO', N'MEDINA', 0, 19, NULL, N'Caspisapa', 1774, 1, N'12345626', N'TELLO', N'', NULL, 6)
INSERT [dbo].[item_campana] ([item_campana_id], [apellido_materno], [apellido_paterno], [correlativo], [correlativo_base], [detalle], [direccion], [distrito_id], [enviable], [idc], [nombres], [razon_social], [estado_item_campana_id], [campana_id]) VALUES (207, N'RODRIGUEZ', N'SANTOS', 0, 20, NULL, N'Ilabaya', 1828, 1, N'12345627', N'RONALD', N'', NULL, 6)
INSERT [dbo].[item_campana] ([item_campana_id], [apellido_materno], [apellido_paterno], [correlativo], [correlativo_base], [detalle], [direccion], [distrito_id], [enviable], [idc], [nombres], [razon_social], [estado_item_campana_id], [campana_id]) VALUES (208, N'ISIDRO', N'PEREZ', 0, 9, NULL, N'Puente Piedra', 1299, 1, N'12345616', N'EUGENIA', N'', NULL, 6)
INSERT [dbo].[item_campana] ([item_campana_id], [apellido_materno], [apellido_paterno], [correlativo], [correlativo_base], [detalle], [direccion], [distrito_id], [enviable], [idc], [nombres], [razon_social], [estado_item_campana_id], [campana_id]) VALUES (209, N'TELLO', N'MEDINA', 0, 23, NULL, N'Shatoja', 1749, 1, N'12345630', N'TELLO', N'', NULL, 6)
INSERT [dbo].[item_campana] ([item_campana_id], [apellido_materno], [apellido_paterno], [correlativo], [correlativo_base], [detalle], [direccion], [distrito_id], [enviable], [idc], [nombres], [razon_social], [estado_item_campana_id], [campana_id]) VALUES (210, N'SAAVEDRA', N'SANTOS', 0, 11, NULL, N'LIMA', 1275, 1, N'12345618', N'LEIDY', N'', NULL, 6)
INSERT [dbo].[item_campana] ([item_campana_id], [apellido_materno], [apellido_paterno], [correlativo], [correlativo_base], [detalle], [direccion], [distrito_id], [enviable], [idc], [nombres], [razon_social], [estado_item_campana_id], [campana_id]) VALUES (211, N'VILLEGAS', N'SANDOVAL', 0, 5, NULL, N'Llipataa', 1018, 0, N'12345612', N'JUAN', N'', NULL, 6)
INSERT [dbo].[item_campana] ([item_campana_id], [apellido_materno], [apellido_paterno], [correlativo], [correlativo_base], [detalle], [direccion], [distrito_id], [enviable], [idc], [nombres], [razon_social], [estado_item_campana_id], [campana_id]) VALUES (212, N'SAAVEDRA', N'SANTOS', 0, 31, NULL, N'LIMA', 1275, 0, N'12345638', N'LEIDY', N'', NULL, 6)
INSERT [dbo].[item_campana] ([item_campana_id], [apellido_materno], [apellido_paterno], [correlativo], [correlativo_base], [detalle], [direccion], [distrito_id], [enviable], [idc], [nombres], [razon_social], [estado_item_campana_id], [campana_id]) VALUES (213, N'NAVA', N'FIGUEROA', 0, 8, NULL, N'Rímac', 1302, 1, N'12345615', N'MELISSA', N'', NULL, 6)
INSERT [dbo].[item_campana] ([item_campana_id], [apellido_materno], [apellido_paterno], [correlativo], [correlativo_base], [detalle], [direccion], [distrito_id], [enviable], [idc], [nombres], [razon_social], [estado_item_campana_id], [campana_id]) VALUES (214, N'RODRIGUEZ', N'SANTOS', 0, 40, NULL, N'Ilabaya', 1828, 1, N'12345645', N'RONALD', N'', NULL, 6)
INSERT [dbo].[item_campana] ([item_campana_id], [apellido_materno], [apellido_paterno], [correlativo], [correlativo_base], [detalle], [direccion], [distrito_id], [enviable], [idc], [nombres], [razon_social], [estado_item_campana_id], [campana_id]) VALUES (215, N'TOLEDO', N'CAMPOS', 0, 24, NULL, N'El Algarrobal', 1528, 1, N'12345631', N'CHRISTIAN', N'', NULL, 6)
INSERT [dbo].[item_campana] ([item_campana_id], [apellido_materno], [apellido_paterno], [correlativo], [correlativo_base], [detalle], [direccion], [distrito_id], [enviable], [idc], [nombres], [razon_social], [estado_item_campana_id], [campana_id]) VALUES (216, N'NAVA', N'FIGUEROA', 0, 28, NULL, N'Rímac', 1302, 1, N'12345635', N'MELISSA', N'', NULL, 6)
INSERT [dbo].[item_campana] ([item_campana_id], [apellido_materno], [apellido_paterno], [correlativo], [correlativo_base], [detalle], [direccion], [distrito_id], [enviable], [idc], [nombres], [razon_social], [estado_item_campana_id], [campana_id]) VALUES (217, N'VILLEGAS', N'SANDOVAL', 0, 30, NULL, N'Lurin', 1293, 1, N'12345637', N'JUAN', N'', NULL, 6)
INSERT [dbo].[item_campana] ([item_campana_id], [apellido_materno], [apellido_paterno], [correlativo], [correlativo_base], [detalle], [direccion], [distrito_id], [enviable], [idc], [nombres], [razon_social], [estado_item_campana_id], [campana_id]) VALUES (218, N'TELLO', N'MEDINA', 0, 39, NULL, N'Caspisapa', 1774, 1, N'12345646', N'TELLO', N'', NULL, 6)
INSERT [dbo].[item_campana] ([item_campana_id], [apellido_materno], [apellido_paterno], [correlativo], [correlativo_base], [detalle], [direccion], [distrito_id], [enviable], [idc], [nombres], [razon_social], [estado_item_campana_id], [campana_id]) VALUES (219, N'TELLO', N'MEDINA', 0, 38, NULL, N'Shamboyacu', 1779, 0, N'12345645', N'TELLO', N'', NULL, 6)
INSERT [dbo].[item_campana] ([item_campana_id], [apellido_materno], [apellido_paterno], [correlativo], [correlativo_base], [detalle], [direccion], [distrito_id], [enviable], [idc], [nombres], [razon_social], [estado_item_campana_id], [campana_id]) VALUES (220, N'CARRASCO', N'HEREDIA', 0, 7, NULL, N'Bagua', 22, 1, N'12345614', N'ORLANDO MARIO', N'', NULL, 6)
INSERT [dbo].[item_campana] ([item_campana_id], [apellido_materno], [apellido_paterno], [correlativo], [correlativo_base], [detalle], [direccion], [distrito_id], [enviable], [idc], [nombres], [razon_social], [estado_item_campana_id], [campana_id]) VALUES (221, N'TELLO', N'MEDINA', 0, 3, NULL, N'Shatoja', 1749, 1, N'12345610', N'TELLO', N'', NULL, 6)
INSERT [dbo].[item_campana] ([item_campana_id], [apellido_materno], [apellido_paterno], [correlativo], [correlativo_base], [detalle], [direccion], [distrito_id], [enviable], [idc], [nombres], [razon_social], [estado_item_campana_id], [campana_id]) VALUES (222, N'TOLEDO', N'CAMPOS', 0, 4, NULL, N'El Algarrobal', 1528, 1, N'12345611', N'CHRISTIAN', N'', NULL, 6)
INSERT [dbo].[item_campana] ([item_campana_id], [apellido_materno], [apellido_paterno], [correlativo], [correlativo_base], [detalle], [direccion], [distrito_id], [enviable], [idc], [nombres], [razon_social], [estado_item_campana_id], [campana_id]) VALUES (223, N'RODRIGUEZ', N'SANTOS', 0, 6, NULL, N'Choros', 618, 1, N'12345613', N'RONALD', N'', NULL, 6)
INSERT [dbo].[item_campana] ([item_campana_id], [apellido_materno], [apellido_paterno], [correlativo], [correlativo_base], [detalle], [direccion], [distrito_id], [enviable], [idc], [nombres], [razon_social], [estado_item_campana_id], [campana_id]) VALUES (224, N'VILLEGAS', N'SANDOVAL', 0, 10, NULL, N'Lurin', 1293, 1, N'12345617', N'JUAN', N'', NULL, 6)
INSERT [dbo].[item_campana] ([item_campana_id], [apellido_materno], [apellido_paterno], [correlativo], [correlativo_base], [detalle], [direccion], [distrito_id], [enviable], [idc], [nombres], [razon_social], [estado_item_campana_id], [campana_id]) VALUES (225, N'CARRASCO', N'ESPINOZA', 0, 14, NULL, N'Barranco', 1278, 1, N'12345621', N'TELLO', N'', NULL, 6)
INSERT [dbo].[item_campana] ([item_campana_id], [apellido_materno], [apellido_paterno], [correlativo], [correlativo_base], [detalle], [direccion], [distrito_id], [enviable], [idc], [nombres], [razon_social], [estado_item_campana_id], [campana_id]) VALUES (226, N'CARRASCO', N'HEREDIA', 0, 27, NULL, N'Bagua', 22, 1, N'12345634', N'ORLANDO MARIO', N'', NULL, 6)
INSERT [dbo].[item_campana] ([item_campana_id], [apellido_materno], [apellido_paterno], [correlativo], [correlativo_base], [detalle], [direccion], [distrito_id], [enviable], [idc], [nombres], [razon_social], [estado_item_campana_id], [campana_id]) VALUES (227, N'TOLEDO', N'CAMPOS', 0, 35, NULL, N'Ate', 1277, 1, N'12345642', N'CHRISTIAN', N'', NULL, 6)
INSERT [dbo].[item_campana] ([item_campana_id], [apellido_materno], [apellido_paterno], [correlativo], [correlativo_base], [detalle], [direccion], [distrito_id], [enviable], [idc], [nombres], [razon_social], [estado_item_campana_id], [campana_id]) VALUES (228, N'TELLO', N'MEDINA', 0, 12, NULL, N'El Agustino', 1285, 1, N'12345619', N'TELLO', N'', NULL, 6)
INSERT [dbo].[item_campana] ([item_campana_id], [apellido_materno], [apellido_paterno], [correlativo], [correlativo_base], [detalle], [direccion], [distrito_id], [enviable], [idc], [nombres], [razon_social], [estado_item_campana_id], [campana_id]) VALUES (229, N'CHAVEZ', N'BALTAZAR', 0, 13, NULL, N'Chorrillos', 1282, 1, N'12345620', N'CESAR', N'', NULL, 6)
INSERT [dbo].[item_campana] ([item_campana_id], [apellido_materno], [apellido_paterno], [correlativo], [correlativo_base], [detalle], [direccion], [distrito_id], [enviable], [idc], [nombres], [razon_social], [estado_item_campana_id], [campana_id]) VALUES (230, N'CHAVEZ', N'BALTAZAR', 0, 33, NULL, N'Chorrillos', 1282, 1, N'12345640', N'CESAR', N'', NULL, 6)
INSERT [dbo].[item_campana] ([item_campana_id], [apellido_materno], [apellido_paterno], [correlativo], [correlativo_base], [detalle], [direccion], [distrito_id], [enviable], [idc], [nombres], [razon_social], [estado_item_campana_id], [campana_id]) VALUES (231, N'TELLO', N'MEDINA', 0, 18, NULL, N'Shamboyacu', 1779, 0, N'12345625', N'TELLO', N'', NULL, 6)
INSERT [dbo].[item_campana] ([item_campana_id], [apellido_materno], [apellido_paterno], [correlativo], [correlativo_base], [detalle], [direccion], [distrito_id], [enviable], [idc], [nombres], [razon_social], [estado_item_campana_id], [campana_id]) VALUES (232, N'RODRIGUEZ', N'SANTOS', 0, 2, NULL, N'Locumbaa', 1827, 1, N'12345609', N'RONALD', N'', NULL, 6)
INSERT [dbo].[item_campana] ([item_campana_id], [apellido_materno], [apellido_paterno], [correlativo], [correlativo_base], [detalle], [direccion], [distrito_id], [enviable], [idc], [nombres], [razon_social], [estado_item_campana_id], [campana_id]) VALUES (233, N'RODRIGUEZ', N'SANTOS', 0, 22, NULL, N'Locumbaa', 1827, 1, N'12345629', N'RONALD', N'', NULL, 6)
INSERT [dbo].[item_campana] ([item_campana_id], [apellido_materno], [apellido_paterno], [correlativo], [correlativo_base], [detalle], [direccion], [distrito_id], [enviable], [idc], [nombres], [razon_social], [estado_item_campana_id], [campana_id]) VALUES (234, N'RODRIGUEZ', N'SANTOS', 0, 26, NULL, N'Choros', 618, 1, N'12345633', N'RONALD', N'', NULL, 6)
INSERT [dbo].[item_campana] ([item_campana_id], [apellido_materno], [apellido_paterno], [correlativo], [correlativo_base], [detalle], [direccion], [distrito_id], [enviable], [idc], [nombres], [razon_social], [estado_item_campana_id], [campana_id]) VALUES (235, N'TOLEDO', N'CAMPOS', 0, 15, NULL, N'Ate', 1277, 1, N'12345622', N'CHRISTIAN', N'', NULL, 6)
INSERT [dbo].[item_campana] ([item_campana_id], [apellido_materno], [apellido_paterno], [correlativo], [correlativo_base], [detalle], [direccion], [distrito_id], [enviable], [idc], [nombres], [razon_social], [estado_item_campana_id], [campana_id]) VALUES (236, N'VILLEGAS', N'SANDOVAL', 0, 25, NULL, N'Llipata', 1018, 1, N'12345632', N'JUAN', N'', NULL, 6)
INSERT [dbo].[item_campana] ([item_campana_id], [apellido_materno], [apellido_paterno], [correlativo], [correlativo_base], [detalle], [direccion], [distrito_id], [enviable], [idc], [nombres], [razon_social], [estado_item_campana_id], [campana_id]) VALUES (237, N'TELLO', N'MEDINA', 0, 16, NULL, N'Yarinacocha', 1855, 1, N'12345623', N'TELLO', N'', NULL, 6)
INSERT [dbo].[item_campana] ([item_campana_id], [apellido_materno], [apellido_paterno], [correlativo], [correlativo_base], [detalle], [direccion], [distrito_id], [enviable], [idc], [nombres], [razon_social], [estado_item_campana_id], [campana_id]) VALUES (238, N'TELLO', N'MEDINA', 0, 36, NULL, N'Yarinacocha', 1855, 1, N'12345643', N'TELLO', N'', NULL, 6)
INSERT [dbo].[item_campana] ([item_campana_id], [apellido_materno], [apellido_paterno], [correlativo], [correlativo_base], [detalle], [direccion], [distrito_id], [enviable], [idc], [nombres], [razon_social], [estado_item_campana_id], [campana_id]) VALUES (239, N'CARRASCO', N'ESPINOZA', 0, 34, NULL, N'Barranco', 1278, 1, N'12345641', N'TELLO', N'', NULL, 6)
INSERT [dbo].[item_campana] ([item_campana_id], [apellido_materno], [apellido_paterno], [correlativo], [correlativo_base], [detalle], [direccion], [distrito_id], [enviable], [idc], [nombres], [razon_social], [estado_item_campana_id], [campana_id]) VALUES (240, N'TELLO', N'MEDINA', 0, 17, NULL, N'Manantay', 1857, 1, N'12345624', N'TELLO', N'', NULL, 6)
SET IDENTITY_INSERT [dbo].[item_campana] OFF
SET IDENTITY_INSERT [dbo].[estado_campana] ON 

INSERT [dbo].[estado_campana] ([estado_campana_id], [nombre]) VALUES (1, N'CREADO')
INSERT [dbo].[estado_campana] ([estado_campana_id], [nombre]) VALUES (2, N'ASIGNADA')
INSERT [dbo].[estado_campana] ([estado_campana_id], [nombre]) VALUES (3, N'GEOREFERENCIADA')
INSERT [dbo].[estado_campana] ([estado_campana_id], [nombre]) VALUES (4, N'GEOREFERENCIADA Y MODIFICADA')
INSERT [dbo].[estado_campana] ([estado_campana_id], [nombre]) VALUES (5, N'GEOREFERENCIADA Y CONFIRMADA')
INSERT [dbo].[estado_campana] ([estado_campana_id], [nombre]) VALUES (6, N'COTIZADA')
INSERT [dbo].[estado_campana] ([estado_campana_id], [nombre]) VALUES (7, N'CONFORMIDAD ADJUNTADA')
INSERT [dbo].[estado_campana] ([estado_campana_id], [nombre]) VALUES (8, N'CONFORMIDAD ACEPTADA')
INSERT [dbo].[estado_campana] ([estado_campana_id], [nombre]) VALUES (9, N'CONFORMIDAD DENEGADA')
INSERT [dbo].[estado_campana] ([estado_campana_id], [nombre]) VALUES (10, N'MUESTRA SOLICITADA')
INSERT [dbo].[estado_campana] ([estado_campana_id], [nombre]) VALUES (11, N'MUESTRA ADJUNTADA')
INSERT [dbo].[estado_campana] ([estado_campana_id], [nombre]) VALUES (12, N'MUESTRA ACEPTADA')
INSERT [dbo].[estado_campana] ([estado_campana_id], [nombre]) VALUES (13, N'MUESTRA DENEGADA')
INSERT [dbo].[estado_campana] ([estado_campana_id], [nombre]) VALUES (14, N'IMPRESION INICIADA')
INSERT [dbo].[estado_campana] ([estado_campana_id], [nombre]) VALUES (15, N'CAMPAÑA POR RECOGER')
INSERT [dbo].[estado_campana] ([estado_campana_id], [nombre]) VALUES (16, N'GUIA ADJUNTADA')
INSERT [dbo].[estado_campana] ([estado_campana_id], [nombre]) VALUES (17, N'GUIA VERIFICADA')
INSERT [dbo].[estado_campana] ([estado_campana_id], [nombre]) VALUES (18, N'GUIA DENEGADA')
INSERT [dbo].[estado_campana] ([estado_campana_id], [nombre]) VALUES (19, N'DISTRIBUICION INICIADA')
INSERT [dbo].[estado_campana] ([estado_campana_id], [nombre]) VALUES (20, N'REPORTE ADJUNTADO')
SET IDENTITY_INSERT [dbo].[estado_campana] OFF
SET IDENTITY_INSERT [dbo].[seguimiento_campana] ON 

INSERT [dbo].[seguimiento_campana] ([seguimiento_campana_id], [fecha], [matricula], [observacion], [usuario_id], [campana_id], [estado_campana_id]) VALUES (1, CAST(N'2019-02-08T12:25:01.3060000' AS DateTime2), N'OHEREDIA', N'', 1, 1, 1)
INSERT [dbo].[seguimiento_campana] ([seguimiento_campana_id], [fecha], [matricula], [observacion], [usuario_id], [campana_id], [estado_campana_id]) VALUES (2, CAST(N'2019-02-08T12:25:19.0390000' AS DateTime2), N'OHEREDIA', N'Proveedor: URBANO. Costo: S/ 1600.0', 1, 1, 2)
INSERT [dbo].[seguimiento_campana] ([seguimiento_campana_id], [fecha], [matricula], [observacion], [usuario_id], [campana_id], [estado_campana_id]) VALUES (3, CAST(N'2019-02-08T12:26:11.0030000' AS DateTime2), N'OHEREDIA', NULL, 1, 1, 3)
INSERT [dbo].[seguimiento_campana] ([seguimiento_campana_id], [fecha], [matricula], [observacion], [usuario_id], [campana_id], [estado_campana_id]) VALUES (4, CAST(N'2019-02-08T12:26:17.8850000' AS DateTime2), N'OHEREDIA', NULL, 1, 1, 5)
INSERT [dbo].[seguimiento_campana] ([seguimiento_campana_id], [fecha], [matricula], [observacion], [usuario_id], [campana_id], [estado_campana_id]) VALUES (5, CAST(N'2019-02-08T12:26:28.1550000' AS DateTime2), N'OHEREDIA', N'. Costo: S/ 1400.0', 1, 1, 6)
INSERT [dbo].[seguimiento_campana] ([seguimiento_campana_id], [fecha], [matricula], [observacion], [usuario_id], [campana_id], [estado_campana_id]) VALUES (6, CAST(N'2019-02-08T12:26:58.6720000' AS DateTime2), N'OHEREDIA', NULL, 1, 1, 7)
INSERT [dbo].[seguimiento_campana] ([seguimiento_campana_id], [fecha], [matricula], [observacion], [usuario_id], [campana_id], [estado_campana_id]) VALUES (7, CAST(N'2019-02-08T12:27:11.4090000' AS DateTime2), N'OHEREDIA', NULL, 1, 1, 8)
INSERT [dbo].[seguimiento_campana] ([seguimiento_campana_id], [fecha], [matricula], [observacion], [usuario_id], [campana_id], [estado_campana_id]) VALUES (8, CAST(N'2019-02-08T12:27:37.0670000' AS DateTime2), N'OHEREDIA', NULL, 1, 1, 10)
INSERT [dbo].[seguimiento_campana] ([seguimiento_campana_id], [fecha], [matricula], [observacion], [usuario_id], [campana_id], [estado_campana_id]) VALUES (9, CAST(N'2019-02-08T12:27:53.2640000' AS DateTime2), N'OHEREDIA', NULL, 1, 1, 11)
INSERT [dbo].[seguimiento_campana] ([seguimiento_campana_id], [fecha], [matricula], [observacion], [usuario_id], [campana_id], [estado_campana_id]) VALUES (10, CAST(N'2019-02-08T12:28:02.9050000' AS DateTime2), N'OHEREDIA', NULL, 1, 1, 12)
INSERT [dbo].[seguimiento_campana] ([seguimiento_campana_id], [fecha], [matricula], [observacion], [usuario_id], [campana_id], [estado_campana_id]) VALUES (11, CAST(N'2019-02-08T12:28:17.0880000' AS DateTime2), N'OHEREDIA', NULL, 1, 1, 14)
INSERT [dbo].[seguimiento_campana] ([seguimiento_campana_id], [fecha], [matricula], [observacion], [usuario_id], [campana_id], [estado_campana_id]) VALUES (12, CAST(N'2019-02-08T12:28:31.8540000' AS DateTime2), N'OHEREDIA', NULL, 1, 1, 15)
INSERT [dbo].[seguimiento_campana] ([seguimiento_campana_id], [fecha], [matricula], [observacion], [usuario_id], [campana_id], [estado_campana_id]) VALUES (13, CAST(N'2019-02-08T12:28:47.8620000' AS DateTime2), N'OHEREDIA', NULL, 1, 1, 16)
INSERT [dbo].[seguimiento_campana] ([seguimiento_campana_id], [fecha], [matricula], [observacion], [usuario_id], [campana_id], [estado_campana_id]) VALUES (14, CAST(N'2019-02-08T12:29:07.8570000' AS DateTime2), N'OHEREDIA', NULL, 1, 1, 17)
INSERT [dbo].[seguimiento_campana] ([seguimiento_campana_id], [fecha], [matricula], [observacion], [usuario_id], [campana_id], [estado_campana_id]) VALUES (15, CAST(N'2019-02-08T12:29:35.0190000' AS DateTime2), N'OHEREDIA', NULL, 1, 1, 19)
INSERT [dbo].[seguimiento_campana] ([seguimiento_campana_id], [fecha], [matricula], [observacion], [usuario_id], [campana_id], [estado_campana_id]) VALUES (16, CAST(N'2019-02-08T12:30:37.1570000' AS DateTime2), N'OHEREDIA', NULL, 1, 1, 20)
INSERT [dbo].[seguimiento_campana] ([seguimiento_campana_id], [fecha], [matricula], [observacion], [usuario_id], [campana_id], [estado_campana_id]) VALUES (17, CAST(N'2019-02-08T12:41:37.0610000' AS DateTime2), N'OHEREDIA', N'', 1, 2, 1)
INSERT [dbo].[seguimiento_campana] ([seguimiento_campana_id], [fecha], [matricula], [observacion], [usuario_id], [campana_id], [estado_campana_id]) VALUES (18, CAST(N'2019-02-08T12:42:03.9710000' AS DateTime2), N'OHEREDIA', N'Proveedor: URBANO. Costo: S/ 1500.0', 1, 2, 2)
INSERT [dbo].[seguimiento_campana] ([seguimiento_campana_id], [fecha], [matricula], [observacion], [usuario_id], [campana_id], [estado_campana_id]) VALUES (19, CAST(N'2019-02-08T12:42:44.8080000' AS DateTime2), N'OHEREDIA', NULL, 1, 2, 3)
INSERT [dbo].[seguimiento_campana] ([seguimiento_campana_id], [fecha], [matricula], [observacion], [usuario_id], [campana_id], [estado_campana_id]) VALUES (20, CAST(N'2019-02-08T13:58:48.6940000' AS DateTime2), N'OHEREDIA', N'', 1, 3, 1)
INSERT [dbo].[seguimiento_campana] ([seguimiento_campana_id], [fecha], [matricula], [observacion], [usuario_id], [campana_id], [estado_campana_id]) VALUES (21, CAST(N'2019-02-08T13:59:09.8090000' AS DateTime2), N'OHEREDIA', N'Proveedor: DOCFLOW. Costo: S/ 1600.0', 1, 3, 2)
INSERT [dbo].[seguimiento_campana] ([seguimiento_campana_id], [fecha], [matricula], [observacion], [usuario_id], [campana_id], [estado_campana_id]) VALUES (22, CAST(N'2019-02-08T14:00:05.4130000' AS DateTime2), N'OHEREDIA', NULL, 1, 3, 3)
INSERT [dbo].[seguimiento_campana] ([seguimiento_campana_id], [fecha], [matricula], [observacion], [usuario_id], [campana_id], [estado_campana_id]) VALUES (23, CAST(N'2019-02-08T14:01:44.1950000' AS DateTime2), N'OHEREDIA', NULL, 1, 3, 4)
INSERT [dbo].[seguimiento_campana] ([seguimiento_campana_id], [fecha], [matricula], [observacion], [usuario_id], [campana_id], [estado_campana_id]) VALUES (24, CAST(N'2019-02-08T14:02:26.6240000' AS DateTime2), N'OHEREDIA', NULL, 1, 3, 3)
INSERT [dbo].[seguimiento_campana] ([seguimiento_campana_id], [fecha], [matricula], [observacion], [usuario_id], [campana_id], [estado_campana_id]) VALUES (25, CAST(N'2019-02-08T14:02:55.3780000' AS DateTime2), N'OHEREDIA', NULL, 1, 3, 5)
INSERT [dbo].[seguimiento_campana] ([seguimiento_campana_id], [fecha], [matricula], [observacion], [usuario_id], [campana_id], [estado_campana_id]) VALUES (26, CAST(N'2019-02-08T14:05:39.6670000' AS DateTime2), N'OHEREDIA', N'. Costo: S/ 1500.0', 1, 3, 6)
INSERT [dbo].[seguimiento_campana] ([seguimiento_campana_id], [fecha], [matricula], [observacion], [usuario_id], [campana_id], [estado_campana_id]) VALUES (27, CAST(N'2019-02-08T14:06:13.2210000' AS DateTime2), N'OHEREDIA', NULL, 1, 3, 7)
INSERT [dbo].[seguimiento_campana] ([seguimiento_campana_id], [fecha], [matricula], [observacion], [usuario_id], [campana_id], [estado_campana_id]) VALUES (28, CAST(N'2019-02-08T14:06:35.9870000' AS DateTime2), N'OHEREDIA', NULL, 1, 3, 8)
INSERT [dbo].[seguimiento_campana] ([seguimiento_campana_id], [fecha], [matricula], [observacion], [usuario_id], [campana_id], [estado_campana_id]) VALUES (29, CAST(N'2019-02-08T14:07:21.9050000' AS DateTime2), N'OHEREDIA', NULL, 1, 3, 10)
INSERT [dbo].[seguimiento_campana] ([seguimiento_campana_id], [fecha], [matricula], [observacion], [usuario_id], [campana_id], [estado_campana_id]) VALUES (30, CAST(N'2019-02-08T14:07:41.4180000' AS DateTime2), N'OHEREDIA', NULL, 1, 3, 11)
INSERT [dbo].[seguimiento_campana] ([seguimiento_campana_id], [fecha], [matricula], [observacion], [usuario_id], [campana_id], [estado_campana_id]) VALUES (31, CAST(N'2019-02-08T14:07:53.8310000' AS DateTime2), N'OHEREDIA', NULL, 1, 3, 12)
INSERT [dbo].[seguimiento_campana] ([seguimiento_campana_id], [fecha], [matricula], [observacion], [usuario_id], [campana_id], [estado_campana_id]) VALUES (32, CAST(N'2019-02-08T14:08:01.2980000' AS DateTime2), N'OHEREDIA', NULL, 1, 3, 14)
INSERT [dbo].[seguimiento_campana] ([seguimiento_campana_id], [fecha], [matricula], [observacion], [usuario_id], [campana_id], [estado_campana_id]) VALUES (33, CAST(N'2019-02-08T14:08:27.4340000' AS DateTime2), N'OHEREDIA', NULL, 1, 3, 15)
INSERT [dbo].[seguimiento_campana] ([seguimiento_campana_id], [fecha], [matricula], [observacion], [usuario_id], [campana_id], [estado_campana_id]) VALUES (34, CAST(N'2019-02-08T14:08:40.4120000' AS DateTime2), N'OHEREDIA', NULL, 1, 3, 16)
INSERT [dbo].[seguimiento_campana] ([seguimiento_campana_id], [fecha], [matricula], [observacion], [usuario_id], [campana_id], [estado_campana_id]) VALUES (35, CAST(N'2019-02-08T14:13:11.4510000' AS DateTime2), N'OHEREDIA', NULL, 1, 3, 17)
INSERT [dbo].[seguimiento_campana] ([seguimiento_campana_id], [fecha], [matricula], [observacion], [usuario_id], [campana_id], [estado_campana_id]) VALUES (36, CAST(N'2019-02-08T14:13:40.4760000' AS DateTime2), N'OHEREDIA', NULL, 1, 3, 19)
INSERT [dbo].[seguimiento_campana] ([seguimiento_campana_id], [fecha], [matricula], [observacion], [usuario_id], [campana_id], [estado_campana_id]) VALUES (37, CAST(N'2019-02-08T14:14:59.8490000' AS DateTime2), N'OHEREDIA', NULL, 1, 3, 20)
INSERT [dbo].[seguimiento_campana] ([seguimiento_campana_id], [fecha], [matricula], [observacion], [usuario_id], [campana_id], [estado_campana_id]) VALUES (38, CAST(N'2019-02-08T15:59:50.1640000' AS DateTime2), N'OHEREDIA', N'', 1, 4, 1)
INSERT [dbo].[seguimiento_campana] ([seguimiento_campana_id], [fecha], [matricula], [observacion], [usuario_id], [campana_id], [estado_campana_id]) VALUES (39, CAST(N'2019-02-08T16:00:05.9300000' AS DateTime2), N'OHEREDIA', N'Proveedor: URBANO. Costo: S/ 1500.0', 1, 4, 2)
INSERT [dbo].[seguimiento_campana] ([seguimiento_campana_id], [fecha], [matricula], [observacion], [usuario_id], [campana_id], [estado_campana_id]) VALUES (40, CAST(N'2019-02-08T16:02:02.8910000' AS DateTime2), N'OHEREDIA', NULL, 1, 4, 3)
INSERT [dbo].[seguimiento_campana] ([seguimiento_campana_id], [fecha], [matricula], [observacion], [usuario_id], [campana_id], [estado_campana_id]) VALUES (41, CAST(N'2019-02-08T16:03:00.4390000' AS DateTime2), N'OHEREDIA', NULL, 1, 4, 4)
INSERT [dbo].[seguimiento_campana] ([seguimiento_campana_id], [fecha], [matricula], [observacion], [usuario_id], [campana_id], [estado_campana_id]) VALUES (42, CAST(N'2019-02-08T16:05:17.9980000' AS DateTime2), N'OHEREDIA', N'', 1, 5, 1)
INSERT [dbo].[seguimiento_campana] ([seguimiento_campana_id], [fecha], [matricula], [observacion], [usuario_id], [campana_id], [estado_campana_id]) VALUES (43, CAST(N'2019-02-08T16:05:35.3100000' AS DateTime2), N'OHEREDIA', N'Proveedor: DOCFLOW. Costo: S/ 1700.0', 1, 5, 2)
INSERT [dbo].[seguimiento_campana] ([seguimiento_campana_id], [fecha], [matricula], [observacion], [usuario_id], [campana_id], [estado_campana_id]) VALUES (44, CAST(N'2019-02-08T16:07:18.1140000' AS DateTime2), N'OHEREDIA', NULL, 1, 5, 3)
INSERT [dbo].[seguimiento_campana] ([seguimiento_campana_id], [fecha], [matricula], [observacion], [usuario_id], [campana_id], [estado_campana_id]) VALUES (45, CAST(N'2019-02-08T16:08:12.6750000' AS DateTime2), N'OHEREDIA', NULL, 1, 5, 4)
INSERT [dbo].[seguimiento_campana] ([seguimiento_campana_id], [fecha], [matricula], [observacion], [usuario_id], [campana_id], [estado_campana_id]) VALUES (46, CAST(N'2019-02-08T16:09:35.6810000' AS DateTime2), N'OHEREDIA', NULL, 1, 4, 3)
INSERT [dbo].[seguimiento_campana] ([seguimiento_campana_id], [fecha], [matricula], [observacion], [usuario_id], [campana_id], [estado_campana_id]) VALUES (47, CAST(N'2019-02-08T16:24:02.5070000' AS DateTime2), N'OHEREDIA', NULL, 1, 5, 3)
INSERT [dbo].[seguimiento_campana] ([seguimiento_campana_id], [fecha], [matricula], [observacion], [usuario_id], [campana_id], [estado_campana_id]) VALUES (48, CAST(N'2019-02-08T16:27:15.6030000' AS DateTime2), N'OHEREDIA', NULL, 1, 5, 5)
INSERT [dbo].[seguimiento_campana] ([seguimiento_campana_id], [fecha], [matricula], [observacion], [usuario_id], [campana_id], [estado_campana_id]) VALUES (49, CAST(N'2019-02-08T16:28:29.6170000' AS DateTime2), N'OHEREDIA', NULL, 1, 4, 5)
INSERT [dbo].[seguimiento_campana] ([seguimiento_campana_id], [fecha], [matricula], [observacion], [usuario_id], [campana_id], [estado_campana_id]) VALUES (50, CAST(N'2019-02-08T16:28:45.3250000' AS DateTime2), N'OHEREDIA', N'. Costo: S/ 1500.0', 1, 5, 6)
INSERT [dbo].[seguimiento_campana] ([seguimiento_campana_id], [fecha], [matricula], [observacion], [usuario_id], [campana_id], [estado_campana_id]) VALUES (51, CAST(N'2019-02-08T16:29:33.2900000' AS DateTime2), N'OHEREDIA', NULL, 1, 5, 7)
INSERT [dbo].[seguimiento_campana] ([seguimiento_campana_id], [fecha], [matricula], [observacion], [usuario_id], [campana_id], [estado_campana_id]) VALUES (52, CAST(N'2019-02-08T16:30:04.0020000' AS DateTime2), N'OHEREDIA', NULL, 1, 5, 8)
INSERT [dbo].[seguimiento_campana] ([seguimiento_campana_id], [fecha], [matricula], [observacion], [usuario_id], [campana_id], [estado_campana_id]) VALUES (53, CAST(N'2019-02-08T16:39:35.7230000' AS DateTime2), N'OHEREDIA', N'', 1, 6, 1)
INSERT [dbo].[seguimiento_campana] ([seguimiento_campana_id], [fecha], [matricula], [observacion], [usuario_id], [campana_id], [estado_campana_id]) VALUES (54, CAST(N'2019-02-08T16:39:53.1480000' AS DateTime2), N'OHEREDIA', N'Proveedor: DOCFLOW. Costo: S/ 1800.0', 1, 6, 2)
INSERT [dbo].[seguimiento_campana] ([seguimiento_campana_id], [fecha], [matricula], [observacion], [usuario_id], [campana_id], [estado_campana_id]) VALUES (55, CAST(N'2019-02-08T16:40:51.0820000' AS DateTime2), N'OHEREDIA', NULL, 1, 6, 3)
INSERT [dbo].[seguimiento_campana] ([seguimiento_campana_id], [fecha], [matricula], [observacion], [usuario_id], [campana_id], [estado_campana_id]) VALUES (56, CAST(N'2019-02-08T16:41:33.0420000' AS DateTime2), N'OHEREDIA', NULL, 1, 6, 4)
INSERT [dbo].[seguimiento_campana] ([seguimiento_campana_id], [fecha], [matricula], [observacion], [usuario_id], [campana_id], [estado_campana_id]) VALUES (57, CAST(N'2019-02-08T16:42:22.3920000' AS DateTime2), N'OHEREDIA', NULL, 1, 6, 3)
INSERT [dbo].[seguimiento_campana] ([seguimiento_campana_id], [fecha], [matricula], [observacion], [usuario_id], [campana_id], [estado_campana_id]) VALUES (58, CAST(N'2019-02-08T16:42:40.9840000' AS DateTime2), N'OHEREDIA', NULL, 1, 6, 5)
INSERT [dbo].[seguimiento_campana] ([seguimiento_campana_id], [fecha], [matricula], [observacion], [usuario_id], [campana_id], [estado_campana_id]) VALUES (59, CAST(N'2019-02-08T16:43:04.2520000' AS DateTime2), N'OHEREDIA', N'. Costo: S/ 1500.0', 1, 6, 6)
INSERT [dbo].[seguimiento_campana] ([seguimiento_campana_id], [fecha], [matricula], [observacion], [usuario_id], [campana_id], [estado_campana_id]) VALUES (60, CAST(N'2019-02-08T16:43:24.6610000' AS DateTime2), N'OHEREDIA', NULL, 1, 6, 7)
INSERT [dbo].[seguimiento_campana] ([seguimiento_campana_id], [fecha], [matricula], [observacion], [usuario_id], [campana_id], [estado_campana_id]) VALUES (61, CAST(N'2019-02-08T16:44:00.2870000' AS DateTime2), N'OHEREDIA', NULL, 1, 5, 10)
INSERT [dbo].[seguimiento_campana] ([seguimiento_campana_id], [fecha], [matricula], [observacion], [usuario_id], [campana_id], [estado_campana_id]) VALUES (62, CAST(N'2019-02-08T16:44:19.0510000' AS DateTime2), N'OHEREDIA', NULL, 1, 5, 11)
INSERT [dbo].[seguimiento_campana] ([seguimiento_campana_id], [fecha], [matricula], [observacion], [usuario_id], [campana_id], [estado_campana_id]) VALUES (63, CAST(N'2019-02-08T16:44:44.9800000' AS DateTime2), N'OHEREDIA', NULL, 1, 5, 12)
INSERT [dbo].[seguimiento_campana] ([seguimiento_campana_id], [fecha], [matricula], [observacion], [usuario_id], [campana_id], [estado_campana_id]) VALUES (64, CAST(N'2019-02-08T16:44:53.4770000' AS DateTime2), N'OHEREDIA', NULL, 1, 5, 14)
INSERT [dbo].[seguimiento_campana] ([seguimiento_campana_id], [fecha], [matricula], [observacion], [usuario_id], [campana_id], [estado_campana_id]) VALUES (65, CAST(N'2019-02-08T16:45:05.4820000' AS DateTime2), N'OHEREDIA', NULL, 1, 5, 15)
INSERT [dbo].[seguimiento_campana] ([seguimiento_campana_id], [fecha], [matricula], [observacion], [usuario_id], [campana_id], [estado_campana_id]) VALUES (66, CAST(N'2019-02-08T16:45:24.7860000' AS DateTime2), N'OHEREDIA', NULL, 1, 5, 16)
INSERT [dbo].[seguimiento_campana] ([seguimiento_campana_id], [fecha], [matricula], [observacion], [usuario_id], [campana_id], [estado_campana_id]) VALUES (67, CAST(N'2019-02-08T16:46:03.1740000' AS DateTime2), N'OHEREDIA', NULL, 1, 5, 17)
INSERT [dbo].[seguimiento_campana] ([seguimiento_campana_id], [fecha], [matricula], [observacion], [usuario_id], [campana_id], [estado_campana_id]) VALUES (68, CAST(N'2019-02-08T16:46:20.0470000' AS DateTime2), N'OHEREDIA', NULL, 1, 5, 19)
INSERT [dbo].[seguimiento_campana] ([seguimiento_campana_id], [fecha], [matricula], [observacion], [usuario_id], [campana_id], [estado_campana_id]) VALUES (69, CAST(N'2019-02-08T16:48:20.9900000' AS DateTime2), N'OHEREDIA', NULL, 1, 5, 20)
SET IDENTITY_INSERT [dbo].[seguimiento_campana] OFF
SET IDENTITY_INSERT [dbo].[tipo_agrupado] ON 

INSERT [dbo].[tipo_agrupado] ([tipo_agrupado_id], [nombre]) VALUES (1, N'POR AGENCIA')
INSERT [dbo].[tipo_agrupado] ([tipo_agrupado_id], [nombre]) VALUES (2, N'POR UNIDAD ORGANIZATIVA')
INSERT [dbo].[tipo_agrupado] ([tipo_agrupado_id], [nombre]) VALUES (3, N'POR SUCURSAL - SEDE')
SET IDENTITY_INSERT [dbo].[tipo_agrupado] OFF
SET IDENTITY_INSERT [dbo].[tipo_entrega] ON 

INSERT [dbo].[tipo_entrega] ([tipo_entrega_id], [nombre]) VALUES (1, N'ENTREGA CON SELLO')
INSERT [dbo].[tipo_entrega] ([tipo_entrega_id], [nombre]) VALUES (2, N'ENTREGADO A TITULAR')
INSERT [dbo].[tipo_entrega] ([tipo_entrega_id], [nombre]) VALUES (3, N'BUZON')
INSERT [dbo].[tipo_entrega] ([tipo_entrega_id], [nombre]) VALUES (4, N'ENTREGA SIN DATOS')
INSERT [dbo].[tipo_entrega] ([tipo_entrega_id], [nombre]) VALUES (5, N'BAJO PUERTA')
INSERT [dbo].[tipo_entrega] ([tipo_entrega_id], [nombre]) VALUES (6, N'ENTREGADO A TERCERO')
SET IDENTITY_INSERT [dbo].[tipo_entrega] OFF
INSERT [dbo].[tipo_entrega_campana] ([campana_id], [tipo_entrega_id]) VALUES (1, 1)
INSERT [dbo].[tipo_entrega_campana] ([campana_id], [tipo_entrega_id]) VALUES (1, 2)
INSERT [dbo].[tipo_entrega_campana] ([campana_id], [tipo_entrega_id]) VALUES (1, 6)
INSERT [dbo].[tipo_entrega_campana] ([campana_id], [tipo_entrega_id]) VALUES (2, 1)
INSERT [dbo].[tipo_entrega_campana] ([campana_id], [tipo_entrega_id]) VALUES (2, 3)
INSERT [dbo].[tipo_entrega_campana] ([campana_id], [tipo_entrega_id]) VALUES (3, 1)
INSERT [dbo].[tipo_entrega_campana] ([campana_id], [tipo_entrega_id]) VALUES (3, 2)
INSERT [dbo].[tipo_entrega_campana] ([campana_id], [tipo_entrega_id]) VALUES (3, 5)
INSERT [dbo].[tipo_entrega_campana] ([campana_id], [tipo_entrega_id]) VALUES (3, 6)
INSERT [dbo].[tipo_entrega_campana] ([campana_id], [tipo_entrega_id]) VALUES (4, 1)
INSERT [dbo].[tipo_entrega_campana] ([campana_id], [tipo_entrega_id]) VALUES (4, 2)
INSERT [dbo].[tipo_entrega_campana] ([campana_id], [tipo_entrega_id]) VALUES (4, 6)
INSERT [dbo].[tipo_entrega_campana] ([campana_id], [tipo_entrega_id]) VALUES (5, 1)
INSERT [dbo].[tipo_entrega_campana] ([campana_id], [tipo_entrega_id]) VALUES (6, 1)
INSERT [dbo].[tipo_entrega_campana] ([campana_id], [tipo_entrega_id]) VALUES (6, 2)
INSERT [dbo].[tipo_entrega_campana] ([campana_id], [tipo_entrega_id]) VALUES (6, 6)
SET IDENTITY_INSERT [dbo].[centro_costos] ON 

INSERT [dbo].[centro_costos] ([centro_costos_id], [centro_costos_codigo], [cuenta_contable_codigo], [grupo_articulo], [orden_estadistica], [porcentaje], [auspiciador_id]) VALUES (1, N'1', N'1', N'1', N'1', 100, 1)
INSERT [dbo].[centro_costos] ([centro_costos_id], [centro_costos_codigo], [cuenta_contable_codigo], [grupo_articulo], [orden_estadistica], [porcentaje], [auspiciador_id]) VALUES (2, N'1', N'1', N'1', N'1', 100, 2)
INSERT [dbo].[centro_costos] ([centro_costos_id], [centro_costos_codigo], [cuenta_contable_codigo], [grupo_articulo], [orden_estadistica], [porcentaje], [auspiciador_id]) VALUES (3, N'1', N'1', N'1', N'1', 100, 3)
INSERT [dbo].[centro_costos] ([centro_costos_id], [centro_costos_codigo], [cuenta_contable_codigo], [grupo_articulo], [orden_estadistica], [porcentaje], [auspiciador_id]) VALUES (4, N'1', N'1', N'1', N'1', 100, 4)
INSERT [dbo].[centro_costos] ([centro_costos_id], [centro_costos_codigo], [cuenta_contable_codigo], [grupo_articulo], [orden_estadistica], [porcentaje], [auspiciador_id]) VALUES (5, N'1', N'1', N'1', N'1', 100, 5)
INSERT [dbo].[centro_costos] ([centro_costos_id], [centro_costos_codigo], [cuenta_contable_codigo], [grupo_articulo], [orden_estadistica], [porcentaje], [auspiciador_id]) VALUES (6, N'1', N'1', N'1', N'1', 100, 6)
SET IDENTITY_INSERT [dbo].[centro_costos] OFF
SET IDENTITY_INSERT [dbo].[region] ON 

INSERT [dbo].[region] ([region_id], [nombre], [plazo]) VALUES (1, N'LIMA', 5)
INSERT [dbo].[region] ([region_id], [nombre], [plazo]) VALUES (2, N'PROVINCIA', 10)
SET IDENTITY_INSERT [dbo].[region] OFF



